<?xml version="1.0" encoding="UTF-8"?>
<osm version="0.6" generator="openstreetmap-cgimap 2.1.0 (927746 spike-07.openstreetmap.org)" copyright="OpenStreetMap and contributors" attribution="http://www.openstreetmap.org/copyright" license="http://opendatacommons.org/licenses/odbl/1-0/">
 <bounds minlat="18.1447100" minlon="74.5691900" maxlat="18.1577600" maxlon="74.5946400"/>
 <node id="30611598" visible="true" version="5" changeset="160957446" timestamp="2025-01-03T16:48:20Z" user="VLD032" uid="7291944" lat="18.1607966" lon="74.5688362"/>
 <node id="245643437" visible="true" version="3" changeset="16225168" timestamp="2013-05-21T14:35:28Z" user="parambyte" uid="715224" lat="18.1455348" lon="74.5941853">
  <tag k="source" v="AND"/>
 </node>
 <node id="1423283112" visible="true" version="8" changeset="134850242" timestamp="2023-04-13T08:18:46Z" user="Gshreya" uid="18935178" lat="18.1537178" lon="74.5782004">
  <tag k="addr:city" v="Baramati"/>
  <tag k="addr:postcode" v="413102"/>
  <tag k="addr:street" v="Bhigwan Road"/>
  <tag k="internet_access" v="no"/>
  <tag k="name" v="Baramati"/>
  <tag k="name:ja" v="バーラーマティー"/>
  <tag k="network" v="IR"/>
  <tag k="operator" v="CR"/>
  <tag k="public_transport" v="station"/>
  <tag k="railway" v="station"/>
  <tag k="ref" v="BRMT"/>
  <tag k="train" v="yes"/>
  <tag k="wikidata" v="Q24948926"/>
  <tag k="wikipedia" v="en:Baramati railway station"/>
 </node>
 <node id="1423283113" visible="true" version="1" changeset="9211173" timestamp="2011-09-04T18:11:46Z" user="PlaneMad" uid="1306" lat="18.1401660" lon="74.5681215"/>
 <node id="1423283114" visible="true" version="2" changeset="27365496" timestamp="2014-12-09T21:00:33Z" user="pyram" uid="497849" lat="18.1408678" lon="74.5746735"/>
 <node id="1423283115" visible="true" version="1" changeset="9211173" timestamp="2011-09-04T18:11:46Z" user="PlaneMad" uid="1306" lat="18.1414109" lon="74.5758877"/>
 <node id="1423283116" visible="true" version="1" changeset="9211173" timestamp="2011-09-04T18:11:46Z" user="PlaneMad" uid="1306" lat="18.1417221" lon="74.5662034"/>
 <node id="1423283117" visible="true" version="2" changeset="27365496" timestamp="2014-12-09T21:00:33Z" user="pyram" uid="497849" lat="18.1420802" lon="74.5697943"/>
 <node id="1423283118" visible="true" version="1" changeset="9211173" timestamp="2011-09-04T18:11:46Z" user="PlaneMad" uid="1306" lat="18.1427446" lon="74.5639110"/>
 <node id="1423283125" visible="true" version="3" changeset="134273747" timestamp="2023-03-29T18:04:17Z" user="PlaneMad" uid="1306" lat="18.1440795" lon="74.5678261"/>
 <node id="1423283127" visible="true" version="1" changeset="9211173" timestamp="2011-09-04T18:11:47Z" user="PlaneMad" uid="1306" lat="18.1446118" lon="74.5761216"/>
 <node id="1423283128" visible="true" version="1" changeset="9211173" timestamp="2011-09-04T18:11:47Z" user="PlaneMad" uid="1306" lat="18.1446504" lon="74.5813405"/>
 <node id="1423283129" visible="true" version="1" changeset="9211173" timestamp="2011-09-04T18:11:47Z" user="PlaneMad" uid="1306" lat="18.1447793" lon="74.5691641"/>
 <node id="1423283130" visible="true" version="2" changeset="134273747" timestamp="2023-03-29T18:04:17Z" user="PlaneMad" uid="1306" lat="18.1449190" lon="74.5687266"/>
 <node id="1423283131" visible="true" version="1" changeset="9211173" timestamp="2011-09-04T18:11:47Z" user="PlaneMad" uid="1306" lat="18.1450120" lon="74.5636303"/>
 <node id="1423283133" visible="true" version="4" changeset="41615629" timestamp="2016-08-22T14:11:14Z" user="yogi_ks" uid="827808" lat="18.1451312" lon="74.5675312">
  <tag k="direction" v="clockwise"/>
  <tag k="junction" v="roundabout"/>
  <tag k="name" v="Chhatrapati Sambhaji Chowk"/>
 </node>
 <node id="1423283134" visible="true" version="1" changeset="9211173" timestamp="2011-09-04T18:11:47Z" user="PlaneMad" uid="1306" lat="18.1450823" lon="74.5681217"/>
 <node id="1423283135" visible="true" version="2" changeset="16225168" timestamp="2013-05-21T14:45:07Z" user="parambyte" uid="715224" lat="18.1453534" lon="74.5713615"/>
 <node id="1423283136" visible="true" version="2" changeset="27683350" timestamp="2014-12-25T04:55:29Z" user="EC95" uid="2410326" lat="18.1453128" lon="74.5818590"/>
 <node id="1423283137" visible="true" version="1" changeset="9211173" timestamp="2011-09-04T18:11:48Z" user="PlaneMad" uid="1306" lat="18.1453232" lon="74.5817824"/>
 <node id="1423283138" visible="true" version="1" changeset="9211173" timestamp="2011-09-04T18:11:48Z" user="PlaneMad" uid="1306" lat="18.1457677" lon="74.5838877"/>
 <node id="1423283139" visible="true" version="6" changeset="134273747" timestamp="2023-03-29T18:04:17Z" user="PlaneMad" uid="1306" lat="18.1457856" lon="74.5728145">
  <tag k="junction" v="yes"/>
  <tag k="name" v="Gunawadi Chowk"/>
 </node>
 <node id="1423283140" visible="true" version="1" changeset="9211173" timestamp="2011-09-04T18:11:48Z" user="PlaneMad" uid="1306" lat="18.1461678" lon="74.5626010"/>
 <node id="1423283141" visible="true" version="3" changeset="134273747" timestamp="2023-03-29T18:04:17Z" user="PlaneMad" uid="1306" lat="18.1462392" lon="74.5742212">
  <tag k="junction" v="yes"/>
  <tag k="name" v="Indapur Chowk"/>
 </node>
 <node id="1423283142" visible="true" version="1" changeset="9211173" timestamp="2011-09-04T18:11:48Z" user="PlaneMad" uid="1306" lat="18.1464058" lon="74.5749367"/>
 <node id="1423283144" visible="true" version="3" changeset="16233720" timestamp="2013-05-22T07:15:31Z" user="parambyte" uid="715224" lat="18.1466215" lon="74.5831206"/>
 <node id="1423283145" visible="true" version="3" changeset="134273747" timestamp="2023-03-29T18:04:17Z" user="PlaneMad" uid="1306" lat="18.1466741" lon="74.5823037"/>
 <node id="1423283146" visible="true" version="1" changeset="9211173" timestamp="2011-09-04T18:11:48Z" user="PlaneMad" uid="1306" lat="18.1476349" lon="74.5625543"/>
 <node id="1423283147" visible="true" version="1" changeset="9211173" timestamp="2011-09-04T18:11:48Z" user="PlaneMad" uid="1306" lat="18.1484351" lon="74.5863672"/>
 <node id="1423283148" visible="true" version="2" changeset="16225168" timestamp="2013-05-21T14:45:07Z" user="parambyte" uid="715224" lat="18.1487624" lon="74.5749004"/>
 <node id="1423283149" visible="true" version="4" changeset="27365496" timestamp="2014-12-09T21:00:33Z" user="pyram" uid="497849" lat="18.1491182" lon="74.5830128"/>
 <node id="1423283150" visible="true" version="3" changeset="40419477" timestamp="2016-07-01T15:02:56Z" user="indigomc" uid="136860" lat="18.1499408" lon="74.5751311"/>
 <node id="1423283151" visible="true" version="1" changeset="9211173" timestamp="2011-09-04T18:11:48Z" user="PlaneMad" uid="1306" lat="18.1500800" lon="74.5628817"/>
 <node id="1423283152" visible="true" version="2" changeset="14811419" timestamp="2013-01-27T17:56:21Z" user="aziz deen" uid="1212531" lat="18.1502203" lon="74.5714034"/>
 <node id="1423283153" visible="true" version="3" changeset="134273747" timestamp="2023-03-29T18:04:17Z" user="PlaneMad" uid="1306" lat="18.1516448" lon="74.5761899"/>
 <node id="1423283154" visible="true" version="2" changeset="27365496" timestamp="2014-12-09T21:00:33Z" user="pyram" uid="497849" lat="18.1507036" lon="74.5877918"/>
 <node id="1423283155" visible="true" version="3" changeset="113387441" timestamp="2021-11-04T21:57:33Z" user="jaimemd" uid="404532" lat="18.1518569" lon="74.5762073">
  <tag k="railway" v="buffer_stop"/>
 </node>
 <node id="1423283156" visible="true" version="2" changeset="27365496" timestamp="2014-12-09T21:00:33Z" user="pyram" uid="497849" lat="18.1518101" lon="74.5760770"/>
 <node id="1423283157" visible="true" version="3" changeset="25078408" timestamp="2014-08-28T17:08:14Z" user="Luis36995" uid="1829683" lat="18.1522150" lon="74.5818683"/>
 <node id="1423283158" visible="true" version="2" changeset="25078408" timestamp="2014-08-28T17:08:14Z" user="Luis36995" uid="1829683" lat="18.1526624" lon="74.5824028"/>
 <node id="1423283160" visible="true" version="2" changeset="134273747" timestamp="2023-03-29T18:04:17Z" user="PlaneMad" uid="1306" lat="18.1527651" lon="74.5781572"/>
 <node id="1423283161" visible="true" version="4" changeset="134273747" timestamp="2023-03-29T18:04:17Z" user="PlaneMad" uid="1306" lat="18.1529155" lon="74.5710674"/>
 <node id="1423283162" visible="true" version="2" changeset="27365496" timestamp="2014-12-09T21:00:34Z" user="pyram" uid="497849" lat="18.1525139" lon="74.5767217"/>
 <node id="1423283163" visible="true" version="1" changeset="9211173" timestamp="2011-09-04T18:11:49Z" user="PlaneMad" uid="1306" lat="18.1529696" lon="74.5630221"/>
 <node id="1423283164" visible="true" version="2" changeset="27365496" timestamp="2014-12-09T21:00:34Z" user="pyram" uid="497849" lat="18.1530890" lon="74.5777505"/>
 <node id="1423283165" visible="true" version="3" changeset="160957446" timestamp="2025-01-03T16:48:20Z" user="VLD032" uid="7291944" lat="18.1533049" lon="74.5686118"/>
 <node id="1423283167" visible="true" version="2" changeset="27365496" timestamp="2014-12-09T21:00:34Z" user="pyram" uid="497849" lat="18.1542310" lon="74.5872337"/>
 <node id="1423283168" visible="true" version="2" changeset="27365496" timestamp="2014-12-09T21:00:34Z" user="pyram" uid="497849" lat="18.1531970" lon="74.5773329"/>
 <node id="1423283169" visible="true" version="2" changeset="134273747" timestamp="2023-03-29T18:04:17Z" user="PlaneMad" uid="1306" lat="18.1543544" lon="74.5800286"/>
 <node id="1423283170" visible="true" version="3" changeset="27365496" timestamp="2014-12-09T21:00:34Z" user="pyram" uid="497849" lat="18.1544376" lon="74.5877478"/>
 <node id="1423283171" visible="true" version="2" changeset="27365496" timestamp="2014-12-09T21:00:34Z" user="pyram" uid="497849" lat="18.1543694" lon="74.5878378"/>
 <node id="1423283172" visible="true" version="2" changeset="27365496" timestamp="2014-12-09T21:00:34Z" user="pyram" uid="497849" lat="18.1544352" lon="74.5784618"/>
 <node id="1423283173" visible="true" version="4" changeset="27365496" timestamp="2014-12-09T21:00:34Z" user="pyram" uid="497849" lat="18.1546949" lon="74.5886816"/>
 <node id="1423283174" visible="true" version="1" changeset="9211173" timestamp="2011-09-04T18:11:50Z" user="PlaneMad" uid="1306" lat="18.1547343" lon="74.5797457"/>
 <node id="1423283175" visible="true" version="2" changeset="27365496" timestamp="2014-12-09T21:00:34Z" user="pyram" uid="497849" lat="18.1549477" lon="74.5789626"/>
 <node id="1423283177" visible="true" version="2" changeset="27365496" timestamp="2014-12-09T21:00:34Z" user="pyram" uid="497849" lat="18.1559718" lon="74.5808334"/>
 <node id="1423283178" visible="true" version="1" changeset="9211173" timestamp="2011-09-04T18:11:50Z" user="PlaneMad" uid="1306" lat="18.1558380" lon="74.5711855"/>
 <node id="1423283179" visible="true" version="3" changeset="113387441" timestamp="2021-11-04T21:57:33Z" user="jaimemd" uid="404532" lat="18.1553481" lon="74.5795411"/>
 <node id="1423283180" visible="true" version="1" changeset="9211173" timestamp="2011-09-04T18:11:50Z" user="PlaneMad" uid="1306" lat="18.1564371" lon="74.5628350"/>
 <node id="1423283181" visible="true" version="2" changeset="27365496" timestamp="2014-12-09T21:00:34Z" user="pyram" uid="497849" lat="18.1566424" lon="74.5898466"/>
 <node id="1423283182" visible="true" version="1" changeset="9211173" timestamp="2011-09-04T18:11:50Z" user="PlaneMad" uid="1306" lat="18.1565081" lon="74.5718601"/>
 <node id="1423283183" visible="true" version="2" changeset="27365496" timestamp="2014-12-09T21:00:34Z" user="pyram" uid="497849" lat="18.1567708" lon="74.5810555"/>
 <node id="1423283184" visible="true" version="3" changeset="113387441" timestamp="2021-11-04T21:57:33Z" user="jaimemd" uid="404532" lat="18.1564660" lon="74.5803475"/>
 <node id="1423283185" visible="true" version="3" changeset="113387441" timestamp="2021-11-04T21:57:33Z" user="jaimemd" uid="404532" lat="18.1568241" lon="74.5807177"/>
 <node id="1423283186" visible="true" version="2" changeset="27365496" timestamp="2014-12-09T21:00:34Z" user="pyram" uid="497849" lat="18.1569343" lon="74.5810118"/>
 <node id="1423283187" visible="true" version="2" changeset="113387441" timestamp="2021-11-04T21:57:33Z" user="jaimemd" uid="404532" lat="18.1569912" lon="74.5806985"/>
 <node id="1423283189" visible="true" version="3" changeset="113387441" timestamp="2021-11-04T21:57:33Z" user="jaimemd" uid="404532" lat="18.1575507" lon="74.5811143"/>
 <node id="1423283191" visible="true" version="1" changeset="9211173" timestamp="2011-09-04T18:11:51Z" user="PlaneMad" uid="1306" lat="18.1577317" lon="74.5714461"/>
 <node id="1423283192" visible="true" version="3" changeset="27365496" timestamp="2014-12-09T21:00:34Z" user="pyram" uid="497849" lat="18.1615304" lon="74.5677968"/>
 <node id="1423283193" visible="true" version="1" changeset="9211173" timestamp="2011-09-04T18:11:51Z" user="PlaneMad" uid="1306" lat="18.1579486" lon="74.5636771"/>
 <node id="1423283194" visible="true" version="3" changeset="27365496" timestamp="2014-12-09T21:00:34Z" user="pyram" uid="497849" lat="18.1649660" lon="74.5673084"/>
 <node id="1423283195" visible="true" version="3" changeset="14808936" timestamp="2013-01-27T15:21:29Z" user="Utkarsh" uid="678312" lat="18.1582171" lon="74.5884794"/>
 <node id="1423283197" visible="true" version="3" changeset="113387441" timestamp="2021-11-04T21:57:33Z" user="jaimemd" uid="404532" lat="18.1579548" lon="74.5812665"/>
 <node id="1423283198" visible="true" version="1" changeset="9211173" timestamp="2011-09-04T18:11:51Z" user="PlaneMad" uid="1306" lat="18.1590599" lon="74.5979228"/>
 <node id="1423283199" visible="true" version="1" changeset="9211173" timestamp="2011-09-04T18:11:51Z" user="PlaneMad" uid="1306" lat="18.1591738" lon="74.5697905"/>
 <node id="1423283200" visible="true" version="4" changeset="14808936" timestamp="2013-01-27T15:21:29Z" user="Utkarsh" uid="678312" lat="18.1592692" lon="74.5857766"/>
 <node id="1423283201" visible="true" version="3" changeset="113387441" timestamp="2021-11-04T21:57:33Z" user="jaimemd" uid="404532" lat="18.1598404" lon="74.5819976"/>
 <node id="1423283202" visible="true" version="3" changeset="113387441" timestamp="2021-11-04T21:57:33Z" user="jaimemd" uid="404532" lat="18.1603912" lon="74.5824565"/>
 <node id="1423283203" visible="true" version="2" changeset="27365496" timestamp="2014-12-09T21:00:34Z" user="pyram" uid="497849" lat="18.1601881" lon="74.5898347"/>
 <node id="1423283204" visible="true" version="3" changeset="113387441" timestamp="2021-11-04T21:57:33Z" user="jaimemd" uid="404532" lat="18.1608639" lon="74.5831345"/>
 <node id="1423283205" visible="true" version="2" changeset="27365496" timestamp="2014-12-09T21:00:34Z" user="pyram" uid="497849" lat="18.1629668" lon="74.5728202"/>
 <node id="1423283206" visible="true" version="2" changeset="27365496" timestamp="2014-12-09T21:00:34Z" user="pyram" uid="497849" lat="18.1611449" lon="74.5958962"/>
 <node id="1423283207" visible="true" version="2" changeset="27365496" timestamp="2014-12-09T21:00:34Z" user="pyram" uid="497849" lat="18.1612939" lon="74.5758657"/>
 <node id="1423283208" visible="true" version="2" changeset="113387441" timestamp="2021-11-04T21:57:33Z" user="jaimemd" uid="404532" lat="18.1623195" lon="74.5857648"/>
 <node id="1423283209" visible="true" version="2" changeset="113387441" timestamp="2021-11-04T21:57:33Z" user="jaimemd" uid="404532" lat="18.1626039" lon="74.5862202"/>
 <node id="1423283210" visible="true" version="2" changeset="27365496" timestamp="2014-12-09T21:00:34Z" user="pyram" uid="497849" lat="18.1622324" lon="74.5779896"/>
 <node id="1423283211" visible="true" version="1" changeset="9211173" timestamp="2011-09-04T18:11:52Z" user="PlaneMad" uid="1306" lat="18.1628384" lon="74.5997474"/>
 <node id="1423283212" visible="true" version="2" changeset="113387441" timestamp="2021-11-04T21:57:33Z" user="jaimemd" uid="404532" lat="18.1630212" lon="74.5867230"/>
 <node id="1423283213" visible="true" version="2" changeset="113387441" timestamp="2021-11-04T21:57:33Z" user="jaimemd" uid="404532" lat="18.1636811" lon="74.5873304"/>
 <node id="1423283214" visible="true" version="1" changeset="9211173" timestamp="2011-09-04T18:11:54Z" user="PlaneMad" uid="1306" lat="18.1655945" lon="74.5793029"/>
 <node id="1423283215" visible="true" version="1" changeset="9211173" timestamp="2011-09-04T18:11:54Z" user="PlaneMad" uid="1306" lat="18.1660835" lon="74.5993731"/>
 <node id="1423283216" visible="true" version="2" changeset="27365496" timestamp="2014-12-09T21:00:34Z" user="pyram" uid="497849" lat="18.1654563" lon="74.5886862"/>
 <node id="1423283217" visible="true" version="2" changeset="27365496" timestamp="2014-12-09T21:00:34Z" user="pyram" uid="497849" lat="18.1666737" lon="74.5868394"/>
 <node id="1423283218" visible="true" version="2" changeset="27365496" timestamp="2014-12-09T21:00:34Z" user="pyram" uid="497849" lat="18.1673246" lon="74.5834964"/>
 <node id="1423283219" visible="true" version="1" changeset="9211173" timestamp="2011-09-04T18:11:54Z" user="PlaneMad" uid="1306" lat="18.1678615" lon="74.5993731"/>
 <node id="1423283221" visible="true" version="1" changeset="9211173" timestamp="2011-09-04T18:11:54Z" user="PlaneMad" uid="1306" lat="18.1697850" lon="74.5912289"/>
 <node id="1423283222" visible="true" version="1" changeset="9211173" timestamp="2011-09-04T18:11:54Z" user="PlaneMad" uid="1306" lat="18.1702619" lon="74.5982503"/>
 <node id="1423283223" visible="true" version="1" changeset="9211173" timestamp="2011-09-04T18:11:54Z" user="PlaneMad" uid="1306" lat="18.1705715" lon="74.5916734"/>
 <node id="1423283224" visible="true" version="1" changeset="9211173" timestamp="2011-09-04T18:11:54Z" user="PlaneMad" uid="1306" lat="18.1712124" lon="74.5918421"/>
 <node id="1423283225" visible="true" version="1" changeset="9211173" timestamp="2011-09-04T18:11:54Z" user="PlaneMad" uid="1306" lat="18.1713287" lon="74.5960983"/>
 <node id="1423283226" visible="true" version="1" changeset="9211173" timestamp="2011-09-04T18:11:54Z" user="PlaneMad" uid="1306" lat="18.1719844" lon="74.5917501"/>
 <node id="1423283227" visible="true" version="1" changeset="9211173" timestamp="2011-09-04T18:11:54Z" user="PlaneMad" uid="1306" lat="18.1727272" lon="74.5915355"/>
 <node id="1423283228" visible="true" version="1" changeset="9211173" timestamp="2011-09-04T18:11:54Z" user="PlaneMad" uid="1306" lat="18.1742857" lon="74.5903397"/>
 <node id="1423283230" visible="true" version="1" changeset="9211173" timestamp="2011-09-04T18:11:54Z" user="PlaneMad" uid="1306" lat="18.1748392" lon="74.5899565"/>
 <node id="1423283231" visible="true" version="2" changeset="134273747" timestamp="2023-03-29T18:04:17Z" user="PlaneMad" uid="1306" lat="18.1753544" lon="74.5897302"/>
 <node id="1423283233" visible="true" version="2" changeset="134273747" timestamp="2023-03-29T18:04:17Z" user="PlaneMad" uid="1306" lat="18.1761775" lon="74.5896471"/>
 <node id="1423283235" visible="true" version="2" changeset="134273747" timestamp="2023-03-29T18:04:17Z" user="PlaneMad" uid="1306" lat="18.1776963" lon="74.5900843"/>
 <node id="1423283237" visible="true" version="2" changeset="134273747" timestamp="2023-03-29T18:04:17Z" user="PlaneMad" uid="1306" lat="18.1785627" lon="74.5902801"/>
 <node id="1423283240" visible="true" version="2" changeset="134273747" timestamp="2023-03-29T18:04:17Z" user="PlaneMad" uid="1306" lat="18.1789934" lon="74.5902961"/>
 <node id="1423283248" visible="true" version="2" changeset="134273747" timestamp="2023-03-29T18:04:17Z" user="PlaneMad" uid="1306" lat="18.1803083" lon="74.5899904"/>
 <node id="1423283252" visible="true" version="2" changeset="134273747" timestamp="2023-03-29T18:04:17Z" user="PlaneMad" uid="1306" lat="18.1812053" lon="74.5899582"/>
 <node id="1423283254" visible="true" version="2" changeset="134273747" timestamp="2023-03-29T18:04:17Z" user="PlaneMad" uid="1306" lat="18.1820667" lon="74.5901942"/>
 <node id="1423283257" visible="true" version="2" changeset="134273747" timestamp="2023-03-29T18:04:17Z" user="PlaneMad" uid="1306" lat="18.1829025" lon="74.5908219"/>
 <node id="1423283258" visible="true" version="2" changeset="134273747" timestamp="2023-03-29T18:04:17Z" user="PlaneMad" uid="1306" lat="18.1832134" lon="74.5912564"/>
 <node id="1423283270" visible="true" version="1" changeset="9211173" timestamp="2011-09-04T18:11:57Z" user="PlaneMad" uid="1306" lat="18.1861998" lon="74.5974376"/>
 <node id="1423283272" visible="true" version="1" changeset="9211173" timestamp="2011-09-04T18:11:57Z" user="PlaneMad" uid="1306" lat="18.1866949" lon="74.5981274"/>
 <node id="1423283275" visible="true" version="1" changeset="9211173" timestamp="2011-09-04T18:11:57Z" user="PlaneMad" uid="1306" lat="18.1873212" lon="74.5987100"/>
 <node id="1423283279" visible="true" version="1" changeset="9211173" timestamp="2011-09-04T18:11:57Z" user="PlaneMad" uid="1306" lat="18.1879475" lon="74.5990012"/>
 <node id="1423283286" visible="true" version="1" changeset="9211173" timestamp="2011-09-04T18:11:57Z" user="PlaneMad" uid="1306" lat="18.1936875" lon="74.6006569"/>
 <node id="1423283289" visible="true" version="1" changeset="9211173" timestamp="2011-09-04T18:11:58Z" user="PlaneMad" uid="1306" lat="18.1944384" lon="74.6008964"/>
 <node id="1423283291" visible="true" version="1" changeset="9211173" timestamp="2011-09-04T18:11:58Z" user="PlaneMad" uid="1306" lat="18.1990578" lon="74.6030043"/>
 <node id="1423283294" visible="true" version="1" changeset="9211173" timestamp="2011-09-04T18:11:58Z" user="PlaneMad" uid="1306" lat="18.1999907" lon="74.6033636"/>
 <node id="1423283296" visible="true" version="1" changeset="9211173" timestamp="2011-09-04T18:11:58Z" user="PlaneMad" uid="1306" lat="18.2009464" lon="74.6035552"/>
 <node id="1423283298" visible="true" version="1" changeset="9211173" timestamp="2011-09-04T18:11:58Z" user="PlaneMad" uid="1306" lat="18.2040662" lon="74.6037351"/>
 <node id="1423283299" visible="true" version="1" changeset="9211173" timestamp="2011-09-04T18:11:58Z" user="PlaneMad" uid="1306" lat="18.2051380" lon="74.6037229"/>
 <node id="1423283302" visible="true" version="1" changeset="9211173" timestamp="2011-09-04T18:11:58Z" user="PlaneMad" uid="1306" lat="18.2060001" lon="74.6035757"/>
 <node id="1423283320" visible="true" version="1" changeset="9211173" timestamp="2011-09-04T18:11:59Z" user="PlaneMad" uid="1306" lat="18.2143764" lon="74.6014295"/>
 <node id="1423283321" visible="true" version="1" changeset="9211173" timestamp="2011-09-04T18:11:59Z" user="PlaneMad" uid="1306" lat="18.2154365" lon="74.6010983"/>
 <node id="1423283337" visible="true" version="2" changeset="134273747" timestamp="2023-03-29T18:04:17Z" user="PlaneMad" uid="1306" lat="18.2204524" lon="74.5986593"/>
 <node id="1423283341" visible="true" version="2" changeset="134273747" timestamp="2023-03-29T18:04:17Z" user="PlaneMad" uid="1306" lat="18.2213339" lon="74.5983052"/>
 <node id="1423283343" visible="true" version="3" changeset="134273747" timestamp="2023-03-29T18:04:17Z" user="PlaneMad" uid="1306" lat="18.2226973" lon="74.5979951">
  <tag k="railway" v="level_crossing"/>
 </node>
 <node id="1423283422" visible="true" version="1" changeset="9211173" timestamp="2011-09-04T18:12:03Z" user="PlaneMad" uid="1306" lat="18.2419954" lon="74.5942182"/>
 <node id="1423283432" visible="true" version="1" changeset="9211173" timestamp="2011-09-04T18:12:03Z" user="PlaneMad" uid="1306" lat="18.2432184" lon="74.5938870"/>
 <node id="1423283434" visible="true" version="1" changeset="9211173" timestamp="2011-09-04T18:12:03Z" user="PlaneMad" uid="1306" lat="18.2442318" lon="74.5935437"/>
 <node id="1423283438" visible="true" version="1" changeset="9211173" timestamp="2011-09-04T18:12:03Z" user="PlaneMad" uid="1306" lat="18.2495896" lon="74.5906493"/>
 <node id="1423283443" visible="true" version="1" changeset="9211173" timestamp="2011-09-04T18:12:04Z" user="PlaneMad" uid="1306" lat="18.2502418" lon="74.5902201"/>
 <node id="1423283445" visible="true" version="1" changeset="9211173" timestamp="2011-09-04T18:12:04Z" user="PlaneMad" uid="1306" lat="18.2510105" lon="74.5894965"/>
 <node id="1423283446" visible="true" version="1" changeset="9211173" timestamp="2011-09-04T18:12:04Z" user="PlaneMad" uid="1306" lat="18.2515346" lon="74.5887484"/>
 <node id="1423283448" visible="true" version="1" changeset="9211173" timestamp="2011-09-04T18:12:04Z" user="PlaneMad" uid="1306" lat="18.2528508" lon="74.5860012"/>
 <node id="1423283449" visible="true" version="1" changeset="9211173" timestamp="2011-09-04T18:12:04Z" user="PlaneMad" uid="1306" lat="18.2532584" lon="74.5853390"/>
 <node id="1423283450" visible="true" version="1" changeset="9211173" timestamp="2011-09-04T18:12:04Z" user="PlaneMad" uid="1306" lat="18.2537243" lon="74.5847503"/>
 <node id="1423283454" visible="true" version="1" changeset="9211173" timestamp="2011-09-04T18:12:04Z" user="PlaneMad" uid="1306" lat="18.2572183" lon="74.5811079"/>
 <node id="1423283462" visible="true" version="2" changeset="169869379" timestamp="2025-08-02T15:53:41Z" user="ranjitgarad1" uid="22684093" lat="18.2581668" lon="74.5800679"/>
 <node id="1423283467" visible="true" version="2" changeset="169869379" timestamp="2025-08-02T15:53:41Z" user="ranjitgarad1" uid="22684093" lat="18.2591476" lon="74.5793224"/>
 <node id="1423283469" visible="true" version="2" changeset="169869379" timestamp="2025-08-02T15:53:41Z" user="ranjitgarad1" uid="22684093" lat="18.2602548" lon="74.5788423"/>
 <node id="1423283476" visible="true" version="1" changeset="9211173" timestamp="2011-09-04T18:12:05Z" user="PlaneMad" uid="1306" lat="18.2683173" lon="74.5761286"/>
 <node id="1423283479" visible="true" version="1" changeset="9211173" timestamp="2011-09-04T18:12:05Z" user="PlaneMad" uid="1306" lat="18.2690510" lon="74.5759079"/>
 <node id="1423283487" visible="true" version="1" changeset="9211173" timestamp="2011-09-04T18:12:05Z" user="PlaneMad" uid="1306" lat="18.2697381" lon="74.5755277"/>
 <node id="1423283490" visible="true" version="1" changeset="9211173" timestamp="2011-09-04T18:12:05Z" user="PlaneMad" uid="1306" lat="18.2703670" lon="74.5749881"/>
 <node id="1423283494" visible="true" version="1" changeset="9211173" timestamp="2011-09-04T18:12:05Z" user="PlaneMad" uid="1306" lat="18.2708678" lon="74.5741541"/>
 <node id="1423283495" visible="true" version="1" changeset="9211173" timestamp="2011-09-04T18:12:05Z" user="PlaneMad" uid="1306" lat="18.2717994" lon="74.5717013"/>
 <node id="1423283496" visible="true" version="2" changeset="71918315" timestamp="2019-07-05T05:55:26Z" user="Deepak Saravanan" uid="664208" lat="18.2720382" lon="74.5711862"/>
 <node id="1423283497" visible="true" version="1" changeset="9211173" timestamp="2011-09-04T18:12:06Z" user="PlaneMad" uid="1306" lat="18.2736744" lon="74.5697145"/>
 <node id="1423283498" visible="true" version="1" changeset="9211173" timestamp="2011-09-04T18:12:06Z" user="PlaneMad" uid="1306" lat="18.2744430" lon="74.5692485"/>
 <node id="1423283506" visible="true" version="1" changeset="9211173" timestamp="2011-09-04T18:12:06Z" user="PlaneMad" uid="1306" lat="18.2770865" lon="74.5681815"/>
 <node id="1423283517" visible="true" version="2" changeset="113387053" timestamp="2021-11-04T21:38:51Z" user="jaimemd" uid="404532" lat="18.2778696" lon="74.5596644"/>
 <node id="1423283519" visible="true" version="1" changeset="9211173" timestamp="2011-09-04T18:12:08Z" user="PlaneMad" uid="1306" lat="18.2779017" lon="74.5587504"/>
 <node id="1423283521" visible="true" version="2" changeset="113387053" timestamp="2021-11-04T21:38:51Z" user="jaimemd" uid="404532" lat="18.2779745" lon="74.5604490"/>
 <node id="1423283522" visible="true" version="1" changeset="9211173" timestamp="2011-09-04T18:12:08Z" user="PlaneMad" uid="1306" lat="18.2779949" lon="74.5676051"/>
 <node id="1423283523" visible="true" version="2" changeset="113387053" timestamp="2021-11-04T21:38:51Z" user="jaimemd" uid="404532" lat="18.2780804" lon="74.5580245"/>
 <node id="1423283524" visible="true" version="2" changeset="113387053" timestamp="2021-11-04T21:38:51Z" user="jaimemd" uid="404532" lat="18.2782721" lon="74.5612546"/>
 <node id="1423283525" visible="true" version="2" changeset="113387053" timestamp="2021-11-04T21:38:51Z" user="jaimemd" uid="404532" lat="18.2787517" lon="74.5568001"/>
 <node id="1423283526" visible="true" version="1" changeset="9211173" timestamp="2011-09-04T18:12:08Z" user="PlaneMad" uid="1306" lat="18.2784607" lon="74.5671022"/>
 <node id="1423283528" visible="true" version="2" changeset="113387053" timestamp="2021-11-04T21:38:51Z" user="jaimemd" uid="404532" lat="18.2791252" lon="74.5563903"/>
 <node id="1423283529" visible="true" version="2" changeset="113387053" timestamp="2021-11-04T21:38:51Z" user="jaimemd" uid="404532" lat="18.2785488" lon="74.5617345"/>
 <node id="1423283530" visible="true" version="1" changeset="9211173" timestamp="2011-09-04T18:12:08Z" user="PlaneMad" uid="1306" lat="18.2790196" lon="74.5662560"/>
 <node id="1423283532" visible="true" version="1" changeset="9211173" timestamp="2011-09-04T18:12:08Z" user="PlaneMad" uid="1306" lat="18.2792991" lon="74.5652749"/>
 <node id="1423283533" visible="true" version="2" changeset="113387053" timestamp="2021-11-04T21:38:51Z" user="jaimemd" uid="404532" lat="18.2793494" lon="74.5637480"/>
 <node id="1423283534" visible="true" version="1" changeset="9211173" timestamp="2011-09-04T18:12:08Z" user="PlaneMad" uid="1306" lat="18.2793806" lon="74.5643919"/>
 <node id="1423283535" visible="true" version="2" changeset="113387053" timestamp="2021-11-04T21:38:51Z" user="jaimemd" uid="404532" lat="18.2797104" lon="74.5559197"/>
 <node id="1423283540" visible="true" version="2" changeset="113387053" timestamp="2021-11-04T21:38:51Z" user="jaimemd" uid="404532" lat="18.2804578" lon="74.5555264"/>
 <node id="1423283549" visible="true" version="2" changeset="113387053" timestamp="2021-11-04T21:38:51Z" user="jaimemd" uid="404532" lat="18.2811973" lon="74.5553279"/>
 <node id="1423283564" visible="true" version="2" changeset="113387053" timestamp="2021-11-04T21:38:51Z" user="jaimemd" uid="404532" lat="18.2818494" lon="74.5552713"/>
 <node id="1423283569" visible="true" version="2" changeset="113387053" timestamp="2021-11-04T21:38:51Z" user="jaimemd" uid="404532" lat="18.2824341" lon="74.5553311"/>
 <node id="1423283580" visible="true" version="2" changeset="113387053" timestamp="2021-11-04T21:38:51Z" user="jaimemd" uid="404532" lat="18.2846727" lon="74.5557534"/>
 <node id="1423283581" visible="true" version="1" changeset="9211173" timestamp="2011-09-04T18:12:10Z" user="PlaneMad" uid="1306" lat="18.2853664" lon="74.5558270"/>
 <node id="1423283585" visible="true" version="1" changeset="9211173" timestamp="2011-09-04T18:12:10Z" user="PlaneMad" uid="1306" lat="18.2884171" lon="74.5559910"/>
 <node id="1423283586" visible="true" version="1" changeset="9211173" timestamp="2011-09-04T18:12:10Z" user="PlaneMad" uid="1306" lat="18.2890692" lon="74.5560523"/>
 <node id="1423283588" visible="true" version="1" changeset="9211173" timestamp="2011-09-04T18:12:10Z" user="PlaneMad" uid="1306" lat="18.2898028" lon="74.5562853"/>
 <node id="1423283593" visible="true" version="1" changeset="9211173" timestamp="2011-09-04T18:12:10Z" user="PlaneMad" uid="1306" lat="18.2904898" lon="74.5567023"/>
 <node id="1423283595" visible="true" version="1" changeset="9211173" timestamp="2011-09-04T18:12:11Z" user="PlaneMad" uid="1306" lat="18.2910488" lon="74.5571438"/>
 <node id="1423283597" visible="true" version="1" changeset="9211173" timestamp="2011-09-04T18:12:11Z" user="PlaneMad" uid="1306" lat="18.2923995" lon="74.5588976"/>
 <node id="1423283599" visible="true" version="1" changeset="9211173" timestamp="2011-09-04T18:12:11Z" user="PlaneMad" uid="1306" lat="18.2931797" lon="74.5595721"/>
 <node id="1423283601" visible="true" version="1" changeset="9211173" timestamp="2011-09-04T18:12:11Z" user="PlaneMad" uid="1306" lat="18.2937503" lon="74.5599400"/>
 <node id="1423283602" visible="true" version="1" changeset="9211173" timestamp="2011-09-04T18:12:11Z" user="PlaneMad" uid="1306" lat="18.2945071" lon="74.5601240"/>
 <node id="1423283603" visible="true" version="1" changeset="9211173" timestamp="2011-09-04T18:12:11Z" user="PlaneMad" uid="1306" lat="18.2950661" lon="74.5602221"/>
 <node id="1423283604" visible="true" version="1" changeset="9211173" timestamp="2011-09-04T18:12:11Z" user="PlaneMad" uid="1306" lat="18.2960558" lon="74.5603325"/>
 <node id="1423283605" visible="true" version="1" changeset="9211173" timestamp="2011-09-04T18:12:11Z" user="PlaneMad" uid="1306" lat="18.2969524" lon="74.5606636"/>
 <node id="1423283612" visible="true" version="1" changeset="9211173" timestamp="2011-09-04T18:12:11Z" user="PlaneMad" uid="1306" lat="18.2976394" lon="74.5611174"/>
 <node id="1423283613" visible="true" version="1" changeset="9211173" timestamp="2011-09-04T18:12:11Z" user="PlaneMad" uid="1306" lat="18.2984428" lon="74.5619881"/>
 <node id="1423283615" visible="true" version="1" changeset="9211173" timestamp="2011-09-04T18:12:11Z" user="PlaneMad" uid="1306" lat="18.2986990" lon="74.5624174"/>
 <node id="1423283617" visible="true" version="1" changeset="9211173" timestamp="2011-09-04T18:12:11Z" user="PlaneMad" uid="1306" lat="18.2990018" lon="74.5631655"/>
 <node id="1423283619" visible="true" version="1" changeset="9211173" timestamp="2011-09-04T18:12:11Z" user="PlaneMad" uid="1306" lat="18.2993045" lon="74.5642570"/>
 <node id="1423283620" visible="true" version="1" changeset="9211173" timestamp="2011-09-04T18:12:11Z" user="PlaneMad" uid="1306" lat="18.2995840" lon="74.5650909"/>
 <node id="1423283621" visible="true" version="1" changeset="9211173" timestamp="2011-09-04T18:12:11Z" user="PlaneMad" uid="1306" lat="18.2998867" lon="74.5656306"/>
 <node id="1423283622" visible="true" version="2" changeset="71924863" timestamp="2019-07-05T09:43:02Z" user="Deepak Saravanan" uid="664208" lat="18.3058090" lon="74.5721658"/>
 <node id="1423283624" visible="true" version="2" changeset="71918315" timestamp="2019-07-05T05:55:26Z" user="Deepak Saravanan" uid="664208" lat="18.3066080" lon="74.5730826"/>
 <node id="1423283626" visible="true" version="2" changeset="71918315" timestamp="2019-07-05T05:55:26Z" user="Deepak Saravanan" uid="664208" lat="18.3075788" lon="74.5746386"/>
 <node id="1423283631" visible="true" version="2" changeset="71918315" timestamp="2019-07-05T05:55:26Z" user="Deepak Saravanan" uid="664208" lat="18.3081871" lon="74.5755415"/>
 <node id="1423283632" visible="true" version="2" changeset="71918315" timestamp="2019-07-05T05:55:26Z" user="Deepak Saravanan" uid="664208" lat="18.3091491" lon="74.5763739"/>
 <node id="1423283633" visible="true" version="2" changeset="71918315" timestamp="2019-07-05T05:55:26Z" user="Deepak Saravanan" uid="664208" lat="18.3097647" lon="74.5766376"/>
 <node id="1423283635" visible="true" version="2" changeset="65794944" timestamp="2018-12-26T20:32:23Z" user="PlaneMad" uid="1306" lat="18.3166558" lon="74.5788753"/>
 <node id="1423283636" visible="true" version="2" changeset="65794944" timestamp="2018-12-26T20:32:23Z" user="PlaneMad" uid="1306" lat="18.3175827" lon="74.5791221"/>
 <node id="1423283637" visible="true" version="2" changeset="65794944" timestamp="2018-12-26T20:32:23Z" user="PlaneMad" uid="1306" lat="18.3187591" lon="74.5797014"/>
 <node id="1423283639" visible="true" version="2" changeset="65794944" timestamp="2018-12-26T20:32:23Z" user="PlaneMad" uid="1306" lat="18.3204600" lon="74.5806241"/>
 <node id="1423283640" visible="true" version="2" changeset="65794944" timestamp="2018-12-26T20:32:23Z" user="PlaneMad" uid="1306" lat="18.3215447" lon="74.5809030"/>
 <node id="1423283641" visible="true" version="2" changeset="65794944" timestamp="2018-12-26T20:32:23Z" user="PlaneMad" uid="1306" lat="18.3225122" lon="74.5808709"/>
 <node id="1423283643" visible="true" version="1" changeset="9211173" timestamp="2011-09-04T18:12:12Z" user="PlaneMad" uid="1306" lat="18.3246863" lon="74.5803965"/>
 <node id="1423283644" visible="true" version="1" changeset="9211173" timestamp="2011-09-04T18:12:12Z" user="PlaneMad" uid="1306" lat="18.3256526" lon="74.5802248"/>
 <node id="1423283645" visible="true" version="2" changeset="71918315" timestamp="2019-07-05T05:55:26Z" user="Deepak Saravanan" uid="664208" lat="18.3263090" lon="74.5801513"/>
 <node id="1423283646" visible="true" version="2" changeset="71918315" timestamp="2019-07-05T05:55:26Z" user="Deepak Saravanan" uid="664208" lat="18.3272287" lon="74.5802279"/>
 <node id="1423283647" visible="true" version="1" changeset="9211173" timestamp="2011-09-04T18:12:13Z" user="PlaneMad" uid="1306" lat="18.3299485" lon="74.5811569"/>
 <node id="1423283648" visible="true" version="1" changeset="9211173" timestamp="2011-09-04T18:12:13Z" user="PlaneMad" uid="1306" lat="18.3308915" lon="74.5815248"/>
 <node id="1423283649" visible="true" version="1" changeset="9211173" timestamp="2011-09-04T18:12:13Z" user="PlaneMad" uid="1306" lat="18.3316482" lon="74.5819541"/>
 <node id="1423283650" visible="true" version="1" changeset="9211173" timestamp="2011-09-04T18:12:13Z" user="PlaneMad" uid="1306" lat="18.3433711" lon="74.5889324"/>
 <node id="1423283651" visible="true" version="1" changeset="9211173" timestamp="2011-09-04T18:12:13Z" user="PlaneMad" uid="1306" lat="18.3446399" lon="74.5897050"/>
 <node id="1423283652" visible="true" version="1" changeset="9211173" timestamp="2011-09-04T18:12:13Z" user="PlaneMad" uid="1306" lat="18.3458855" lon="74.5903182"/>
 <node id="1423283653" visible="true" version="1" changeset="9211173" timestamp="2011-09-04T18:12:13Z" user="PlaneMad" uid="1306" lat="18.3561989" lon="74.5943359"/>
 <node id="1423283654" visible="true" version="1" changeset="9211173" timestamp="2011-09-04T18:12:13Z" user="PlaneMad" uid="1306" lat="18.3629221" lon="74.5969653"/>
 <node id="1423283655" visible="true" version="1" changeset="9211173" timestamp="2011-09-04T18:12:13Z" user="PlaneMad" uid="1306" lat="18.3636856" lon="74.5972401"/>
 <node id="1423283656" visible="true" version="1" changeset="9211173" timestamp="2011-09-04T18:12:13Z" user="PlaneMad" uid="1306" lat="18.3640953" lon="74.5973382"/>
 <node id="1423283657" visible="true" version="1" changeset="9211173" timestamp="2011-09-04T18:12:13Z" user="PlaneMad" uid="1306" lat="18.3647658" lon="74.5973970"/>
 <node id="1423283658" visible="true" version="1" changeset="9211173" timestamp="2011-09-04T18:12:13Z" user="PlaneMad" uid="1306" lat="18.3655293" lon="74.5972302"/>
 <node id="1423283659" visible="true" version="1" changeset="9211173" timestamp="2011-09-04T18:12:15Z" user="PlaneMad" uid="1306" lat="18.3660415" lon="74.5969163"/>
 <node id="1423283660" visible="true" version="1" changeset="9211173" timestamp="2011-09-04T18:12:15Z" user="PlaneMad" uid="1306" lat="18.3665536" lon="74.5964257"/>
 <node id="1423283661" visible="true" version="1" changeset="9211173" timestamp="2011-09-04T18:12:15Z" user="PlaneMad" uid="1306" lat="18.3671775" lon="74.5953563"/>
 <node id="1423283662" visible="true" version="1" changeset="9211173" timestamp="2011-09-04T18:12:15Z" user="PlaneMad" uid="1306" lat="18.3676989" lon="74.5946695"/>
 <node id="1423283663" visible="true" version="1" changeset="9211173" timestamp="2011-09-04T18:12:15Z" user="PlaneMad" uid="1306" lat="18.3681924" lon="74.5943359"/>
 <node id="1423283664" visible="true" version="2" changeset="65794944" timestamp="2018-12-26T20:32:23Z" user="PlaneMad" uid="1306" lat="18.3686183" lon="74.5940995"/>
 <node id="1423283665" visible="true" version="2" changeset="65794944" timestamp="2018-12-26T20:32:23Z" user="PlaneMad" uid="1306" lat="18.3691274" lon="74.5940030"/>
 <node id="1423283666" visible="true" version="1" changeset="9211173" timestamp="2011-09-04T18:12:15Z" user="PlaneMad" uid="1306" lat="18.3706376" lon="74.5939768"/>
 <node id="1423283667" visible="true" version="1" changeset="9211173" timestamp="2011-09-04T18:12:15Z" user="PlaneMad" uid="1306" lat="18.3711292" lon="74.5939690"/>
 <node id="1423283668" visible="true" version="1" changeset="9211173" timestamp="2011-09-04T18:12:15Z" user="PlaneMad" uid="1306" lat="18.3717549" lon="74.5938277"/>
 <node id="1423283669" visible="true" version="1" changeset="9211173" timestamp="2011-09-04T18:12:15Z" user="PlaneMad" uid="1306" lat="18.3723061" lon="74.5936001"/>
 <node id="1860218554" visible="true" version="2" changeset="16225168" timestamp="2013-05-21T14:35:28Z" user="parambyte" uid="715224" lat="18.1511163" lon="74.5788407"/>
 <node id="1860218559" visible="true" version="3" changeset="25078408" timestamp="2014-08-28T17:08:14Z" user="Luis36995" uid="1829683" lat="18.1555089" lon="74.5886530"/>
 <node id="1860218566" visible="true" version="2" changeset="25078408" timestamp="2014-08-28T17:08:14Z" user="Luis36995" uid="1829683" lat="18.1558131" lon="74.5825964"/>
 <node id="1860218582" visible="true" version="3" changeset="16225168" timestamp="2013-05-21T14:45:07Z" user="parambyte" uid="715224" lat="18.1487216" lon="74.5718831"/>
 <node id="1860218587" visible="true" version="4" changeset="27365496" timestamp="2014-12-09T21:00:34Z" user="pyram" uid="497849" lat="18.1580718" lon="74.5843429"/>
 <node id="1860218591" visible="true" version="1" changeset="12680299" timestamp="2012-08-10T13:41:05Z" user="Utkarsh" uid="678312" lat="18.1470246" lon="74.5701095"/>
 <node id="1860218596" visible="true" version="2" changeset="25078408" timestamp="2014-08-28T17:08:14Z" user="Luis36995" uid="1829683" lat="18.1557564" lon="74.5822287"/>
 <node id="1860218598" visible="true" version="1" changeset="12680299" timestamp="2012-08-10T13:41:06Z" user="Utkarsh" uid="678312" lat="18.1561159" lon="74.5889187">
  <tag k="tourism" v="hotel"/>
 </node>
 <node id="1860218601" visible="true" version="2" changeset="25078408" timestamp="2014-08-28T17:08:14Z" user="Luis36995" uid="1829683" lat="18.1557256" lon="74.5856400"/>
 <node id="1860218615" visible="true" version="2" changeset="14811419" timestamp="2013-01-27T17:56:21Z" user="aziz deen" uid="1212531" lat="18.1481140" lon="74.5702083"/>
 <node id="1860218622" visible="true" version="2" changeset="16225168" timestamp="2013-05-21T14:35:28Z" user="parambyte" uid="715224" lat="18.1515741" lon="74.5807555"/>
 <node id="1860218626" visible="true" version="2" changeset="14811419" timestamp="2013-01-27T17:56:21Z" user="aziz deen" uid="1212531" lat="18.1480428" lon="74.5700073"/>
 <node id="1860218635" visible="true" version="2" changeset="16225168" timestamp="2013-05-21T14:45:07Z" user="parambyte" uid="715224" lat="18.1456809" lon="74.5710301"/>
 <node id="1860218640" visible="true" version="2" changeset="27365496" timestamp="2014-12-09T21:00:34Z" user="pyram" uid="497849" lat="18.1566754" lon="74.5853945"/>
 <node id="1860218648" visible="true" version="1" changeset="12680299" timestamp="2012-08-10T13:41:06Z" user="Utkarsh" uid="678312" lat="18.1475930" lon="74.5700360"/>
 <node id="1860218659" visible="true" version="3" changeset="25078408" timestamp="2014-08-28T17:08:14Z" user="Luis36995" uid="1829683" lat="18.1537792" lon="74.5861387"/>
 <node id="1860218663" visible="true" version="2" changeset="25078408" timestamp="2014-08-28T17:08:14Z" user="Luis36995" uid="1829683" lat="18.1558798" lon="74.5819572"/>
 <node id="1860218667" visible="true" version="2" changeset="16225168" timestamp="2013-05-21T14:45:08Z" user="parambyte" uid="715224" lat="18.1461020" lon="74.5707373"/>
 <node id="1860218674" visible="true" version="2" changeset="16225168" timestamp="2013-05-21T14:35:29Z" user="parambyte" uid="715224" lat="18.1506614" lon="74.5764055"/>
 <node id="1860218678" visible="true" version="3" changeset="40419477" timestamp="2016-07-01T15:02:56Z" user="indigomc" uid="136860" lat="18.1499653" lon="74.5747987"/>
 <node id="1860218688" visible="true" version="2" changeset="16225168" timestamp="2013-05-21T14:35:28Z" user="parambyte" uid="715224" lat="18.1508663" lon="74.5776085"/>
 <node id="1860218697" visible="true" version="2" changeset="14808936" timestamp="2013-01-27T15:21:29Z" user="Utkarsh" uid="678312" lat="18.1547632" lon="74.5859268"/>
 <node id="1860278595" visible="true" version="2" changeset="16233720" timestamp="2013-05-22T07:19:06Z" user="parambyte" uid="715224" lat="18.1576801" lon="74.5803625"/>
 <node id="1860278612" visible="true" version="3" changeset="14811419" timestamp="2013-01-27T17:56:22Z" user="aziz deen" uid="1212531" lat="18.1510923" lon="74.5749262"/>
 <node id="1860278614" visible="true" version="4" changeset="93028868" timestamp="2020-10-25T20:47:41Z" user="mottiger" uid="7504544" lat="18.1579990" lon="74.5749003"/>
 <node id="1860278617" visible="true" version="2" changeset="16233720" timestamp="2013-05-22T07:19:06Z" user="parambyte" uid="715224" lat="18.1587633" lon="74.5770146"/>
 <node id="1860278625" visible="true" version="2" changeset="16233720" timestamp="2013-05-22T07:19:06Z" user="parambyte" uid="715224" lat="18.1588698" lon="74.5782656"/>
 <node id="1860278636" visible="true" version="3" changeset="93028868" timestamp="2020-10-25T20:47:41Z" user="mottiger" uid="7504544" lat="18.1598315" lon="74.5755346"/>
 <node id="1860278638" visible="true" version="2" changeset="16233720" timestamp="2013-05-22T07:19:06Z" user="parambyte" uid="715224" lat="18.1589172" lon="74.5795139"/>
 <node id="1860278639" visible="true" version="3" changeset="14811419" timestamp="2013-01-27T17:56:21Z" user="aziz deen" uid="1212531" lat="18.1548152" lon="74.5744173"/>
 <node id="1860278640" visible="true" version="4" changeset="93028868" timestamp="2020-10-25T20:47:41Z" user="mottiger" uid="7504544" lat="18.1601959" lon="74.5783147"/>
 <node id="1860278644" visible="true" version="4" changeset="93028868" timestamp="2020-10-25T20:47:41Z" user="mottiger" uid="7504544" lat="18.1587700" lon="74.5751511"/>
 <node id="1860278647" visible="true" version="4" changeset="93028868" timestamp="2020-10-25T20:47:41Z" user="mottiger" uid="7504544" lat="18.1566049" lon="74.5744738"/>
 <node id="1860278650" visible="true" version="5" changeset="134273747" timestamp="2023-03-29T18:04:17Z" user="PlaneMad" uid="1306" lat="18.1540032" lon="74.5748797"/>
 <node id="1860278651" visible="true" version="2" changeset="16233720" timestamp="2013-05-22T07:19:06Z" user="parambyte" uid="715224" lat="18.1587154" lon="74.5761847"/>
 <node id="2034367490" visible="true" version="3" changeset="45467321" timestamp="2017-01-25T08:53:32Z" user="parambyte" uid="715224" lat="18.2013417" lon="74.5040018"/>
 <node id="2034367491" visible="true" version="3" changeset="45467321" timestamp="2017-01-25T08:53:32Z" user="parambyte" uid="715224" lat="18.2035075" lon="74.4988820"/>
 <node id="2034367493" visible="true" version="3" changeset="45467321" timestamp="2017-01-25T08:53:32Z" user="parambyte" uid="715224" lat="18.2068453" lon="74.4926947"/>
 <node id="2034367494" visible="true" version="5" changeset="59017219" timestamp="2018-05-16T12:56:52Z" user="mottiger" uid="7504544" lat="18.2068750" lon="74.4902068"/>
 <node id="2034367496" visible="true" version="3" changeset="45467321" timestamp="2017-01-25T08:53:32Z" user="parambyte" uid="715224" lat="18.2132660" lon="74.4823435"/>
 <node id="2034367498" visible="true" version="3" changeset="45467321" timestamp="2017-01-25T08:53:32Z" user="parambyte" uid="715224" lat="18.2189893" lon="74.4780971"/>
 <node id="2034367499" visible="true" version="2" changeset="16235664" timestamp="2013-05-22T10:19:37Z" user="rameshbhoir" uid="1160394" lat="18.2216909" lon="74.4726384"/>
 <node id="2034367505" visible="true" version="3" changeset="45467321" timestamp="2017-01-25T08:53:32Z" user="parambyte" uid="715224" lat="18.2314025" lon="74.4606198"/>
 <node id="2034367510" visible="true" version="3" changeset="59017219" timestamp="2018-05-16T12:56:52Z" user="mottiger" uid="7504544" lat="18.2341408" lon="74.4549358"/>
 <node id="2034367520" visible="true" version="3" changeset="59017219" timestamp="2018-05-16T12:56:52Z" user="mottiger" uid="7504544" lat="18.2439790" lon="74.4485950"/>
 <node id="2034367528" visible="true" version="2" changeset="16235664" timestamp="2013-05-22T10:19:38Z" user="rameshbhoir" uid="1160394" lat="18.2492143" lon="74.4380592"/>
 <node id="2034367534" visible="true" version="4" changeset="59017219" timestamp="2018-05-16T12:56:52Z" user="mottiger" uid="7504544" lat="18.2556762" lon="74.4317132"/>
 <node id="2034367540" visible="true" version="3" changeset="45467321" timestamp="2017-01-25T08:53:32Z" user="parambyte" uid="715224" lat="18.2569802" lon="74.4205605"/>
 <node id="2034367550" visible="true" version="4" changeset="59017219" timestamp="2018-05-16T12:56:52Z" user="mottiger" uid="7504544" lat="18.2581572" lon="74.4268531"/>
 <node id="2125145014" visible="true" version="2" changeset="16225168" timestamp="2013-05-21T14:45:07Z" user="parambyte" uid="715224" lat="18.1282871" lon="74.6337803"/>
 <node id="2125145026" visible="true" version="2" changeset="16225168" timestamp="2013-05-21T14:45:07Z" user="parambyte" uid="715224" lat="18.1293202" lon="74.6385930"/>
 <node id="2125145032" visible="true" version="4" changeset="25849654" timestamp="2014-10-04T11:32:07Z" user="Heinz_V" uid="91490" lat="18.1296494" lon="74.5822165"/>
 <node id="2125145042" visible="true" version="3" changeset="16235664" timestamp="2013-05-22T10:19:37Z" user="rameshbhoir" uid="1160394" lat="18.1322600" lon="74.5790845"/>
 <node id="2125145045" visible="true" version="2" changeset="16225168" timestamp="2013-05-21T14:45:08Z" user="parambyte" uid="715224" lat="18.1326240" lon="74.6362756"/>
 <node id="2125145051" visible="true" version="3" changeset="59481710" timestamp="2018-06-02T09:54:54Z" user="mottiger" uid="7504544" lat="18.1335202" lon="74.6156444"/>
 <node id="2125145056" visible="true" version="3" changeset="16235664" timestamp="2013-05-22T10:19:37Z" user="rameshbhoir" uid="1160394" lat="18.1352655" lon="74.5746988"/>
 <node id="2125145061" visible="true" version="2" changeset="16225168" timestamp="2013-05-21T14:45:07Z" user="parambyte" uid="715224" lat="18.1360506" lon="74.6239353"/>
 <node id="2125145070" visible="true" version="2" changeset="16225168" timestamp="2013-05-21T14:45:08Z" user="parambyte" uid="715224" lat="18.1374459" lon="74.6267074"/>
 <node id="2125145079" visible="true" version="3" changeset="59481710" timestamp="2018-06-02T09:54:54Z" user="mottiger" uid="7504544" lat="18.1376215" lon="74.6450964"/>
 <node id="2125145082" visible="true" version="3" changeset="16235664" timestamp="2013-05-22T10:19:37Z" user="rameshbhoir" uid="1160394" lat="18.1381932" lon="74.5721137"/>
 <node id="2125145083" visible="true" version="2" changeset="16225168" timestamp="2013-05-21T14:45:07Z" user="parambyte" uid="715224" lat="18.1379824" lon="74.6254521"/>
 <node id="2125145086" visible="true" version="3" changeset="59512762" timestamp="2018-06-03T16:22:00Z" user="mottiger" uid="7504544" lat="18.1389316" lon="74.6015614"/>
 <node id="2125145089" visible="true" version="3" changeset="59481710" timestamp="2018-06-02T09:54:54Z" user="mottiger" uid="7504544" lat="18.1390565" lon="74.6438464"/>
 <node id="2125145102" visible="true" version="2" changeset="16225168" timestamp="2013-05-21T14:45:07Z" user="parambyte" uid="715224" lat="18.1396635" lon="74.6347717"/>
 <node id="2125145115" visible="true" version="2" changeset="16225168" timestamp="2013-05-21T14:45:08Z" user="parambyte" uid="715224" lat="18.1424871" lon="74.6364424"/>
 <node id="2125145118" visible="true" version="3" changeset="59512762" timestamp="2018-06-03T16:22:00Z" user="mottiger" uid="7504544" lat="18.1428492" lon="74.6017653"/>
 <node id="2125145119" visible="true" version="2" changeset="59481710" timestamp="2018-06-02T09:54:54Z" user="mottiger" uid="7504544" lat="18.1429818" lon="74.6409067"/>
 <node id="2125145122" visible="true" version="3" changeset="16235664" timestamp="2013-05-22T10:19:38Z" user="rameshbhoir" uid="1160394" lat="18.1437021" lon="74.5711006"/>
 <node id="2125145135" visible="true" version="3" changeset="26315138" timestamp="2014-10-25T07:45:51Z" user="Heinz_V" uid="91490" lat="18.1462806" lon="74.5886694"/>
 <node id="2125145138" visible="true" version="4" changeset="25849654" timestamp="2014-10-04T11:32:07Z" user="Heinz_V" uid="91490" lat="18.1469001" lon="74.5699384"/>
 <node id="2125145140" visible="true" version="2" changeset="16225168" timestamp="2013-05-21T14:45:08Z" user="parambyte" uid="715224" lat="18.1479393" lon="74.5967602"/>
 <node id="2125145144" visible="true" version="2" changeset="59481710" timestamp="2018-06-02T09:54:54Z" user="mottiger" uid="7504544" lat="18.1485586" lon="74.6414834"/>
 <node id="2125145147" visible="true" version="2" changeset="16225168" timestamp="2013-05-21T14:45:07Z" user="parambyte" uid="715224" lat="18.1476092" lon="74.6357051"/>
 <node id="2125145148" visible="true" version="1" changeset="14757777" timestamp="2013-01-23T14:26:23Z" user="PlaneMad" uid="1306" lat="18.1497636" lon="74.5975370"/>
 <node id="2125145150" visible="true" version="3" changeset="16235664" timestamp="2013-05-22T10:19:38Z" user="rameshbhoir" uid="1160394" lat="18.1502854" lon="74.5682766"/>
 <node id="2125145152" visible="true" version="1" changeset="14757777" timestamp="2013-01-23T14:26:23Z" user="PlaneMad" uid="1306" lat="18.1508477" lon="74.5766374"/>
 <node id="2125145154" visible="true" version="1" changeset="14757777" timestamp="2013-01-23T14:26:23Z" user="PlaneMad" uid="1306" lat="18.1511234" lon="74.5758034"/>
 <node id="2125145155" visible="true" version="2" changeset="16225168" timestamp="2013-05-21T14:35:28Z" user="parambyte" uid="715224" lat="18.1517894" lon="74.5892688"/>
 <node id="2125145158" visible="true" version="2" changeset="134273747" timestamp="2023-03-29T18:04:17Z" user="PlaneMad" uid="1306" lat="18.1522283" lon="74.5822586"/>
 <node id="2125145162" visible="true" version="2" changeset="19988925" timestamp="2014-01-14T11:50:37Z" user="parambyte" uid="715224" lat="18.1532284" lon="74.6019155"/>
 <node id="2125145163" visible="true" version="1" changeset="14757777" timestamp="2013-01-23T14:26:24Z" user="PlaneMad" uid="1306" lat="18.1539734" lon="74.5880661"/>
 <node id="2125145165" visible="true" version="3" changeset="134273747" timestamp="2023-03-29T18:04:17Z" user="PlaneMad" uid="1306" lat="18.1538243" lon="74.5754099"/>
 <node id="2125145167" visible="true" version="1" changeset="14757777" timestamp="2013-01-23T14:26:24Z" user="PlaneMad" uid="1306" lat="18.1542171" lon="74.5901172"/>
 <node id="2125145171" visible="true" version="2" changeset="16233720" timestamp="2013-05-22T07:19:06Z" user="parambyte" uid="715224" lat="18.1558889" lon="74.5738265"/>
 <node id="2125145173" visible="true" version="3" changeset="16235664" timestamp="2013-05-22T10:19:38Z" user="rameshbhoir" uid="1160394" lat="18.1569294" lon="74.5673034"/>
 <node id="2125145175" visible="true" version="2" changeset="19988925" timestamp="2014-01-14T11:50:37Z" user="parambyte" uid="715224" lat="18.1570672" lon="74.5992569"/>
 <node id="2125145176" visible="true" version="2" changeset="16233720" timestamp="2013-05-22T07:19:06Z" user="parambyte" uid="715224" lat="18.1583091" lon="74.5734880"/>
 <node id="2125145177" visible="true" version="1" changeset="14757777" timestamp="2013-01-23T14:26:24Z" user="PlaneMad" uid="1306" lat="18.1576538" lon="74.5967756"/>
 <node id="2125145179" visible="true" version="3" changeset="16235664" timestamp="2013-05-22T10:19:38Z" user="rameshbhoir" uid="1160394" lat="18.1592326" lon="74.5654857"/>
 <node id="2125145183" visible="true" version="2" changeset="16233720" timestamp="2013-05-22T07:19:06Z" user="parambyte" uid="715224" lat="18.1607680" lon="74.5739424"/>
 <node id="2125145188" visible="true" version="2" changeset="16235664" timestamp="2013-05-22T10:19:38Z" user="rameshbhoir" uid="1160394" lat="18.1631859" lon="74.5627267"/>
 <node id="2125145192" visible="true" version="2" changeset="16235664" timestamp="2013-05-22T10:19:38Z" user="rameshbhoir" uid="1160394" lat="18.1649997" lon="74.5603875"/>
 <node id="2125145194" visible="true" version="1" changeset="14757777" timestamp="2013-01-23T14:26:24Z" user="PlaneMad" uid="1306" lat="18.1655233" lon="74.5781153"/>
 <node id="2125145197" visible="true" version="1" changeset="14757777" timestamp="2013-01-23T14:26:24Z" user="PlaneMad" uid="1306" lat="18.1658493" lon="74.5670615"/>
 <node id="2125145198" visible="true" version="1" changeset="14757777" timestamp="2013-01-23T14:26:24Z" user="PlaneMad" uid="1306" lat="18.1659590" lon="74.5682666"/>
 <node id="2125145205" visible="true" version="2" changeset="16233720" timestamp="2013-05-22T07:19:06Z" user="parambyte" uid="715224" lat="18.1675370" lon="74.5771637"/>
 <node id="2125145210" visible="true" version="2" changeset="16233720" timestamp="2013-05-22T07:19:06Z" user="parambyte" uid="715224" lat="18.1681715" lon="74.5714061"/>
 <node id="2125145211" visible="true" version="2" changeset="16235664" timestamp="2013-05-22T10:19:39Z" user="rameshbhoir" uid="1160394" lat="18.1695727" lon="74.5614255"/>
 <node id="2125145213" visible="true" version="1" changeset="14757777" timestamp="2013-01-23T14:26:25Z" user="PlaneMad" uid="1306" lat="18.1699420" lon="74.5646001"/>
 <node id="2125145217" visible="true" version="1" changeset="14757777" timestamp="2013-01-23T14:26:25Z" user="PlaneMad" uid="1306" lat="18.1715742" lon="74.5648309"/>
 <node id="2125145224" visible="true" version="2" changeset="16235664" timestamp="2013-05-22T10:19:39Z" user="rameshbhoir" uid="1160394" lat="18.1741064" lon="74.5582299"/>
 <node id="2125145225" visible="true" version="3" changeset="45467321" timestamp="2017-01-25T08:53:32Z" user="parambyte" uid="715224" lat="18.1741555" lon="74.5545443"/>
 <node id="2125145226" visible="true" version="2" changeset="25653960" timestamp="2014-09-24T21:16:57Z" user="Heinz_V" uid="91490" lat="18.1741537" lon="74.5588180"/>
 <node id="2125145228" visible="true" version="2" changeset="25653960" timestamp="2014-09-24T21:16:57Z" user="Heinz_V" uid="91490" lat="18.1743606" lon="74.5630578"/>
 <node id="2125145235" visible="true" version="3" changeset="45467321" timestamp="2017-01-25T08:53:32Z" user="parambyte" uid="715224" lat="18.1783470" lon="74.5455782"/>
 <node id="2125145246" visible="true" version="3" changeset="45467321" timestamp="2017-01-25T08:53:31Z" user="parambyte" uid="715224" lat="18.1934988" lon="74.5372108"/>
 <node id="2125145258" visible="true" version="2" changeset="16235664" timestamp="2013-05-22T10:19:36Z" user="rameshbhoir" uid="1160394" lat="18.2002878" lon="74.5170178"/>
 <node id="2125145260" visible="true" version="3" changeset="45467321" timestamp="2017-01-25T08:53:31Z" user="parambyte" uid="715224" lat="18.2019176" lon="74.5295955"/>
 <node id="2125145261" visible="true" version="3" changeset="45467321" timestamp="2017-01-25T08:53:32Z" user="parambyte" uid="715224" lat="18.2027553" lon="74.5220241"/>
 <node id="2131145540" visible="true" version="3" changeset="166706179" timestamp="2025-05-24T17:05:00Z" user="Mayur Dudhal" uid="22741169" lat="18.1529557" lon="74.5784450">
  <tag k="amenity" v="school"/>
 </node>
 <node id="2131145541" visible="true" version="2" changeset="25667462" timestamp="2014-09-25T15:15:51Z" user="Heinz_V" uid="91490" lat="18.1518641" lon="74.5731038"/>
 <node id="2131145542" visible="true" version="2" changeset="134273747" timestamp="2023-03-29T18:04:17Z" user="PlaneMad" uid="1306" lat="18.1511231" lon="74.5726023"/>
 <node id="2131145543" visible="true" version="2" changeset="27683350" timestamp="2014-12-25T04:55:29Z" user="EC95" uid="2410326" lat="18.1527661" lon="74.5737520"/>
 <node id="2131145545" visible="true" version="1" changeset="14811419" timestamp="2013-01-27T17:56:20Z" user="aziz deen" uid="1212531" lat="18.1523641" lon="74.5740019">
  <tag k="building" v="yes"/>
  <tag k="name" v="Taher Chambers"/>
 </node>
 <node id="2131145546" visible="true" version="2" changeset="25667462" timestamp="2014-09-25T15:15:51Z" user="Heinz_V" uid="91490" lat="18.1521194" lon="74.5739190"/>
 <node id="2131145548" visible="true" version="2" changeset="16225168" timestamp="2013-05-21T14:35:29Z" user="parambyte" uid="715224" lat="18.1514036" lon="74.5717320"/>
 <node id="2131145549" visible="true" version="1" changeset="14811419" timestamp="2013-01-27T17:56:20Z" user="aziz deen" uid="1212531" lat="18.1521576" lon="74.5744635"/>
 <node id="2131145551" visible="true" version="4" changeset="46426300" timestamp="2017-02-26T21:13:41Z" user="IbnTēšfīn" uid="4260390" lat="18.1530367" lon="74.5744606">
  <tag k="amenity" v="place_of_worship"/>
  <tag k="building" v="mosque"/>
  <tag k="denomination" v="dawoodi_bohra"/>
  <tag k="name" v="Dawoodi Bohra Masjid, Baramati"/>
  <tag k="religion" v="muslim"/>
 </node>
 <node id="2131145552" visible="true" version="2" changeset="25667462" timestamp="2014-09-25T15:15:51Z" user="Heinz_V" uid="91490" lat="18.1516104" lon="74.5728085"/>
 <node id="2131145553" visible="true" version="2" changeset="27367623" timestamp="2014-12-09T23:06:55Z" user="pyram" uid="497849" lat="18.1521653" lon="74.5737712">
  <tag k="amenity" v="doctors"/>
  <tag k="name" v="Dr. Raje"/>
 </node>
 <node id="2131145554" visible="true" version="2" changeset="25667462" timestamp="2014-09-25T15:15:51Z" user="Heinz_V" uid="91490" lat="18.1521849" lon="74.5748980"/>
 <node id="2204460150" visible="true" version="1" changeset="15382910" timestamp="2013-03-16T11:45:27Z" user="singleton" uid="1157969" lat="18.3725791" lon="74.5934286"/>
 <node id="2306724214" visible="true" version="1" changeset="16157496" timestamp="2013-05-16T18:52:24Z" user="Oberaffe" uid="56597" lat="18.0853569" lon="74.5438819">
  <tag k="power" v="tower"/>
 </node>
 <node id="2306724215" visible="true" version="1" changeset="16157496" timestamp="2013-05-16T18:52:24Z" user="Oberaffe" uid="56597" lat="18.0877065" lon="74.5459219">
  <tag k="power" v="tower"/>
 </node>
 <node id="2306724217" visible="true" version="1" changeset="16157496" timestamp="2013-05-16T18:52:24Z" user="Oberaffe" uid="56597" lat="18.0899788" lon="74.5478461">
  <tag k="power" v="tower"/>
 </node>
 <node id="2306724218" visible="true" version="1" changeset="16157496" timestamp="2013-05-16T18:52:24Z" user="Oberaffe" uid="56597" lat="18.0921380" lon="74.5497109">
  <tag k="power" v="tower"/>
 </node>
 <node id="2306724219" visible="true" version="1" changeset="16157496" timestamp="2013-05-16T18:52:24Z" user="Oberaffe" uid="56597" lat="18.0943388" lon="74.5519386">
  <tag k="power" v="tower"/>
 </node>
 <node id="2306724220" visible="true" version="1" changeset="16157496" timestamp="2013-05-16T18:52:24Z" user="Oberaffe" uid="56597" lat="18.0965010" lon="74.5540912">
  <tag k="power" v="tower"/>
 </node>
 <node id="2306724221" visible="true" version="1" changeset="16157496" timestamp="2013-05-16T18:52:24Z" user="Oberaffe" uid="56597" lat="18.0985292" lon="74.5561625">
  <tag k="power" v="tower"/>
 </node>
 <node id="2306724222" visible="true" version="1" changeset="16157496" timestamp="2013-05-16T18:52:24Z" user="Oberaffe" uid="56597" lat="18.1003939" lon="74.5580178">
  <tag k="power" v="tower"/>
 </node>
 <node id="2306724223" visible="true" version="1" changeset="16157496" timestamp="2013-05-16T18:52:24Z" user="Oberaffe" uid="56597" lat="18.1028177" lon="74.5604771">
  <tag k="power" v="tower"/>
 </node>
 <node id="2306724224" visible="true" version="1" changeset="16157496" timestamp="2013-05-16T18:52:24Z" user="Oberaffe" uid="56597" lat="18.1049024" lon="74.5625640">
  <tag k="power" v="tower"/>
 </node>
 <node id="2306724225" visible="true" version="1" changeset="16157496" timestamp="2013-05-16T18:52:24Z" user="Oberaffe" uid="56597" lat="18.1069811" lon="74.5646947">
  <tag k="power" v="tower"/>
 </node>
 <node id="2306724226" visible="true" version="1" changeset="16157496" timestamp="2013-05-16T18:52:24Z" user="Oberaffe" uid="56597" lat="18.1089022" lon="74.5666376">
  <tag k="power" v="tower"/>
 </node>
 <node id="2306724227" visible="true" version="1" changeset="16157496" timestamp="2013-05-16T18:52:24Z" user="Oberaffe" uid="56597" lat="18.1112247" lon="74.5690030">
  <tag k="power" v="tower"/>
 </node>
 <node id="2306724229" visible="true" version="1" changeset="16157496" timestamp="2013-05-16T18:52:24Z" user="Oberaffe" uid="56597" lat="18.1132409" lon="74.5710461">
  <tag k="power" v="tower"/>
 </node>
 <node id="2306724230" visible="true" version="1" changeset="16157496" timestamp="2013-05-16T18:52:24Z" user="Oberaffe" uid="56597" lat="18.1153315" lon="74.5731518">
  <tag k="power" v="tower"/>
 </node>
 <node id="2306724231" visible="true" version="1" changeset="16157496" timestamp="2013-05-16T18:52:24Z" user="Oberaffe" uid="56597" lat="18.1173982" lon="74.5751980">
  <tag k="power" v="tower"/>
 </node>
 <node id="2306724232" visible="true" version="1" changeset="16157496" timestamp="2013-05-16T18:52:24Z" user="Oberaffe" uid="56597" lat="18.1195333" lon="74.5773131">
  <tag k="power" v="tower"/>
 </node>
 <node id="2306724233" visible="true" version="1" changeset="16157496" timestamp="2013-05-16T18:52:24Z" user="Oberaffe" uid="56597" lat="18.1217099" lon="74.5794719">
  <tag k="power" v="tower"/>
 </node>
 <node id="2306724234" visible="true" version="1" changeset="16157496" timestamp="2013-05-16T18:52:24Z" user="Oberaffe" uid="56597" lat="18.1236874" lon="74.5814462">
  <tag k="power" v="tower"/>
 </node>
 <node id="2306724235" visible="true" version="1" changeset="16157496" timestamp="2013-05-16T18:52:24Z" user="Oberaffe" uid="56597" lat="18.1258967" lon="74.5836113">
  <tag k="power" v="tower"/>
 </node>
 <node id="2306724236" visible="true" version="1" changeset="16157496" timestamp="2013-05-16T18:52:24Z" user="Oberaffe" uid="56597" lat="18.1281328" lon="74.5858484">
  <tag k="power" v="tower"/>
 </node>
 <node id="2306724237" visible="true" version="1" changeset="16157496" timestamp="2013-05-16T18:52:24Z" user="Oberaffe" uid="56597" lat="18.1312698" lon="74.5869372">
  <tag k="power" v="tower"/>
 </node>
 <node id="2306724238" visible="true" version="1" changeset="16157496" timestamp="2013-05-16T18:52:24Z" user="Oberaffe" uid="56597" lat="18.1336099" lon="74.5877507">
  <tag k="power" v="tower"/>
 </node>
 <node id="2306724239" visible="true" version="1" changeset="16157496" timestamp="2013-05-16T18:52:24Z" user="Oberaffe" uid="56597" lat="18.1355783" lon="74.5884265">
  <tag k="power" v="tower"/>
 </node>
 <node id="2306724240" visible="true" version="1" changeset="16157496" timestamp="2013-05-16T18:52:24Z" user="Oberaffe" uid="56597" lat="18.1380550" lon="74.5892901">
  <tag k="power" v="tower"/>
 </node>
 <node id="2306724241" visible="true" version="1" changeset="16157496" timestamp="2013-05-16T18:52:24Z" user="Oberaffe" uid="56597" lat="18.1407994" lon="74.5902538">
  <tag k="power" v="tower"/>
 </node>
 <node id="2306724242" visible="true" version="1" changeset="16157496" timestamp="2013-05-16T18:52:24Z" user="Oberaffe" uid="56597" lat="18.1434515" lon="74.5911642">
  <tag k="power" v="tower"/>
 </node>
 <node id="2306724244" visible="true" version="1" changeset="16157496" timestamp="2013-05-16T18:52:24Z" user="Oberaffe" uid="56597" lat="18.1462850" lon="74.5921467">
  <tag k="power" v="tower"/>
 </node>
 <node id="2306724245" visible="true" version="1" changeset="16157496" timestamp="2013-05-16T18:52:24Z" user="Oberaffe" uid="56597" lat="18.1481789" lon="74.5928162">
  <tag k="power" v="tower"/>
 </node>
 <node id="2306724246" visible="true" version="1" changeset="16157496" timestamp="2013-05-16T18:52:25Z" user="Oberaffe" uid="56597" lat="18.1505782" lon="74.5936548">
  <tag k="power" v="tower"/>
 </node>
 <node id="2306724247" visible="true" version="1" changeset="16157496" timestamp="2013-05-16T18:52:25Z" user="Oberaffe" uid="56597" lat="18.1531699" lon="74.5945375">
  <tag k="power" v="tower"/>
 </node>
 <node id="2306724248" visible="true" version="1" changeset="16157496" timestamp="2013-05-16T18:52:25Z" user="Oberaffe" uid="56597" lat="18.1557767" lon="74.5954291">
  <tag k="power" v="tower"/>
 </node>
 <node id="2306724249" visible="true" version="1" changeset="16157496" timestamp="2013-05-16T18:52:25Z" user="Oberaffe" uid="56597" lat="18.1578660" lon="74.5961456">
  <tag k="power" v="tower"/>
 </node>
 <node id="2306724250" visible="true" version="1" changeset="16157496" timestamp="2013-05-16T18:52:25Z" user="Oberaffe" uid="56597" lat="18.1602950" lon="74.5969956">
  <tag k="power" v="tower"/>
 </node>
 <node id="2306724251" visible="true" version="1" changeset="16157496" timestamp="2013-05-16T18:52:25Z" user="Oberaffe" uid="56597" lat="18.1627452" lon="74.5978491">
  <tag k="power" v="tower"/>
 </node>
 <node id="2306724252" visible="true" version="1" changeset="16157496" timestamp="2013-05-16T18:52:25Z" user="Oberaffe" uid="56597" lat="18.1655999" lon="74.5988314">
  <tag k="power" v="tower"/>
 </node>
 <node id="2306724253" visible="true" version="1" changeset="16157496" timestamp="2013-05-16T18:52:25Z" user="Oberaffe" uid="56597" lat="18.1672500" lon="74.5986412">
  <tag k="power" v="tower"/>
 </node>
 <node id="2306724254" visible="true" version="1" changeset="16157496" timestamp="2013-05-16T18:52:25Z" user="Oberaffe" uid="56597" lat="18.1691062" lon="74.5962111">
  <tag k="power" v="tower"/>
 </node>
 <node id="2306724255" visible="true" version="1" changeset="16157496" timestamp="2013-05-16T18:52:25Z" user="Oberaffe" uid="56597" lat="18.1691626" lon="74.5972672">
  <tag k="power" v="tower"/>
 </node>
 <node id="2306724256" visible="true" version="1" changeset="16157496" timestamp="2013-05-16T18:52:25Z" user="Oberaffe" uid="56597" lat="18.1695016" lon="74.5955353">
  <tag k="power" v="tower"/>
 </node>
 <node id="2314603050" visible="true" version="1" changeset="16225168" timestamp="2013-05-21T14:35:21Z" user="parambyte" uid="715224" lat="18.1532952" lon="74.5674775"/>
 <node id="2314603051" visible="true" version="1" changeset="16225168" timestamp="2013-05-21T14:35:21Z" user="parambyte" uid="715224" lat="18.1348314" lon="74.5753685"/>
 <node id="2314603052" visible="true" version="1" changeset="16225168" timestamp="2013-05-21T14:35:21Z" user="parambyte" uid="715224" lat="18.1307418" lon="74.5799484"/>
 <node id="2314603053" visible="true" version="1" changeset="16225168" timestamp="2013-05-21T14:35:22Z" user="parambyte" uid="715224" lat="18.1493294" lon="74.5686255"/>
 <node id="2314603054" visible="true" version="1" changeset="16225168" timestamp="2013-05-21T14:35:22Z" user="parambyte" uid="715224" lat="18.1300179" lon="74.5812842"/>
 <node id="2314603055" visible="true" version="1" changeset="16225168" timestamp="2013-05-21T14:35:22Z" user="parambyte" uid="715224" lat="18.1527141" lon="74.5675848"/>
 <node id="2314603056" visible="true" version="1" changeset="16225168" timestamp="2013-05-21T14:35:22Z" user="parambyte" uid="715224" lat="18.1604366" lon="74.5652781"/>
 <node id="2314603058" visible="true" version="1" changeset="16225168" timestamp="2013-05-21T14:35:22Z" user="parambyte" uid="715224" lat="18.1340147" lon="74.5774969"/>
 <node id="2314603059" visible="true" version="1" changeset="16225168" timestamp="2013-05-21T14:35:22Z" user="parambyte" uid="715224" lat="18.1355135" lon="74.5741709"/>
 <node id="2314603060" visible="true" version="1" changeset="16225168" timestamp="2013-05-21T14:35:22Z" user="parambyte" uid="715224" lat="18.1290859" lon="74.5831791"/>
 <node id="2314603061" visible="true" version="1" changeset="16225168" timestamp="2013-05-21T14:35:22Z" user="parambyte" uid="715224" lat="18.1293714" lon="74.5828358"/>
 <node id="2314603062" visible="true" version="1" changeset="16225168" timestamp="2013-05-21T14:35:22Z" user="parambyte" uid="715224" lat="18.1376149" lon="74.5720587"/>
 <node id="2314603063" visible="true" version="1" changeset="16225168" timestamp="2013-05-21T14:35:22Z" user="parambyte" uid="715224" lat="18.1417696" lon="74.5716885"/>
 <node id="2314603064" visible="true" version="2" changeset="27365496" timestamp="2014-12-09T21:00:34Z" user="pyram" uid="497849" lat="18.1537347" lon="74.5889001"/>
 <node id="2314603065" visible="true" version="1" changeset="16225168" timestamp="2013-05-21T14:35:22Z" user="parambyte" uid="715224" lat="18.1343410" lon="74.5771750"/>
 <node id="2314603066" visible="true" version="1" changeset="16225168" timestamp="2013-05-21T14:35:22Z" user="parambyte" uid="715224" lat="18.1439807" lon="74.5708235"/>
 <node id="2314603067" visible="true" version="1" changeset="16225168" timestamp="2013-05-21T14:35:22Z" user="parambyte" uid="715224" lat="18.1349324" lon="74.5757856"/>
 <node id="2314603068" visible="true" version="1" changeset="16225168" timestamp="2013-05-21T14:35:22Z" user="parambyte" uid="715224" lat="18.1298965" lon="74.5814250"/>
 <node id="2314603069" visible="true" version="1" changeset="16225168" timestamp="2013-05-21T14:35:22Z" user="parambyte" uid="715224" lat="18.1387517" lon="74.5720587"/>
 <node id="2314603070" visible="true" version="1" changeset="16225168" timestamp="2013-05-21T14:35:22Z" user="parambyte" uid="715224" lat="18.1485890" lon="74.5687797"/>
 <node id="2314603072" visible="true" version="1" changeset="16225168" timestamp="2013-05-21T14:35:22Z" user="parambyte" uid="715224" lat="18.1393879" lon="74.5716282"/>
 <node id="2314603073" visible="true" version="1" changeset="16225168" timestamp="2013-05-21T14:35:22Z" user="parambyte" uid="715224" lat="18.1298099" lon="74.5822135"/>
 <node id="2314603074" visible="true" version="2" changeset="16235664" timestamp="2013-05-22T10:19:37Z" user="rameshbhoir" uid="1160394" lat="18.1576601" lon="74.5665347"/>
 <node id="2314603075" visible="true" version="1" changeset="16225168" timestamp="2013-05-21T14:35:22Z" user="parambyte" uid="715224" lat="18.1558885" lon="74.5674761"/>
 <node id="2314603076" visible="true" version="1" changeset="16225168" timestamp="2013-05-21T14:35:22Z" user="parambyte" uid="715224" lat="18.1597523" lon="74.5650836"/>
 <node id="2314603077" visible="true" version="1" changeset="16225168" timestamp="2013-05-21T14:35:22Z" user="parambyte" uid="715224" lat="18.1350853" lon="74.5753940"/>
 <node id="2314603078" visible="true" version="1" changeset="16225168" timestamp="2013-05-21T14:35:22Z" user="parambyte" uid="715224" lat="18.1531104" lon="74.5674171"/>
 <node id="2314603079" visible="true" version="1" changeset="16225168" timestamp="2013-05-21T14:35:22Z" user="parambyte" uid="715224" lat="18.1362425" lon="74.5729908"/>
 <node id="2314603080" visible="true" version="1" changeset="16225168" timestamp="2013-05-21T14:35:22Z" user="parambyte" uid="715224" lat="18.1575451" lon="74.5663872"/>
 <node id="2314603081" visible="true" version="1" changeset="16225168" timestamp="2013-05-21T14:35:22Z" user="parambyte" uid="715224" lat="18.1579389" lon="74.5661417"/>
 <node id="2314603082" visible="true" version="1" changeset="16225168" timestamp="2013-05-21T14:35:22Z" user="parambyte" uid="715224" lat="18.1567308" lon="74.5671932"/>
 <node id="2314603083" visible="true" version="1" changeset="16225168" timestamp="2013-05-21T14:35:22Z" user="parambyte" uid="715224" lat="18.1297324" lon="74.5819869"/>
 <node id="2314603084" visible="true" version="1" changeset="16225168" timestamp="2013-05-21T14:35:22Z" user="parambyte" uid="715224" lat="18.1504700" lon="74.5680877"/>
 <node id="2314603085" visible="true" version="1" changeset="16225168" timestamp="2013-05-21T14:35:22Z" user="parambyte" uid="715224" lat="18.1433295" lon="74.5710555"/>
 <node id="2314603087" visible="true" version="1" changeset="16225168" timestamp="2013-05-21T14:35:22Z" user="parambyte" uid="715224" lat="18.1561587" lon="74.5674171"/>
 <node id="2314603088" visible="true" version="1" changeset="16225168" timestamp="2013-05-21T14:35:22Z" user="parambyte" uid="715224" lat="18.1392309" lon="74.5717315"/>
 <node id="2314603089" visible="true" version="1" changeset="16225168" timestamp="2013-05-21T14:35:22Z" user="parambyte" uid="715224" lat="18.1443834" lon="74.5707913"/>
 <node id="2314603090" visible="true" version="1" changeset="16225168" timestamp="2013-05-21T14:35:22Z" user="parambyte" uid="715224" lat="18.1339546" lon="74.5778469"/>
 <node id="2314603091" visible="true" version="1" changeset="16225168" timestamp="2013-05-21T14:35:22Z" user="parambyte" uid="715224" lat="18.1600316" lon="74.5650611"/>
 <node id="2314603092" visible="true" version="1" changeset="16225168" timestamp="2013-05-21T14:35:22Z" user="parambyte" uid="715224" lat="18.1289014" lon="74.5830651"/>
 <node id="2314603093" visible="true" version="1" changeset="16225168" timestamp="2013-05-21T14:35:22Z" user="parambyte" uid="715224" lat="18.1418196" lon="74.5713922"/>
 <node id="2314603094" visible="true" version="1" changeset="16225168" timestamp="2013-05-21T14:35:22Z" user="parambyte" uid="715224" lat="18.1355655" lon="74.5740543"/>
 <node id="2314603095" visible="true" version="1" changeset="16225168" timestamp="2013-05-21T14:35:22Z" user="parambyte" uid="715224" lat="18.1574585" lon="74.5665481"/>
 <node id="2314603096" visible="true" version="1" changeset="16225168" timestamp="2013-05-21T14:35:22Z" user="parambyte" uid="715224" lat="18.1615630" lon="74.5644573"/>
 <node id="2314603097" visible="true" version="2" changeset="16235664" timestamp="2013-05-22T10:19:39Z" user="rameshbhoir" uid="1160394" lat="18.1304188" lon="74.5803167"/>
 <node id="2314603098" visible="true" version="1" changeset="16225168" timestamp="2013-05-21T14:35:22Z" user="parambyte" uid="715224" lat="18.1537081" lon="74.5677833"/>
 <node id="2314603099" visible="true" version="1" changeset="16225168" timestamp="2013-05-21T14:35:22Z" user="parambyte" uid="715224" lat="18.1390576" lon="74.5720319"/>
 <node id="2314603100" visible="true" version="1" changeset="16225168" timestamp="2013-05-21T14:35:22Z" user="parambyte" uid="715224" lat="18.1406838" lon="74.5719568"/>
 <node id="2314603101" visible="true" version="1" changeset="16225168" timestamp="2013-05-21T14:35:22Z" user="parambyte" uid="715224" lat="18.1498939" lon="74.5685115"/>
 <node id="2314603103" visible="true" version="1" changeset="16225168" timestamp="2013-05-21T14:35:22Z" user="parambyte" uid="715224" lat="18.1395612" lon="74.5716067"/>
 <node id="2314603104" visible="true" version="1" changeset="16225168" timestamp="2013-05-21T14:35:22Z" user="parambyte" uid="715224" lat="18.1447314" lon="74.5709751"/>
 <node id="2314603105" visible="true" version="1" changeset="16225168" timestamp="2013-05-21T14:35:22Z" user="parambyte" uid="715224" lat="18.1301871" lon="74.5811031"/>
 <node id="2314603106" visible="true" version="1" changeset="16225168" timestamp="2013-05-21T14:35:22Z" user="parambyte" uid="715224" lat="18.1332296" lon="74.5782425"/>
 <node id="2314603107" visible="true" version="2" changeset="16235664" timestamp="2013-05-22T10:19:36Z" user="rameshbhoir" uid="1160394" lat="18.1532152" lon="74.5676610"/>
 <node id="2314603108" visible="true" version="1" changeset="16225168" timestamp="2013-05-21T14:35:22Z" user="parambyte" uid="715224" lat="18.1301005" lon="74.5814786"/>
 <node id="2314603109" visible="true" version="1" changeset="16225168" timestamp="2013-05-21T14:35:23Z" user="parambyte" uid="715224" lat="18.1309773" lon="74.5795850"/>
 <node id="2314603110" visible="true" version="2" changeset="16235664" timestamp="2013-05-22T10:19:36Z" user="rameshbhoir" uid="1160394" lat="18.1615268" lon="74.5643592"/>
 <node id="2314603111" visible="true" version="1" changeset="16225168" timestamp="2013-05-21T14:35:23Z" user="parambyte" uid="715224" lat="18.1295794" lon="74.5820888"/>
 <node id="2314603112" visible="true" version="1" changeset="16225168" timestamp="2013-05-21T14:35:23Z" user="parambyte" uid="715224" lat="18.1372672" lon="74.5722558"/>
 <node id="2314603113" visible="true" version="1" changeset="16225168" timestamp="2013-05-21T14:35:23Z" user="parambyte" uid="715224" lat="18.1360692" lon="74.5731571"/>
 <node id="2314603114" visible="true" version="1" changeset="16225168" timestamp="2013-05-21T14:35:23Z" user="parambyte" uid="715224" lat="18.1571730" lon="74.5669236"/>
 <node id="2314603116" visible="true" version="1" changeset="16225168" timestamp="2013-05-21T14:35:23Z" user="parambyte" uid="715224" lat="18.1344848" lon="74.5761625"/>
 <node id="2314603117" visible="true" version="1" changeset="16225168" timestamp="2013-05-21T14:35:23Z" user="parambyte" uid="715224" lat="18.1389709" lon="74.5717690"/>
 <node id="2314603118" visible="true" version="1" changeset="16225168" timestamp="2013-05-21T14:35:23Z" user="parambyte" uid="715224" lat="18.1578306" lon="74.5662584"/>
 <node id="2314603119" visible="true" version="1" changeset="16225168" timestamp="2013-05-21T14:35:23Z" user="parambyte" uid="715224" lat="18.1613681" lon="74.5642629"/>
 <node id="2314603120" visible="true" version="1" changeset="16225168" timestamp="2013-05-21T14:35:23Z" user="parambyte" uid="715224" lat="18.1451983" lon="74.5947228"/>
 <node id="2314603121" visible="true" version="2" changeset="16235664" timestamp="2013-05-22T10:19:37Z" user="rameshbhoir" uid="1160394" lat="18.1444833" lon="74.5709276"/>
 <node id="2314603122" visible="true" version="1" changeset="16225168" timestamp="2013-05-21T14:35:23Z" user="parambyte" uid="715224" lat="18.1337099" lon="74.5781205"/>
 <node id="2314603123" visible="true" version="1" changeset="16225168" timestamp="2013-05-21T14:35:23Z" user="parambyte" uid="715224" lat="18.1353820" lon="74.5742957"/>
 <node id="2314603124" visible="true" version="1" changeset="16225168" timestamp="2013-05-21T14:35:23Z" user="parambyte" uid="715224" lat="18.1564798" lon="74.5673474"/>
 <node id="2314603125" visible="true" version="1" changeset="16225168" timestamp="2013-05-21T14:35:23Z" user="parambyte" uid="715224" lat="18.1600033" lon="74.5654712"/>
 <node id="2314603126" visible="true" version="1" changeset="16225168" timestamp="2013-05-21T14:35:23Z" user="parambyte" uid="715224" lat="18.1456528" lon="74.5703676"/>
 <node id="2314603127" visible="true" version="1" changeset="16225168" timestamp="2013-05-21T14:35:23Z" user="parambyte" uid="715224" lat="18.1437157" lon="74.5711669"/>
 <node id="2314603128" visible="true" version="2" changeset="16235664" timestamp="2013-05-22T10:19:37Z" user="rameshbhoir" uid="1160394" lat="18.1586301" lon="74.5656263"/>
 <node id="2314603129" visible="true" version="1" changeset="16225168" timestamp="2013-05-21T14:35:23Z" user="parambyte" uid="715224" lat="18.1297885" lon="74.5818099"/>
 <node id="2314603131" visible="true" version="1" changeset="16225168" timestamp="2013-05-21T14:35:23Z" user="parambyte" uid="715224" lat="18.1409937" lon="74.5716282"/>
 <node id="2314603132" visible="true" version="1" changeset="16225168" timestamp="2013-05-21T14:35:23Z" user="parambyte" uid="715224" lat="18.1356879" lon="74.5743708"/>
 <node id="2314603133" visible="true" version="1" changeset="16225168" timestamp="2013-05-21T14:35:23Z" user="parambyte" uid="715224" lat="18.1473910" lon="74.5693430"/>
 <node id="2314603134" visible="true" version="1" changeset="16225168" timestamp="2013-05-21T14:35:23Z" user="parambyte" uid="715224" lat="18.1461791" lon="74.5703689"/>
 <node id="2314603135" visible="true" version="1" changeset="16225168" timestamp="2013-05-21T14:35:23Z" user="parambyte" uid="715224" lat="18.1304716" lon="74.5805814"/>
 <node id="2314603136" visible="true" version="1" changeset="16225168" timestamp="2013-05-21T14:35:23Z" user="parambyte" uid="715224" lat="18.1469081" lon="74.5698110"/>
 <node id="2314603138" visible="true" version="3" changeset="25849654" timestamp="2014-10-04T11:32:07Z" user="Heinz_V" uid="91490" lat="18.1481417" lon="74.5688709"/>
 <node id="2314603139" visible="true" version="1" changeset="16225168" timestamp="2013-05-21T14:35:23Z" user="parambyte" uid="715224" lat="18.1399283" lon="74.5718160"/>
 <node id="2314603140" visible="true" version="1" changeset="16225168" timestamp="2013-05-21T14:35:23Z" user="parambyte" uid="715224" lat="18.1301300" lon="74.5811930"/>
 <node id="2314603141" visible="true" version="1" changeset="16225168" timestamp="2013-05-21T14:35:23Z" user="parambyte" uid="715224" lat="18.1381746" lon="74.5719340"/>
 <node id="2314603142" visible="true" version="1" changeset="16225168" timestamp="2013-05-21T14:35:23Z" user="parambyte" uid="715224" lat="18.1488795" lon="74.5684364"/>
 <node id="2314603143" visible="true" version="1" changeset="16225168" timestamp="2013-05-21T14:35:23Z" user="parambyte" uid="715224" lat="18.1491140" lon="74.5684149"/>
 <node id="2314603144" visible="true" version="1" changeset="16225168" timestamp="2013-05-21T14:35:23Z" user="parambyte" uid="715224" lat="18.1311344" lon="74.5794871"/>
 <node id="2314603145" visible="true" version="2" changeset="16235664" timestamp="2013-05-22T10:19:37Z" user="rameshbhoir" uid="1160394" lat="18.1307757" lon="74.5798819"/>
 <node id="2314603146" visible="true" version="1" changeset="16225168" timestamp="2013-05-21T14:35:23Z" user="parambyte" uid="715224" lat="18.1384448" lon="74.5718696"/>
 <node id="2314603147" visible="true" version="1" changeset="16225168" timestamp="2013-05-21T14:35:23Z" user="parambyte" uid="715224" lat="18.1576165" lon="74.5660546"/>
 <node id="2314603148" visible="true" version="3" changeset="25849654" timestamp="2014-10-04T11:32:07Z" user="Heinz_V" uid="91490" lat="18.1361359" lon="74.5732648"/>
 <node id="2314603149" visible="true" version="1" changeset="16225168" timestamp="2013-05-21T14:35:23Z" user="parambyte" uid="715224" lat="18.1304321" lon="74.5817546"/>
 <node id="2314603150" visible="true" version="1" changeset="16225168" timestamp="2013-05-21T14:35:23Z" user="parambyte" uid="715224" lat="18.1466417" lon="74.5701852"/>
 <node id="2314603152" visible="true" version="2" changeset="16225168" timestamp="2013-05-21T14:45:07Z" user="parambyte" uid="715224" lat="18.1446460" lon="74.5733107"/>
 <node id="2314603153" visible="true" version="1" changeset="16225168" timestamp="2013-05-21T14:35:23Z" user="parambyte" uid="715224" lat="18.1402036" lon="74.5715477"/>
 <node id="2314603154" visible="true" version="1" changeset="16225168" timestamp="2013-05-21T14:35:23Z" user="parambyte" uid="715224" lat="18.1573311" lon="74.5667627"/>
 <node id="2314603155" visible="true" version="1" changeset="16225168" timestamp="2013-05-21T14:35:23Z" user="parambyte" uid="715224" lat="18.1470036" lon="74.5700457"/>
 <node id="2314603156" visible="true" version="1" changeset="16225168" timestamp="2013-05-21T14:35:23Z" user="parambyte" uid="715224" lat="18.1302065" lon="74.5807692"/>
 <node id="2314603157" visible="true" version="2" changeset="16235664" timestamp="2013-05-22T10:19:37Z" user="rameshbhoir" uid="1160394" lat="18.1607337" lon="74.5650056"/>
 <node id="2314603158" visible="true" version="1" changeset="16225168" timestamp="2013-05-21T14:35:23Z" user="parambyte" uid="715224" lat="18.1609718" lon="74.5649562"/>
 <node id="2314603159" visible="true" version="1" changeset="16225168" timestamp="2013-05-21T14:35:23Z" user="parambyte" uid="715224" lat="18.1399385" lon="74.5715531"/>
 <node id="2314603160" visible="true" version="1" changeset="16225168" timestamp="2013-05-21T14:35:24Z" user="parambyte" uid="715224" lat="18.1401628" lon="74.5718374"/>
 <node id="2314603161" visible="true" version="2" changeset="16235664" timestamp="2013-05-22T10:19:38Z" user="rameshbhoir" uid="1160394" lat="18.1541755" lon="74.5677774"/>
 <node id="2314603162" visible="true" version="1" changeset="16225168" timestamp="2013-05-21T14:35:24Z" user="parambyte" uid="715224" lat="18.1406573" lon="74.5716765"/>
 <node id="2314603163" visible="true" version="1" changeset="16225168" timestamp="2013-05-21T14:35:24Z" user="parambyte" uid="715224" lat="18.1334540" lon="74.5783927"/>
 <node id="2314603164" visible="true" version="1" changeset="16225168" timestamp="2013-05-21T14:35:24Z" user="parambyte" uid="715224" lat="18.1581632" lon="74.5659915"/>
 <node id="2314603166" visible="true" version="1" changeset="16225168" timestamp="2013-05-21T14:35:24Z" user="parambyte" uid="715224" lat="18.1298099" lon="74.5815537"/>
 <node id="2314603168" visible="true" version="1" changeset="16225168" timestamp="2013-05-21T14:35:24Z" user="parambyte" uid="715224" lat="18.1540038" lon="74.5678852"/>
 <node id="2314603169" visible="true" version="1" changeset="16225168" timestamp="2013-05-21T14:35:24Z" user="parambyte" uid="715224" lat="18.1516370" lon="74.5711658"/>
 <node id="2314603170" visible="true" version="1" changeset="16225168" timestamp="2013-05-21T14:35:24Z" user="parambyte" uid="715224" lat="18.1319297" lon="74.5790740"/>
 <node id="2314603171" visible="true" version="1" changeset="16225168" timestamp="2013-05-21T14:35:24Z" user="parambyte" uid="715224" lat="18.1449952" lon="74.5708074"/>
 <node id="2314603172" visible="true" version="1" changeset="16225168" timestamp="2013-05-21T14:35:24Z" user="parambyte" uid="715224" lat="18.1308958" lon="74.5799229"/>
 <node id="2314603173" visible="true" version="1" changeset="16225168" timestamp="2013-05-21T14:35:24Z" user="parambyte" uid="715224" lat="18.1429663" lon="74.5711454"/>
 <node id="2314603175" visible="true" version="2" changeset="16235664" timestamp="2013-05-22T10:19:36Z" user="rameshbhoir" uid="1160394" lat="18.1563998" lon="74.5675234"/>
 <node id="2314603176" visible="true" version="1" changeset="16225168" timestamp="2013-05-21T14:35:24Z" user="parambyte" uid="715224" lat="18.1453316" lon="74.5704909"/>
 <node id="2314603177" visible="true" version="1" changeset="16225168" timestamp="2013-05-21T14:35:24Z" user="parambyte" uid="715224" lat="18.1448066" lon="74.5706894"/>
 <node id="2314603178" visible="true" version="1" changeset="16225168" timestamp="2013-05-21T14:35:24Z" user="parambyte" uid="715224" lat="18.1358143" lon="74.5741387"/>
 <node id="2314603179" visible="true" version="1" changeset="16225168" timestamp="2013-05-21T14:35:24Z" user="parambyte" uid="715224" lat="18.1445670" lon="74.5707484"/>
 <node id="2314603180" visible="true" version="2" changeset="16235664" timestamp="2013-05-22T10:19:37Z" user="rameshbhoir" uid="1160394" lat="18.1349568" lon="74.5754971"/>
 <node id="2314603181" visible="true" version="1" changeset="16225168" timestamp="2013-05-21T14:35:24Z" user="parambyte" uid="715224" lat="18.1473363" lon="74.5697037"/>
 <node id="2314603182" visible="true" version="1" changeset="16225168" timestamp="2013-05-21T14:35:24Z" user="parambyte" uid="715224" lat="18.1294418" lon="74.5822712"/>
 <node id="2314603183" visible="true" version="1" changeset="16225168" timestamp="2013-05-21T14:35:24Z" user="parambyte" uid="715224" lat="18.1349028" lon="74.5751379"/>
 <node id="2314603184" visible="true" version="1" changeset="16225168" timestamp="2013-05-21T14:35:24Z" user="parambyte" uid="715224" lat="18.1370123" lon="74.5723846"/>
 <node id="2314603185" visible="true" version="1" changeset="16225168" timestamp="2013-05-21T14:35:24Z" user="parambyte" uid="715224" lat="18.1368186" lon="74.5725455"/>
 <node id="2314603186" visible="true" version="2" changeset="16235664" timestamp="2013-05-22T10:19:37Z" user="rameshbhoir" uid="1160394" lat="18.1303120" lon="74.5811646"/>
 <node id="2314603187" visible="true" version="3" changeset="25849654" timestamp="2014-10-04T11:32:07Z" user="Heinz_V" uid="91490" lat="18.1393331" lon="74.5718018"/>
 <node id="2314603188" visible="true" version="1" changeset="16225168" timestamp="2013-05-21T14:35:24Z" user="parambyte" uid="715224" lat="18.1466723" lon="74.5699491"/>
 <node id="2314603190" visible="true" version="1" changeset="16225168" timestamp="2013-05-21T14:35:24Z" user="parambyte" uid="715224" lat="18.1481213" lon="74.5687167"/>
 <node id="2314603191" visible="true" version="2" changeset="16235664" timestamp="2013-05-22T10:19:38Z" user="rameshbhoir" uid="1160394" lat="18.1554776" lon="74.5676591"/>
 <node id="2314603192" visible="true" version="2" changeset="16235664" timestamp="2013-05-22T10:19:38Z" user="rameshbhoir" uid="1160394" lat="18.1572406" lon="74.5670457"/>
 <node id="2314603193" visible="true" version="1" changeset="16225168" timestamp="2013-05-21T14:35:24Z" user="parambyte" uid="715224" lat="18.1569080" lon="74.5670899"/>
 <node id="2314603194" visible="true" version="1" changeset="16225168" timestamp="2013-05-21T14:35:24Z" user="parambyte" uid="715224" lat="18.1457234" lon="74.5938125"/>
 <node id="2314603195" visible="true" version="1" changeset="16225168" timestamp="2013-05-21T14:35:24Z" user="parambyte" uid="715224" lat="18.1454333" lon="74.5779746"/>
 <node id="2314603196" visible="true" version="1" changeset="16225168" timestamp="2013-05-21T14:35:24Z" user="parambyte" uid="715224" lat="18.1324140" lon="74.5787843"/>
 <node id="2314603197" visible="true" version="1" changeset="16225168" timestamp="2013-05-21T14:35:24Z" user="parambyte" uid="715224" lat="18.1348100" lon="74.5755442"/>
 <node id="2314603198" visible="true" version="1" changeset="16225168" timestamp="2013-05-21T14:35:24Z" user="parambyte" uid="715224" lat="18.1570456" lon="74.5669933"/>
 <node id="2314603199" visible="true" version="1" changeset="16225168" timestamp="2013-05-21T14:35:24Z" user="parambyte" uid="715224" lat="18.1605474" lon="74.5648905"/>
 <node id="2314603200" visible="true" version="1" changeset="16225168" timestamp="2013-05-21T14:35:24Z" user="parambyte" uid="715224" lat="18.1319052" lon="74.5793758"/>
 <node id="2314603201" visible="true" version="1" changeset="16225168" timestamp="2013-05-21T14:35:24Z" user="parambyte" uid="715224" lat="18.1299618" lon="74.5819547"/>
 <node id="2314603202" visible="true" version="1" changeset="16225168" timestamp="2013-05-21T14:35:24Z" user="parambyte" uid="715224" lat="18.1453520" lon="74.5707162"/>
 <node id="2314603203" visible="true" version="1" changeset="16225168" timestamp="2013-05-21T14:35:24Z" user="parambyte" uid="715224" lat="18.1355196" lon="74.5745317"/>
 <node id="2314603204" visible="true" version="1" changeset="16225168" timestamp="2013-05-21T14:35:24Z" user="parambyte" uid="715224" lat="18.1414382" lon="74.5718548"/>
 <node id="2314603206" visible="true" version="2" changeset="16233720" timestamp="2013-05-22T07:15:31Z" user="parambyte" uid="715224" lat="18.1506702" lon="74.5759929"/>
 <node id="2314603207" visible="true" version="1" changeset="16225168" timestamp="2013-05-21T14:35:24Z" user="parambyte" uid="715224" lat="18.1346673" lon="74.5765474"/>
 <node id="2314603208" visible="true" version="1" changeset="16225168" timestamp="2013-05-21T14:35:24Z" user="parambyte" uid="715224" lat="18.1569959" lon="74.5673916"/>
 <node id="2314603209" visible="true" version="1" changeset="16225168" timestamp="2013-05-21T14:35:24Z" user="parambyte" uid="715224" lat="18.1307775" lon="74.5796480"/>
 <node id="2314603210" visible="true" version="1" changeset="16225168" timestamp="2013-05-21T14:35:24Z" user="parambyte" uid="715224" lat="18.1509759" lon="74.5682124"/>
 <node id="2314603211" visible="true" version="1" changeset="16225168" timestamp="2013-05-21T14:35:24Z" user="parambyte" uid="715224" lat="18.1588042" lon="74.5653733"/>
 <node id="2314603212" visible="true" version="1" changeset="16225168" timestamp="2013-05-21T14:35:24Z" user="parambyte" uid="715224" lat="18.1342339" lon="74.5772501"/>
 <node id="2314603213" visible="true" version="1" changeset="16225168" timestamp="2013-05-21T14:35:24Z" user="parambyte" uid="715224" lat="18.1382317" lon="74.5722357"/>
 <node id="2314603214" visible="true" version="1" changeset="16225168" timestamp="2013-05-21T14:35:25Z" user="parambyte" uid="715224" lat="18.1536151" lon="74.5677873"/>
 <node id="2314603215" visible="true" version="1" changeset="16225168" timestamp="2013-05-21T14:35:25Z" user="parambyte" uid="715224" lat="18.1544664" lon="74.5676049"/>
 <node id="2314603217" visible="true" version="2" changeset="26315138" timestamp="2014-10-25T07:45:52Z" user="Heinz_V" uid="91490" lat="18.1465917" lon="74.5855000"/>
 <node id="2314603218" visible="true" version="1" changeset="16225168" timestamp="2013-05-21T14:35:25Z" user="parambyte" uid="715224" lat="18.1589482" lon="74.5656160"/>
 <node id="2314603219" visible="true" version="1" changeset="16225168" timestamp="2013-05-21T14:35:25Z" user="parambyte" uid="715224" lat="18.1363547" lon="74.5731732"/>
 <node id="2314603221" visible="true" version="1" changeset="16225168" timestamp="2013-05-21T14:35:25Z" user="parambyte" uid="715224" lat="18.1458661" lon="74.5933184"/>
 <node id="2314603222" visible="true" version="1" changeset="16225168" timestamp="2013-05-21T14:35:25Z" user="parambyte" uid="715224" lat="18.1453008" lon="74.5778673"/>
 <node id="2314603224" visible="true" version="1" changeset="16225168" timestamp="2013-05-21T14:35:25Z" user="parambyte" uid="715224" lat="18.1463422" lon="74.5878580"/>
 <node id="2314603225" visible="true" version="1" changeset="16225168" timestamp="2013-05-21T14:35:25Z" user="parambyte" uid="715224" lat="18.1434149" lon="74.5712902"/>
 <node id="2314603226" visible="true" version="2" changeset="16235664" timestamp="2013-05-22T10:19:39Z" user="rameshbhoir" uid="1160394" lat="18.1337682" lon="74.5780368"/>
 <node id="2314603227" visible="true" version="1" changeset="16225168" timestamp="2013-05-21T14:35:25Z" user="parambyte" uid="715224" lat="18.1476931" lon="74.5693389"/>
 <node id="2314603228" visible="true" version="1" changeset="16225168" timestamp="2013-05-21T14:35:25Z" user="parambyte" uid="715224" lat="18.1567551" lon="74.5674922"/>
 <node id="2314603229" visible="true" version="1" changeset="16225168" timestamp="2013-05-21T14:35:25Z" user="parambyte" uid="715224" lat="18.1384856" lon="74.5721432"/>
 <node id="2314603231" visible="true" version="1" changeset="16225168" timestamp="2013-05-21T14:35:25Z" user="parambyte" uid="715224" lat="18.1302320" lon="74.5804956"/>
 <node id="2314603232" visible="true" version="1" changeset="16225168" timestamp="2013-05-21T14:35:25Z" user="parambyte" uid="715224" lat="18.1343216" lon="74.5775250"/>
 <node id="2314603233" visible="true" version="1" changeset="16225168" timestamp="2013-05-21T14:35:25Z" user="parambyte" uid="715224" lat="18.1396938" lon="74.5718320"/>
 <node id="2314603234" visible="true" version="1" changeset="16225168" timestamp="2013-05-21T14:35:25Z" user="parambyte" uid="715224" lat="18.1366555" lon="74.5729639"/>
 <node id="2314603235" visible="true" version="1" changeset="16225168" timestamp="2013-05-21T14:35:25Z" user="parambyte" uid="715224" lat="18.1455215" lon="74.5706639"/>
 <node id="2314603236" visible="true" version="2" changeset="27365496" timestamp="2014-12-09T21:00:34Z" user="pyram" uid="497849" lat="18.1531400" lon="74.5890260"/>
 <node id="2314603237" visible="true" version="2" changeset="16235664" timestamp="2013-05-22T10:19:39Z" user="rameshbhoir" uid="1160394" lat="18.1345592" lon="74.5764897"/>
 <node id="2314603238" visible="true" version="1" changeset="16225168" timestamp="2013-05-21T14:35:25Z" user="parambyte" uid="715224" lat="18.1345663" lon="74.5771978"/>
 <node id="2314603239" visible="true" version="1" changeset="16225168" timestamp="2013-05-21T14:35:25Z" user="parambyte" uid="715224" lat="18.1305287" lon="74.5801912"/>
 <node id="2314603240" visible="true" version="3" changeset="134273747" timestamp="2023-03-29T18:04:17Z" user="PlaneMad" uid="1306" lat="18.1435953" lon="74.5738346">
  <tag k="junction" v="yes"/>
  <tag k="name" v="Shivaji Chowk"/>
 </node>
 <node id="2314603241" visible="true" version="1" changeset="16225168" timestamp="2013-05-21T14:35:25Z" user="parambyte" uid="715224" lat="18.1303798" lon="74.5799806"/>
 <node id="2314603242" visible="true" version="2" changeset="16235664" timestamp="2013-05-22T10:19:39Z" user="rameshbhoir" uid="1160394" lat="18.1427213" lon="74.5713844"/>
 <node id="2314603243" visible="true" version="1" changeset="16225168" timestamp="2013-05-21T14:35:25Z" user="parambyte" uid="715224" lat="18.1370123" lon="74.5726796"/>
 <node id="2314603244" visible="true" version="1" changeset="16225168" timestamp="2013-05-21T14:35:25Z" user="parambyte" uid="715224" lat="18.1592374" lon="74.5652982"/>
 <node id="2314603246" visible="true" version="1" changeset="16225168" timestamp="2013-05-21T14:35:25Z" user="parambyte" uid="715224" lat="18.1479327" lon="74.5691351"/>
 <node id="2314603247" visible="true" version="1" changeset="16225168" timestamp="2013-05-21T14:35:25Z" user="parambyte" uid="715224" lat="18.1572597" lon="74.5671167"/>
 <node id="2314603248" visible="true" version="1" changeset="16225168" timestamp="2013-05-21T14:35:25Z" user="parambyte" uid="715224" lat="18.1299363" lon="74.5820298"/>
 <node id="2314603249" visible="true" version="1" changeset="16225168" timestamp="2013-05-21T14:35:25Z" user="parambyte" uid="715224" lat="18.1350139" lon="74.5755925"/>
 <node id="2314603250" visible="true" version="3" changeset="25849654" timestamp="2014-10-04T11:32:07Z" user="Heinz_V" uid="91490" lat="18.1367610" lon="74.5727011"/>
 <node id="2314603251" visible="true" version="1" changeset="16225168" timestamp="2013-05-21T14:35:25Z" user="parambyte" uid="715224" lat="18.1499449" lon="74.5682272"/>
 <node id="2314603252" visible="true" version="1" changeset="16225168" timestamp="2013-05-21T14:35:25Z" user="parambyte" uid="715224" lat="18.1346571" lon="74.5762094"/>
 <node id="2314603253" visible="true" version="1" changeset="16225168" timestamp="2013-05-21T14:35:25Z" user="parambyte" uid="715224" lat="18.1575974" lon="74.5667747"/>
 <node id="2314603254" visible="true" version="1" changeset="16225168" timestamp="2013-05-21T14:35:25Z" user="parambyte" uid="715224" lat="18.1313138" lon="74.5797191"/>
 <node id="2314603255" visible="true" version="1" changeset="16225168" timestamp="2013-05-21T14:35:25Z" user="parambyte" uid="715224" lat="18.1538903" lon="74.5675673"/>
 <node id="2314603256" visible="true" version="1" changeset="16225168" timestamp="2013-05-21T14:35:25Z" user="parambyte" uid="715224" lat="18.1412333" lon="74.5715746"/>
 <node id="2314603257" visible="true" version="1" changeset="16225168" timestamp="2013-05-21T14:35:25Z" user="parambyte" uid="715224" lat="18.1459433" lon="74.5702174"/>
 <node id="2314603258" visible="true" version="1" changeset="16225168" timestamp="2013-05-21T14:35:25Z" user="parambyte" uid="715224" lat="18.1614292" lon="74.5642360"/>
 <node id="2314603259" visible="true" version="1" changeset="16225168" timestamp="2013-05-21T14:35:25Z" user="parambyte" uid="715224" lat="18.1296865" lon="74.5824590"/>
 <node id="2314603260" visible="true" version="1" changeset="16225168" timestamp="2013-05-21T14:35:25Z" user="parambyte" uid="715224" lat="18.1305889" lon="74.5797767"/>
 <node id="2314603262" visible="true" version="1" changeset="16225168" timestamp="2013-05-21T14:35:25Z" user="parambyte" uid="715224" lat="18.1379615" lon="74.5723323"/>
 <node id="2314603263" visible="true" version="1" changeset="16225168" timestamp="2013-05-21T14:35:25Z" user="parambyte" uid="715224" lat="18.1345001" lon="74.5767847"/>
 <node id="2314603264" visible="true" version="1" changeset="16225168" timestamp="2013-05-21T14:35:25Z" user="parambyte" uid="715224" lat="18.1351781" lon="74.5751325"/>
 <node id="2314603265" visible="true" version="1" changeset="16225168" timestamp="2013-05-21T14:35:25Z" user="parambyte" uid="715224" lat="18.1323640" lon="74.5791236"/>
 <node id="2314603266" visible="true" version="1" changeset="16225168" timestamp="2013-05-21T14:35:25Z" user="parambyte" uid="715224" lat="18.1301963" lon="74.5808925"/>
 <node id="2314603267" visible="true" version="1" changeset="16225168" timestamp="2013-05-21T14:35:25Z" user="parambyte" uid="715224" lat="18.1524898" lon="74.5679013"/>
 <node id="2314603268" visible="true" version="1" changeset="16225168" timestamp="2013-05-21T14:35:25Z" user="parambyte" uid="715224" lat="18.1519024" lon="74.5677980"/>
 <node id="2314603269" visible="true" version="2" changeset="16235664" timestamp="2013-05-22T10:19:39Z" user="rameshbhoir" uid="1160394" lat="18.1345859" lon="74.5770047"/>
 <node id="2314603270" visible="true" version="1" changeset="16225168" timestamp="2013-05-21T14:35:26Z" user="parambyte" uid="715224" lat="18.1358857" lon="74.5733716"/>
 <node id="2314603271" visible="true" version="1" changeset="16225168" timestamp="2013-05-21T14:35:26Z" user="parambyte" uid="715224" lat="18.1594630" lon="74.5652244"/>
 <node id="2314603272" visible="true" version="1" changeset="16225168" timestamp="2013-05-21T14:35:26Z" user="parambyte" uid="715224" lat="18.1515060" lon="74.5678852"/>
 <node id="2314603273" visible="true" version="1" changeset="16225168" timestamp="2013-05-21T14:35:26Z" user="parambyte" uid="715224" lat="18.1612457" lon="74.5643433"/>
 <node id="2314603274" visible="true" version="1" changeset="16225168" timestamp="2013-05-21T14:35:26Z" user="parambyte" uid="715224" lat="18.1302636" lon="74.5813445"/>
 <node id="2314603275" visible="true" version="1" changeset="16225168" timestamp="2013-05-21T14:35:26Z" user="parambyte" uid="715224" lat="18.1359428" lon="74.5737592"/>
 <node id="2314603277" visible="true" version="1" changeset="16225168" timestamp="2013-05-21T14:35:26Z" user="parambyte" uid="715224" lat="18.1357542" lon="74.5736305"/>
 <node id="2314603278" visible="true" version="2" changeset="16235664" timestamp="2013-05-22T10:19:38Z" user="rameshbhoir" uid="1160394" lat="18.1523275" lon="74.5678608"/>
 <node id="2314603279" visible="true" version="1" changeset="16225168" timestamp="2013-05-21T14:35:26Z" user="parambyte" uid="715224" lat="18.1595445" lon="74.5655785"/>
 <node id="2314603280" visible="true" version="1" changeset="16225168" timestamp="2013-05-21T14:35:26Z" user="parambyte" uid="715224" lat="18.1292430" lon="74.5826467"/>
 <node id="2314603281" visible="true" version="1" changeset="16225168" timestamp="2013-05-21T14:35:26Z" user="parambyte" uid="715224" lat="18.1449710" lon="74.5706264"/>
 <node id="2314603282" visible="true" version="1" changeset="16225168" timestamp="2013-05-21T14:35:26Z" user="parambyte" uid="715224" lat="18.1554713" lon="74.5674673"/>
 <node id="2314603283" visible="true" version="1" changeset="16225168" timestamp="2013-05-21T14:35:26Z" user="parambyte" uid="715224" lat="18.1336426" lon="74.5778831"/>
 <node id="2314603284" visible="true" version="1" changeset="16225168" timestamp="2013-05-21T14:35:26Z" user="parambyte" uid="715224" lat="18.1549672" lon="74.5678423"/>
 <node id="2314603286" visible="true" version="1" changeset="16225168" timestamp="2013-05-21T14:35:26Z" user="parambyte" uid="715224" lat="18.1327769" lon="74.5784906"/>
 <node id="2314603287" visible="true" version="1" changeset="16225168" timestamp="2013-05-21T14:35:26Z" user="parambyte" uid="715224" lat="18.1344338" lon="74.5770208"/>
 <node id="2314603288" visible="true" version="1" changeset="16225168" timestamp="2013-05-21T14:35:26Z" user="parambyte" uid="715224" lat="18.1441451" lon="74.5710609"/>
 <node id="2314603289" visible="true" version="1" changeset="16225168" timestamp="2013-05-21T14:35:26Z" user="parambyte" uid="715224" lat="18.1523509" lon="74.5676746"/>
 <node id="2314603290" visible="true" version="1" changeset="16225168" timestamp="2013-05-21T14:35:26Z" user="parambyte" uid="715224" lat="18.1344175" lon="74.5764991"/>
 <node id="2314603292" visible="true" version="1" changeset="16225168" timestamp="2013-05-21T14:35:26Z" user="parambyte" uid="715224" lat="18.1565575" lon="74.5675472"/>
 <node id="2314603293" visible="true" version="1" changeset="16225168" timestamp="2013-05-21T14:35:26Z" user="parambyte" uid="715224" lat="18.1609450" lon="74.5645579"/>
 <node id="2314603295" visible="true" version="1" changeset="16225168" timestamp="2013-05-21T14:35:26Z" user="parambyte" uid="715224" lat="18.1585238" lon="74.5654698"/>
 <node id="2314603297" visible="true" version="1" changeset="16225168" timestamp="2013-05-21T14:35:26Z" user="parambyte" uid="715224" lat="18.1463371" lon="74.5700900"/>
 <node id="2314603299" visible="true" version="1" changeset="16225168" timestamp="2013-05-21T14:35:26Z" user="parambyte" uid="715224" lat="18.1346520" lon="74.5768800"/>
 <node id="2314603301" visible="true" version="2" changeset="16235664" timestamp="2013-05-22T10:19:36Z" user="rameshbhoir" uid="1160394" lat="18.1316584" lon="74.5794104"/>
 <node id="2314603302" visible="true" version="1" changeset="16225168" timestamp="2013-05-21T14:35:26Z" user="parambyte" uid="715224" lat="18.1603639" lon="74.5649870"/>
 <node id="2314603304" visible="true" version="1" changeset="16225168" timestamp="2013-05-21T14:35:26Z" user="parambyte" uid="715224" lat="18.1575872" lon="74.5661525"/>
 <node id="2314603306" visible="true" version="1" changeset="16225168" timestamp="2013-05-21T14:35:26Z" user="parambyte" uid="715224" lat="18.1558439" lon="74.5677296"/>
 <node id="2314603309" visible="true" version="2" changeset="134273747" timestamp="2023-03-29T18:04:17Z" user="PlaneMad" uid="1306" lat="18.1519256" lon="74.5819614"/>
 <node id="2314603311" visible="true" version="1" changeset="16225168" timestamp="2013-05-21T14:35:26Z" user="parambyte" uid="715224" lat="18.1472024" lon="74.5698311"/>
 <node id="2314603313" visible="true" version="1" changeset="16225168" timestamp="2013-05-21T14:35:26Z" user="parambyte" uid="715224" lat="18.1486501" lon="74.5684900"/>
 <node id="2314603314" visible="true" version="1" changeset="16225168" timestamp="2013-05-21T14:35:26Z" user="parambyte" uid="715224" lat="18.1338924" lon="74.5776900"/>
 <node id="2314603316" visible="true" version="1" changeset="16225168" timestamp="2013-05-21T14:35:26Z" user="parambyte" uid="715224" lat="18.1585047" lon="74.5657823"/>
 <node id="2314603318" visible="true" version="1" changeset="16225168" timestamp="2013-05-21T14:35:26Z" user="parambyte" uid="715224" lat="18.1581721" lon="74.5656308"/>
 <node id="2314603320" visible="true" version="1" changeset="16225168" timestamp="2013-05-21T14:35:26Z" user="parambyte" uid="715224" lat="18.1471107" lon="74.5695844"/>
 <node id="2314603322" visible="true" version="1" changeset="16225168" timestamp="2013-05-21T14:35:26Z" user="parambyte" uid="715224" lat="18.1579172" lon="74.5657595"/>
 <node id="2314603324" visible="true" version="1" changeset="16225168" timestamp="2013-05-21T14:35:26Z" user="parambyte" uid="715224" lat="18.1364974" lon="74.5727708"/>
 <node id="2314603326" visible="true" version="1" changeset="16225168" timestamp="2013-05-21T14:35:26Z" user="parambyte" uid="715224" lat="18.1391098" lon="74.5717728"/>
 <node id="2314603328" visible="true" version="1" changeset="16225168" timestamp="2013-05-21T14:35:26Z" user="parambyte" uid="715224" lat="18.1423189" lon="74.5713332"/>
 <node id="2314603330" visible="true" version="1" changeset="16225168" timestamp="2013-05-21T14:35:26Z" user="parambyte" uid="715224" lat="18.1544167" lon="74.5678423"/>
 <node id="2314603332" visible="true" version="1" changeset="16225168" timestamp="2013-05-21T14:35:26Z" user="parambyte" uid="715224" lat="18.1291614" lon="74.5830383"/>
 <node id="2314603333" visible="true" version="1" changeset="16225168" timestamp="2013-05-21T14:35:26Z" user="parambyte" uid="715224" lat="18.1520553" lon="74.5679965"/>
 <node id="2314603335" visible="true" version="1" changeset="16225168" timestamp="2013-05-21T14:35:26Z" user="parambyte" uid="715224" lat="18.1349782" lon="74.5750131"/>
 <node id="2314603337" visible="true" version="1" changeset="16225168" timestamp="2013-05-21T14:35:26Z" user="parambyte" uid="715224" lat="18.1428083" lon="74.5714190"/>
 <node id="2314603340" visible="true" version="1" changeset="16225168" timestamp="2013-05-21T14:35:26Z" user="parambyte" uid="715224" lat="18.1304206" lon="74.5810052"/>
 <node id="2314603342" visible="true" version="1" changeset="16225168" timestamp="2013-05-21T14:35:26Z" user="parambyte" uid="715224" lat="18.1356716" lon="74.5738544"/>
 <node id="2314603344" visible="true" version="1" changeset="16225168" timestamp="2013-05-21T14:35:26Z" user="parambyte" uid="715224" lat="18.1310630" lon="74.5798894"/>
 <node id="2314603346" visible="true" version="1" changeset="16225168" timestamp="2013-05-21T14:35:26Z" user="parambyte" uid="715224" lat="18.1347590" lon="74.5760002"/>
 <node id="2314603348" visible="true" version="1" changeset="16225168" timestamp="2013-05-21T14:35:26Z" user="parambyte" uid="715224" lat="18.1375833" lon="74.5724704"/>
 <node id="2314603350" visible="true" version="1" changeset="16225168" timestamp="2013-05-21T14:35:26Z" user="parambyte" uid="715224" lat="18.1352586" lon="74.5744821"/>
 <node id="2314603352" visible="true" version="1" changeset="16225168" timestamp="2013-05-21T14:35:26Z" user="parambyte" uid="715224" lat="18.1302585" lon="74.5802555"/>
 <node id="2314603354" visible="true" version="1" changeset="16225168" timestamp="2013-05-21T14:35:26Z" user="parambyte" uid="715224" lat="18.1315993" lon="74.5795099"/>
 <node id="2314603356" visible="true" version="1" changeset="16225168" timestamp="2013-05-21T14:35:26Z" user="parambyte" uid="715224" lat="18.1334998" lon="74.5780440"/>
 <node id="2314603358" visible="true" version="1" changeset="16225168" timestamp="2013-05-21T14:35:27Z" user="parambyte" uid="715224" lat="18.1299883" lon="74.5817576"/>
 <node id="2314603360" visible="true" version="1" changeset="16225168" timestamp="2013-05-21T14:35:27Z" user="parambyte" uid="715224" lat="18.1346020" lon="74.5758835"/>
 <node id="2314603362" visible="true" version="1" changeset="16225168" timestamp="2013-05-21T14:35:27Z" user="parambyte" uid="715224" lat="18.1328116" lon="74.5788594"/>
 <node id="2314603363" visible="true" version="1" changeset="16225168" timestamp="2013-05-21T14:35:27Z" user="parambyte" uid="715224" lat="18.1394042" lon="74.5720158"/>
 <node id="2314603365" visible="true" version="1" changeset="16225168" timestamp="2013-05-21T14:35:27Z" user="parambyte" uid="715224" lat="18.1476714" lon="74.5690211"/>
 <node id="2314603368" visible="true" version="1" changeset="16225168" timestamp="2013-05-21T14:35:27Z" user="parambyte" uid="715224" lat="18.1361865" lon="74.5733234"/>
 <node id="2314603370" visible="true" version="1" changeset="16225168" timestamp="2013-05-21T14:35:27Z" user="parambyte" uid="715224" lat="18.1378586" lon="74.5719554"/>
 <node id="2314603372" visible="true" version="2" changeset="16235664" timestamp="2013-05-22T10:19:39Z" user="rameshbhoir" uid="1160394" lat="18.1409970" lon="74.5718251"/>
 <node id="2314603379" visible="true" version="2" changeset="16235664" timestamp="2013-05-22T10:19:38Z" user="rameshbhoir" uid="1160394" lat="18.1461760" lon="74.5703105"/>
 <node id="2314603381" visible="true" version="2" changeset="16235664" timestamp="2013-05-22T10:19:38Z" user="rameshbhoir" uid="1160394" lat="18.1577518" lon="74.5661160"/>
 <node id="2314603383" visible="true" version="1" changeset="16225168" timestamp="2013-05-21T14:35:27Z" user="parambyte" uid="715224" lat="18.1403208" lon="74.5715692"/>
 <node id="2314603385" visible="true" version="1" changeset="16225168" timestamp="2013-05-21T14:35:27Z" user="parambyte" uid="715224" lat="18.1551902" lon="74.5675083"/>
 <node id="2314603387" visible="true" version="1" changeset="16225168" timestamp="2013-05-21T14:35:27Z" user="parambyte" uid="715224" lat="18.1552679" lon="74.5677779"/>
 <node id="2314603389" visible="true" version="1" changeset="16225168" timestamp="2013-05-21T14:35:27Z" user="parambyte" uid="715224" lat="18.1577337" lon="74.5658990"/>
 <node id="2314603392" visible="true" version="1" changeset="16225168" timestamp="2013-05-21T14:35:27Z" user="parambyte" uid="715224" lat="18.1315483" lon="74.5792738"/>
 <node id="2314603394" visible="true" version="1" changeset="16225168" timestamp="2013-05-21T14:35:27Z" user="parambyte" uid="715224" lat="18.1353259" lon="74.5748482"/>
 <node id="2314603396" visible="true" version="1" changeset="16225168" timestamp="2013-05-21T14:35:27Z" user="parambyte" uid="715224" lat="18.1351424" lon="74.5747034"/>
 <node id="2314603398" visible="true" version="1" changeset="16225168" timestamp="2013-05-21T14:35:27Z" user="parambyte" uid="715224" lat="18.1426961" lon="74.5712420"/>
 <node id="2314603400" visible="true" version="1" changeset="16225168" timestamp="2013-05-21T14:35:27Z" user="parambyte" uid="715224" lat="18.1507906" lon="74.5712543"/>
 <node id="2314603402" visible="true" version="1" changeset="16225168" timestamp="2013-05-21T14:35:27Z" user="parambyte" uid="715224" lat="18.1531066" lon="74.5677242"/>
 <node id="2314603404" visible="true" version="1" changeset="16225168" timestamp="2013-05-21T14:35:27Z" user="parambyte" uid="715224" lat="18.1510422" lon="74.5679871"/>
 <node id="2314603406" visible="true" version="1" changeset="16225168" timestamp="2013-05-21T14:35:27Z" user="parambyte" uid="715224" lat="18.1387456" lon="74.5718160"/>
 <node id="2314603407" visible="true" version="1" changeset="16225168" timestamp="2013-05-21T14:35:27Z" user="parambyte" uid="715224" lat="18.1465469" lon="74.5783616"/>
 <node id="2314603408" visible="true" version="1" changeset="16225168" timestamp="2013-05-21T14:35:27Z" user="parambyte" uid="715224" lat="18.1560516" lon="74.5676854"/>
 <node id="2314603409" visible="true" version="1" changeset="16225168" timestamp="2013-05-21T14:35:27Z" user="parambyte" uid="715224" lat="18.1548741" lon="74.5675888"/>
 <node id="2314603410" visible="true" version="1" changeset="16225168" timestamp="2013-05-21T14:35:27Z" user="parambyte" uid="715224" lat="18.1332500" lon="74.5786288"/>
 <node id="2314603411" visible="true" version="1" changeset="16225168" timestamp="2013-05-21T14:35:27Z" user="parambyte" uid="715224" lat="18.1556948" lon="74.5674869"/>
 <node id="2314603412" visible="true" version="2" changeset="16235664" timestamp="2013-05-22T10:19:37Z" user="rameshbhoir" uid="1160394" lat="18.1403183" lon="74.5716865"/>
 <node id="2314616520" visible="true" version="1" changeset="16225168" timestamp="2013-05-21T14:45:01Z" user="parambyte" uid="715224" lat="18.1320571" lon="74.5808174"/>
 <node id="2314616521" visible="true" version="1" changeset="16225168" timestamp="2013-05-21T14:45:01Z" user="parambyte" uid="715224" lat="18.1447913" lon="74.5897385"/>
 <node id="2314616522" visible="true" version="1" changeset="16225168" timestamp="2013-05-21T14:45:01Z" user="parambyte" uid="715224" lat="18.1483726" lon="74.5747559"/>
 <node id="2314616524" visible="true" version="1" changeset="16225168" timestamp="2013-05-21T14:45:01Z" user="parambyte" uid="715224" lat="18.1467363" lon="74.6357091"/>
 <node id="2314616525" visible="true" version="1" changeset="16225168" timestamp="2013-05-21T14:45:01Z" user="parambyte" uid="715224" lat="18.1392513" lon="74.5847563"/>
 <node id="2314616526" visible="true" version="1" changeset="16225168" timestamp="2013-05-21T14:45:01Z" user="parambyte" uid="715224" lat="18.1301833" lon="74.6391415"/>
 <node id="2314616528" visible="true" version="1" changeset="16225168" timestamp="2013-05-21T14:45:01Z" user="parambyte" uid="715224" lat="18.1476663" lon="74.5895185"/>
 <node id="2314616529" visible="true" version="1" changeset="16225168" timestamp="2013-05-21T14:45:01Z" user="parambyte" uid="715224" lat="18.1327871" lon="74.5806847"/>
 <node id="2314616530" visible="true" version="1" changeset="16225168" timestamp="2013-05-21T14:45:01Z" user="parambyte" uid="715224" lat="18.1308550" lon="74.5812426"/>
 <node id="2314616531" visible="true" version="1" changeset="16225168" timestamp="2013-05-21T14:45:01Z" user="parambyte" uid="715224" lat="18.1439560" lon="74.5764002"/>
 <node id="2314616532" visible="true" version="1" changeset="16225168" timestamp="2013-05-21T14:45:01Z" user="parambyte" uid="715224" lat="18.1337805" lon="74.6288628"/>
 <node id="2314616533" visible="true" version="1" changeset="16225168" timestamp="2013-05-21T14:45:01Z" user="parambyte" uid="715224" lat="18.1466767" lon="74.5725636"/>
 <node id="2314616534" visible="true" version="1" changeset="16225168" timestamp="2013-05-21T14:45:01Z" user="parambyte" uid="715224" lat="18.1495027" lon="74.5909951"/>
 <node id="2314616536" visible="true" version="2" changeset="59512762" timestamp="2018-06-03T16:22:00Z" user="mottiger" uid="7504544" lat="18.1435553" lon="74.6015266"/>
 <node id="2314616537" visible="true" version="1" changeset="16225168" timestamp="2013-05-21T14:45:01Z" user="parambyte" uid="715224" lat="18.1317002" lon="74.5808818"/>
 <node id="2314616538" visible="true" version="1" changeset="16225168" timestamp="2013-05-21T14:45:01Z" user="parambyte" uid="715224" lat="18.1322508" lon="74.5808282"/>
 <node id="2314616539" visible="true" version="1" changeset="16225168" timestamp="2013-05-21T14:45:01Z" user="parambyte" uid="715224" lat="18.1390617" lon="74.5832744"/>
 <node id="2314616540" visible="true" version="1" changeset="16225168" timestamp="2013-05-21T14:45:01Z" user="parambyte" uid="715224" lat="18.1488910" lon="74.5900724"/>
 <node id="2314616541" visible="true" version="1" changeset="16225168" timestamp="2013-05-21T14:45:01Z" user="parambyte" uid="715224" lat="18.1292137" lon="74.6329604"/>
 <node id="2314616542" visible="true" version="1" changeset="16225168" timestamp="2013-05-21T14:45:01Z" user="parambyte" uid="715224" lat="18.1505821" lon="74.5932897"/>
 <node id="2314616544" visible="true" version="1" changeset="16225168" timestamp="2013-05-21T14:45:01Z" user="parambyte" uid="715224" lat="18.1508880" lon="74.5920935"/>
 <node id="2314616546" visible="true" version="1" changeset="16225168" timestamp="2013-05-21T14:45:01Z" user="parambyte" uid="715224" lat="18.1464824" lon="74.5711977"/>
 <node id="2314616547" visible="true" version="1" changeset="16225168" timestamp="2013-05-21T14:45:01Z" user="parambyte" uid="715224" lat="18.1389189" lon="74.5823248"/>
 <node id="2314616548" visible="true" version="1" changeset="16225168" timestamp="2013-05-21T14:45:01Z" user="parambyte" uid="715224" lat="18.1388475" lon="74.5817455"/>
 <node id="2314616549" visible="true" version="1" changeset="16225168" timestamp="2013-05-21T14:45:01Z" user="parambyte" uid="715224" lat="18.1496526" lon="74.5741004"/>
 <node id="2314616551" visible="true" version="1" changeset="16225168" timestamp="2013-05-21T14:45:01Z" user="parambyte" uid="715224" lat="18.1350473" lon="74.6200096"/>
 <node id="2314616552" visible="true" version="3" changeset="59512762" timestamp="2018-06-03T16:22:00Z" user="mottiger" uid="7504544" lat="18.1359341" lon="74.6085137"/>
 <node id="2314616553" visible="true" version="1" changeset="16225168" timestamp="2013-05-21T14:45:01Z" user="parambyte" uid="715224" lat="18.1314479" lon="74.6368965"/>
 <node id="2314616555" visible="true" version="1" changeset="16225168" timestamp="2013-05-21T14:45:01Z" user="parambyte" uid="715224" lat="18.1501641" lon="74.5946630"/>
 <node id="2314616556" visible="true" version="1" changeset="16225168" timestamp="2013-05-21T14:45:01Z" user="parambyte" uid="715224" lat="18.1497168" lon="74.5912955"/>
 <node id="2314616557" visible="true" version="2" changeset="27365496" timestamp="2014-12-09T21:00:34Z" user="pyram" uid="497849" lat="18.1470401" lon="74.5713680"/>
 <node id="2314616558" visible="true" version="1" changeset="16225168" timestamp="2013-05-21T14:45:02Z" user="parambyte" uid="715224" lat="18.1490388" lon="74.5902387"/>
 <node id="2314616559" visible="true" version="1" changeset="16225168" timestamp="2013-05-21T14:45:02Z" user="parambyte" uid="715224" lat="18.1506955" lon="74.5918480"/>
 <node id="2314616560" visible="true" version="1" changeset="16225168" timestamp="2013-05-21T14:45:02Z" user="parambyte" uid="715224" lat="18.1338516" lon="74.5804205"/>
 <node id="2314616561" visible="true" version="2" changeset="59512762" timestamp="2018-06-03T16:22:00Z" user="mottiger" uid="7504544" lat="18.1465247" lon="74.5975354"/>
 <node id="2314616562" visible="true" version="1" changeset="16225168" timestamp="2013-05-21T14:45:02Z" user="parambyte" uid="715224" lat="18.1454267" lon="74.5712331"/>
 <node id="2314616563" visible="true" version="1" changeset="16225168" timestamp="2013-05-21T14:45:02Z" user="parambyte" uid="715224" lat="18.1508727" lon="74.5922061"/>
 <node id="2314616564" visible="true" version="1" changeset="16225168" timestamp="2013-05-21T14:45:02Z" user="parambyte" uid="715224" lat="18.1459943" lon="74.5895936"/>
 <node id="2314616566" visible="true" version="1" changeset="16225168" timestamp="2013-05-21T14:45:02Z" user="parambyte" uid="715224" lat="18.1502724" lon="74.5949057"/>
 <node id="2314616567" visible="true" version="1" changeset="16225168" timestamp="2013-05-21T14:45:02Z" user="parambyte" uid="715224" lat="18.1303245" lon="74.6322480"/>
 <node id="2314616568" visible="true" version="2" changeset="27365496" timestamp="2014-12-09T21:00:34Z" user="pyram" uid="497849" lat="18.1465057" lon="74.5711040"/>
 <node id="2314616569" visible="true" version="1" changeset="16225168" timestamp="2013-05-21T14:45:02Z" user="parambyte" uid="715224" lat="18.1507465" lon="74.5929209"/>
 <node id="2314616570" visible="true" version="1" changeset="16225168" timestamp="2013-05-21T14:45:02Z" user="parambyte" uid="715224" lat="18.1501335" lon="74.5940783"/>
 <node id="2314616571" visible="true" version="2" changeset="134273747" timestamp="2023-03-29T18:04:17Z" user="PlaneMad" uid="1306" lat="18.1463619" lon="74.5704582"/>
 <node id="2314616573" visible="true" version="1" changeset="16225168" timestamp="2013-05-21T14:45:02Z" user="parambyte" uid="715224" lat="18.1346283" lon="74.6279538"/>
 <node id="2314616574" visible="true" version="2" changeset="59512762" timestamp="2018-06-03T16:22:00Z" user="mottiger" uid="7504544" lat="18.1438535" lon="74.6011618"/>
 <node id="2314616575" visible="true" version="1" changeset="16225168" timestamp="2013-05-21T14:45:02Z" user="parambyte" uid="715224" lat="18.1461166" lon="74.5895775"/>
 <node id="2314616577" visible="true" version="1" changeset="16225168" timestamp="2013-05-21T14:45:02Z" user="parambyte" uid="715224" lat="18.1416325" lon="74.6354168"/>
 <node id="2314616578" visible="true" version="1" changeset="16225168" timestamp="2013-05-21T14:45:02Z" user="parambyte" uid="715224" lat="18.1503387" lon="74.5936612"/>
 <node id="2314616579" visible="true" version="1" changeset="16225168" timestamp="2013-05-21T14:45:02Z" user="parambyte" uid="715224" lat="18.1490763" lon="74.5970043"/>
 <node id="2314616580" visible="true" version="1" changeset="16225168" timestamp="2013-05-21T14:45:02Z" user="parambyte" uid="715224" lat="18.1396020" lon="74.5852055"/>
 <node id="2314616581" visible="true" version="1" changeset="16225168" timestamp="2013-05-21T14:45:02Z" user="parambyte" uid="715224" lat="18.1378035" lon="74.6253593"/>
 <node id="2314616582" visible="true" version="1" changeset="16225168" timestamp="2013-05-21T14:45:02Z" user="parambyte" uid="715224" lat="18.1350415" lon="74.6202454"/>
 <node id="2314616583" visible="true" version="1" changeset="16225168" timestamp="2013-05-21T14:45:02Z" user="parambyte" uid="715224" lat="18.1471668" lon="74.5895454"/>
 <node id="2314616584" visible="true" version="1" changeset="16225168" timestamp="2013-05-21T14:45:02Z" user="parambyte" uid="715224" lat="18.1384856" lon="74.5812788"/>
 <node id="2314616585" visible="true" version="1" changeset="16225168" timestamp="2013-05-21T14:45:02Z" user="parambyte" uid="715224" lat="18.1344070" lon="74.6280501"/>
 <node id="2314616586" visible="true" version="1" changeset="16225168" timestamp="2013-05-21T14:45:02Z" user="parambyte" uid="715224" lat="18.1482011" lon="74.5968227"/>
 <node id="2314616587" visible="true" version="2" changeset="59481710" timestamp="2018-06-02T09:54:55Z" user="mottiger" uid="7504544" lat="18.1345117" lon="74.6128723"/>
 <node id="2314616589" visible="true" version="1" changeset="16225168" timestamp="2013-05-21T14:45:02Z" user="parambyte" uid="715224" lat="18.1449187" lon="74.5897385"/>
 <node id="2314616590" visible="true" version="1" changeset="16225168" timestamp="2013-05-21T14:45:02Z" user="parambyte" uid="715224" lat="18.1435066" lon="74.5886495"/>
 <node id="2314616591" visible="true" version="1" changeset="16225168" timestamp="2013-05-21T14:45:02Z" user="parambyte" uid="715224" lat="18.1455595" lon="74.5711041"/>
 <node id="2314616592" visible="true" version="2" changeset="59481710" timestamp="2018-06-02T09:54:55Z" user="mottiger" uid="7504544" lat="18.1488441" lon="74.6400136"/>
 <node id="2314616593" visible="true" version="1" changeset="16225168" timestamp="2013-05-21T14:45:02Z" user="parambyte" uid="715224" lat="18.1485505" lon="74.5968441"/>
 <node id="2314616594" visible="true" version="2" changeset="59512762" timestamp="2018-06-03T16:22:00Z" user="mottiger" uid="7504544" lat="18.1390794" lon="74.6015614"/>
 <node id="2314616595" visible="true" version="1" changeset="16225168" timestamp="2013-05-21T14:45:02Z" user="parambyte" uid="715224" lat="18.1490604" lon="74.5727714"/>
 <node id="2314616596" visible="true" version="1" changeset="16225168" timestamp="2013-05-21T14:45:02Z" user="parambyte" uid="715224" lat="18.1456273" lon="74.5896312"/>
 <node id="2314616597" visible="true" version="1" changeset="16225168" timestamp="2013-05-21T14:45:02Z" user="parambyte" uid="715224" lat="18.1381338" lon="74.5809837"/>
 <node id="2314616599" visible="true" version="1" changeset="16225168" timestamp="2013-05-21T14:45:02Z" user="parambyte" uid="715224" lat="18.1498787" lon="74.5914229"/>
 <node id="2314616600" visible="true" version="1" changeset="16225168" timestamp="2013-05-21T14:45:02Z" user="parambyte" uid="715224" lat="18.1410332" lon="74.6348492"/>
 <node id="2314616601" visible="true" version="1" changeset="16225168" timestamp="2013-05-21T14:45:02Z" user="parambyte" uid="715224" lat="18.1486501" lon="74.5898028"/>
 <node id="2314616603" visible="true" version="1" changeset="16225168" timestamp="2013-05-21T14:45:02Z" user="parambyte" uid="715224" lat="18.1480333" lon="74.5895614"/>
 <node id="2314616604" visible="true" version="1" changeset="16225168" timestamp="2013-05-21T14:45:02Z" user="parambyte" uid="715224" lat="18.1353667" lon="74.6276697"/>
 <node id="2314616606" visible="true" version="1" changeset="16225168" timestamp="2013-05-21T14:45:02Z" user="parambyte" uid="715224" lat="18.1362935" lon="74.6361984"/>
 <node id="2314616608" visible="true" version="2" changeset="59512762" timestamp="2018-06-03T16:22:00Z" user="mottiger" uid="7504544" lat="18.1393751" lon="74.6015614"/>
 <node id="2314616609" visible="true" version="1" changeset="16225168" timestamp="2013-05-21T14:45:02Z" user="parambyte" uid="715224" lat="18.1345870" lon="74.6196078"/>
 <node id="2314616610" visible="true" version="1" changeset="16225168" timestamp="2013-05-21T14:45:02Z" user="parambyte" uid="715224" lat="18.1495037" lon="74.5972484"/>
 <node id="2314616611" visible="true" version="1" changeset="16225168" timestamp="2013-05-21T14:45:03Z" user="parambyte" uid="715224" lat="18.1373549" lon="74.6348369"/>
 <node id="2314616612" visible="true" version="1" changeset="16225168" timestamp="2013-05-21T14:45:03Z" user="parambyte" uid="715224" lat="18.1508383" lon="74.5923147"/>
 <node id="2314616613" visible="true" version="2" changeset="27365496" timestamp="2014-12-09T21:00:34Z" user="pyram" uid="497849" lat="18.1468711" lon="74.5715866"/>
 <node id="2314616614" visible="true" version="1" changeset="16225168" timestamp="2013-05-21T14:45:03Z" user="parambyte" uid="715224" lat="18.1501590" lon="74.5939710"/>
 <node id="2314616615" visible="true" version="1" changeset="16225168" timestamp="2013-05-21T14:45:03Z" user="parambyte" uid="715224" lat="18.1382980" lon="74.5811567"/>
 <node id="2314616616" visible="true" version="1" changeset="16225168" timestamp="2013-05-21T14:45:03Z" user="parambyte" uid="715224" lat="18.1484411" lon="74.5896795"/>
 <node id="2314616617" visible="true" version="1" changeset="16225168" timestamp="2013-05-21T14:45:03Z" user="parambyte" uid="715224" lat="18.1375165" lon="74.6252394"/>
 <node id="2314616619" visible="true" version="1" changeset="16225168" timestamp="2013-05-21T14:45:03Z" user="parambyte" uid="715224" lat="18.1277757" lon="74.6342806"/>
 <node id="2314616620" visible="true" version="1" changeset="16225168" timestamp="2013-05-21T14:45:03Z" user="parambyte" uid="715224" lat="18.1483987" lon="74.5711042"/>
 <node id="2314616621" visible="true" version="1" changeset="16225168" timestamp="2013-05-21T14:45:03Z" user="parambyte" uid="715224" lat="18.1361064" lon="74.6272231"/>
 <node id="2314616622" visible="true" version="1" changeset="16225168" timestamp="2013-05-21T14:45:03Z" user="parambyte" uid="715224" lat="18.1363514" lon="74.6356938"/>
 <node id="2314616623" visible="true" version="1" changeset="16225168" timestamp="2013-05-21T14:45:03Z" user="parambyte" uid="715224" lat="18.1471594" lon="74.6356643"/>
 <node id="2314616624" visible="true" version="1" changeset="16225168" timestamp="2013-05-21T14:45:03Z" user="parambyte" uid="715224" lat="18.1322684" lon="74.6291683"/>
 <node id="2314616625" visible="true" version="1" changeset="16225168" timestamp="2013-05-21T14:45:03Z" user="parambyte" uid="715224" lat="18.1305037" lon="74.6320141"/>
 <node id="2314616626" visible="true" version="2" changeset="59481710" timestamp="2018-06-02T09:54:55Z" user="mottiger" uid="7504544" lat="18.1357684" lon="74.6092862"/>
 <node id="2314616628" visible="true" version="1" changeset="16225168" timestamp="2013-05-21T14:45:03Z" user="parambyte" uid="715224" lat="18.1333008" lon="74.6292378"/>
 <node id="2314616629" visible="true" version="1" changeset="16225168" timestamp="2013-05-21T14:45:03Z" user="parambyte" uid="715224" lat="18.1371558" lon="74.6250747"/>
 <node id="2314616631" visible="true" version="1" changeset="16225168" timestamp="2013-05-21T14:45:03Z" user="parambyte" uid="715224" lat="18.1345653" lon="74.5803722"/>
 <node id="2314616632" visible="true" version="2" changeset="59512762" timestamp="2018-06-03T16:22:00Z" user="mottiger" uid="7504544" lat="18.1458416" lon="74.5983428"/>
 <node id="2314616633" visible="true" version="1" changeset="16225168" timestamp="2013-05-21T14:45:03Z" user="parambyte" uid="715224" lat="18.1299325" lon="74.6324492"/>
 <node id="2314616634" visible="true" version="1" changeset="16225168" timestamp="2013-05-21T14:45:03Z" user="parambyte" uid="715224" lat="18.1361747" lon="74.6364685"/>
 <node id="2314616635" visible="true" version="1" changeset="16225168" timestamp="2013-05-21T14:45:03Z" user="parambyte" uid="715224" lat="18.1390719" lon="74.5828988"/>
 <node id="2314616636" visible="true" version="1" changeset="16225168" timestamp="2013-05-21T14:45:03Z" user="parambyte" uid="715224" lat="18.1326192" lon="74.6291326"/>
 <node id="2314616637" visible="true" version="1" changeset="16225168" timestamp="2013-05-21T14:45:03Z" user="parambyte" uid="715224" lat="18.1342136" lon="74.6282275"/>
 <node id="2314616638" visible="true" version="1" changeset="16225168" timestamp="2013-05-21T14:45:03Z" user="parambyte" uid="715224" lat="18.1384305" lon="74.6017615"/>
 <node id="2314616639" visible="true" version="2" changeset="27365496" timestamp="2014-12-09T21:00:34Z" user="pyram" uid="497849" lat="18.1467568" lon="74.5710358"/>
 <node id="2314616640" visible="true" version="1" changeset="16225168" timestamp="2013-05-21T14:45:03Z" user="parambyte" uid="715224" lat="18.1391086" lon="74.5835600"/>
 <node id="2314616642" visible="true" version="1" changeset="16225168" timestamp="2013-05-21T14:45:03Z" user="parambyte" uid="715224" lat="18.1316156" lon="74.6365280"/>
 <node id="2314616643" visible="true" version="1" changeset="16225168" timestamp="2013-05-21T14:45:03Z" user="parambyte" uid="715224" lat="18.1368714" lon="74.6268192"/>
 <node id="2314616644" visible="true" version="1" changeset="16225168" timestamp="2013-05-21T14:45:03Z" user="parambyte" uid="715224" lat="18.1381058" lon="74.6258842"/>
 <node id="2314616645" visible="true" version="2" changeset="27365496" timestamp="2014-12-09T21:00:34Z" user="pyram" uid="497849" lat="18.1465067" lon="74.5716376"/>
 <node id="2314616646" visible="true" version="2" changeset="59481710" timestamp="2018-06-02T09:54:55Z" user="mottiger" uid="7504544" lat="18.1335852" lon="74.6154445"/>
 <node id="2314616647" visible="true" version="1" changeset="16225168" timestamp="2013-05-21T14:45:03Z" user="parambyte" uid="715224" lat="18.1474805" lon="74.5968233"/>
 <node id="2314616648" visible="true" version="1" changeset="16225168" timestamp="2013-05-21T14:45:03Z" user="parambyte" uid="715224" lat="18.1443748" lon="74.6359543"/>
 <node id="2314616650" visible="true" version="1" changeset="16225168" timestamp="2013-05-21T14:45:03Z" user="parambyte" uid="715224" lat="18.1408010" lon="74.5865802"/>
 <node id="2314616651" visible="true" version="1" changeset="16225168" timestamp="2013-05-21T14:45:03Z" user="parambyte" uid="715224" lat="18.1348166" lon="74.6364784"/>
 <node id="2314616652" visible="true" version="1" changeset="16225168" timestamp="2013-05-21T14:45:03Z" user="parambyte" uid="715224" lat="18.1465373" lon="74.5706249"/>
 <node id="2314616653" visible="true" version="1" changeset="16225168" timestamp="2013-05-21T14:45:03Z" user="parambyte" uid="715224" lat="18.1363307" lon="74.6244350"/>
 <node id="2314616654" visible="true" version="2" changeset="27365496" timestamp="2014-12-09T21:00:34Z" user="pyram" uid="497849" lat="18.1468909" lon="74.5711561"/>
 <node id="2314616655" visible="true" version="1" changeset="16225168" timestamp="2013-05-21T14:45:03Z" user="parambyte" uid="715224" lat="18.1320326" lon="74.6362533"/>
 <node id="2314616656" visible="true" version="1" changeset="16225168" timestamp="2013-05-21T14:45:03Z" user="parambyte" uid="715224" lat="18.1314769" lon="74.6295969"/>
 <node id="2314616657" visible="true" version="2" changeset="59481710" timestamp="2018-06-02T09:54:55Z" user="mottiger" uid="7504544" lat="18.1483955" lon="74.6417651"/>
 <node id="2314616658" visible="true" version="1" changeset="16225168" timestamp="2013-05-21T14:45:03Z" user="parambyte" uid="715224" lat="18.1348967" lon="74.5803561"/>
 <node id="2314616659" visible="true" version="1" changeset="16225168" timestamp="2013-05-21T14:45:03Z" user="parambyte" uid="715224" lat="18.1466087" lon="74.5708127"/>
 <node id="2314616661" visible="true" version="1" changeset="16225168" timestamp="2013-05-21T14:45:03Z" user="parambyte" uid="715224" lat="18.1350853" lon="74.5803668"/>
 <node id="2314616662" visible="true" version="1" changeset="16225168" timestamp="2013-05-21T14:45:03Z" user="parambyte" uid="715224" lat="18.1464174" lon="74.5895668"/>
 <node id="2314616663" visible="true" version="1" changeset="16225168" timestamp="2013-05-21T14:45:04Z" user="parambyte" uid="715224" lat="18.1493141" lon="74.5905713"/>
 <node id="2314616664" visible="true" version="1" changeset="16225168" timestamp="2013-05-21T14:45:04Z" user="parambyte" uid="715224" lat="18.1306975" lon="74.5813525"/>
 <node id="2314616665" visible="true" version="1" changeset="16225168" timestamp="2013-05-21T14:45:04Z" user="parambyte" uid="715224" lat="18.1412282" lon="74.5868739"/>
 <node id="2314616666" visible="true" version="1" changeset="16225168" timestamp="2013-05-21T14:45:04Z" user="parambyte" uid="715224" lat="18.1416475" lon="74.6357756"/>
 <node id="2314616668" visible="true" version="1" changeset="16225168" timestamp="2013-05-21T14:45:04Z" user="parambyte" uid="715224" lat="18.1390413" lon="74.5825716"/>
 <node id="2314616669" visible="true" version="1" changeset="16225168" timestamp="2013-05-21T14:45:04Z" user="parambyte" uid="715224" lat="18.1340206" lon="74.6285165"/>
 <node id="2314616670" visible="true" version="1" changeset="16225168" timestamp="2013-05-21T14:45:04Z" user="parambyte" uid="715224" lat="18.1465654" lon="74.5722021"/>
 <node id="2314616672" visible="true" version="1" changeset="16225168" timestamp="2013-05-21T14:45:04Z" user="parambyte" uid="715224" lat="18.1508077" lon="74.5928565"/>
 <node id="2314616673" visible="true" version="1" changeset="16225168" timestamp="2013-05-21T14:45:04Z" user="parambyte" uid="715224" lat="18.1508217" lon="74.5919862"/>
 <node id="2314616675" visible="true" version="3" changeset="59512762" timestamp="2018-06-03T16:22:00Z" user="mottiger" uid="7504544" lat="18.1407687" lon="74.6015719"/>
 <node id="2314616676" visible="true" version="1" changeset="16225168" timestamp="2013-05-21T14:45:04Z" user="parambyte" uid="715224" lat="18.1481542" lon="74.6363660"/>
 <node id="2314616678" visible="true" version="1" changeset="16225168" timestamp="2013-05-21T14:45:04Z" user="parambyte" uid="715224" lat="18.1391075" lon="74.5838698"/>
 <node id="2314616679" visible="true" version="1" changeset="16225168" timestamp="2013-05-21T14:45:04Z" user="parambyte" uid="715224" lat="18.1394190" lon="74.6348607"/>
 <node id="2314616680" visible="true" version="1" changeset="16225168" timestamp="2013-05-21T14:45:04Z" user="parambyte" uid="715224" lat="18.1474624" lon="74.5713653"/>
 <node id="2314616681" visible="true" version="2" changeset="27365496" timestamp="2014-12-09T21:00:34Z" user="pyram" uid="497849" lat="18.1469989" lon="74.5712803"/>
 <node id="2314616682" visible="true" version="1" changeset="16225168" timestamp="2013-05-21T14:45:04Z" user="parambyte" uid="715224" lat="18.1349079" lon="74.6214414"/>
 <node id="2314616683" visible="true" version="1" changeset="16225168" timestamp="2013-05-21T14:45:04Z" user="parambyte" uid="715224" lat="18.1446281" lon="74.5896419"/>
 <node id="2314616685" visible="true" version="1" changeset="16225168" timestamp="2013-05-21T14:45:04Z" user="parambyte" uid="715224" lat="18.1508688" lon="74.5927922"/>
 <node id="2314616686" visible="true" version="1" changeset="16225168" timestamp="2013-05-21T14:45:04Z" user="parambyte" uid="715224" lat="18.1505732" lon="74.5917515"/>
 <node id="2314616687" visible="true" version="1" changeset="16225168" timestamp="2013-05-21T14:45:04Z" user="parambyte" uid="715224" lat="18.1367233" lon="74.6247772"/>
 <node id="2314616688" visible="true" version="2" changeset="27365496" timestamp="2014-12-09T21:00:34Z" user="pyram" uid="497849" lat="18.1466199" lon="74.5710946"/>
 <node id="2314616689" visible="true" version="1" changeset="16225168" timestamp="2013-05-21T14:45:04Z" user="parambyte" uid="715224" lat="18.1280551" lon="74.6340105"/>
 <node id="2314616690" visible="true" version="1" changeset="16225168" timestamp="2013-05-21T14:45:04Z" user="parambyte" uid="715224" lat="18.1344131" lon="74.6194106"/>
 <node id="2314616691" visible="true" version="1" changeset="16225168" timestamp="2013-05-21T14:45:04Z" user="parambyte" uid="715224" lat="18.1380495" lon="74.6255862"/>
 <node id="2314616692" visible="true" version="1" changeset="16225168" timestamp="2013-05-21T14:45:04Z" user="parambyte" uid="715224" lat="18.1506739" lon="74.5956125"/>
 <node id="2314616693" visible="true" version="1" changeset="16225168" timestamp="2013-05-21T14:45:04Z" user="parambyte" uid="715224" lat="18.1373947" lon="74.5808335"/>
 <node id="2314616694" visible="true" version="1" changeset="16225168" timestamp="2013-05-21T14:45:04Z" user="parambyte" uid="715224" lat="18.1503948" lon="74.5916764"/>
 <node id="2314616695" visible="true" version="1" changeset="16225168" timestamp="2013-05-21T14:45:04Z" user="parambyte" uid="715224" lat="18.1465028" lon="74.5715357"/>
 <node id="2314616697" visible="true" version="1" changeset="16225168" timestamp="2013-05-21T14:45:04Z" user="parambyte" uid="715224" lat="18.1504916" lon="74.5934735"/>
 <node id="2314616698" visible="true" version="1" changeset="16225168" timestamp="2013-05-21T14:45:04Z" user="parambyte" uid="715224" lat="18.1370015" lon="74.6352203"/>
 <node id="2314616699" visible="true" version="1" changeset="16225168" timestamp="2013-05-21T14:45:04Z" user="parambyte" uid="715224" lat="18.1280671" lon="74.6358521"/>
 <node id="2314616700" visible="true" version="2" changeset="59512762" timestamp="2018-06-03T16:22:00Z" user="mottiger" uid="7504544" lat="18.1444525" lon="74.6003303"/>
 <node id="2314616701" visible="true" version="1" changeset="16225168" timestamp="2013-05-21T14:45:04Z" user="parambyte" uid="715224" lat="18.1380520" lon="74.6265553"/>
 <node id="2314616702" visible="true" version="1" changeset="16225168" timestamp="2013-05-21T14:45:04Z" user="parambyte" uid="715224" lat="18.1370276" lon="74.5807477"/>
 <node id="2314616704" visible="true" version="1" changeset="16225168" timestamp="2013-05-21T14:45:04Z" user="parambyte" uid="715224" lat="18.1482640" lon="74.5711146"/>
 <node id="2314616705" visible="true" version="1" changeset="16225168" timestamp="2013-05-21T14:45:04Z" user="parambyte" uid="715224" lat="18.1284124" lon="74.6364824"/>
 <node id="2314616706" visible="true" version="1" changeset="16225168" timestamp="2013-05-21T14:45:04Z" user="parambyte" uid="715224" lat="18.1359966" lon="74.6366490"/>
 <node id="2314616707" visible="true" version="1" changeset="16225168" timestamp="2013-05-21T14:45:04Z" user="parambyte" uid="715224" lat="18.1276942" lon="74.6346451"/>
 <node id="2314616708" visible="true" version="1" changeset="16225168" timestamp="2013-05-21T14:45:04Z" user="parambyte" uid="715224" lat="18.1289919" lon="74.6379147"/>
 <node id="2314616709" visible="true" version="1" changeset="16225168" timestamp="2013-05-21T14:45:04Z" user="parambyte" uid="715224" lat="18.1416888" lon="74.6360533"/>
 <node id="2314616710" visible="true" version="1" changeset="16225168" timestamp="2013-05-21T14:45:04Z" user="parambyte" uid="715224" lat="18.1330321" lon="74.6291986"/>
 <node id="2314616711" visible="true" version="1" changeset="16225168" timestamp="2013-05-21T14:45:04Z" user="parambyte" uid="715224" lat="18.1401847" lon="74.6345813"/>
 <node id="2314616712" visible="true" version="1" changeset="16225168" timestamp="2013-05-21T14:45:04Z" user="parambyte" uid="715224" lat="18.1508026" lon="74.5924488"/>
 <node id="2314616713" visible="true" version="1" changeset="16225168" timestamp="2013-05-21T14:45:04Z" user="parambyte" uid="715224" lat="18.1297324" lon="74.6391536"/>
 <node id="2314616714" visible="true" version="1" changeset="16225168" timestamp="2013-05-21T14:45:04Z" user="parambyte" uid="715224" lat="18.1334899" lon="74.6291769"/>
 <node id="2314616715" visible="true" version="1" changeset="16225168" timestamp="2013-05-21T14:45:04Z" user="parambyte" uid="715224" lat="18.1342046" lon="74.6186465"/>
 <node id="2314616717" visible="true" version="1" changeset="16225168" timestamp="2013-05-21T14:45:05Z" user="parambyte" uid="715224" lat="18.1391228" lon="74.5842399"/>
 <node id="2314616718" visible="true" version="1" changeset="16225168" timestamp="2013-05-21T14:45:05Z" user="parambyte" uid="715224" lat="18.1313365" lon="74.6373276"/>
 <node id="2314616719" visible="true" version="1" changeset="16225168" timestamp="2013-05-21T14:45:05Z" user="parambyte" uid="715224" lat="18.1364373" lon="74.6354586"/>
 <node id="2314616720" visible="true" version="1" changeset="16225168" timestamp="2013-05-21T14:45:05Z" user="parambyte" uid="715224" lat="18.1331838" lon="74.5805921"/>
 <node id="2314616721" visible="true" version="1" changeset="16225168" timestamp="2013-05-21T14:45:05Z" user="parambyte" uid="715224" lat="18.1381407" lon="74.6261956"/>
 <node id="2314616722" visible="true" version="1" changeset="16225168" timestamp="2013-05-21T14:45:05Z" user="parambyte" uid="715224" lat="18.1305593" lon="74.6389522"/>
 <node id="2314616723" visible="true" version="1" changeset="16225168" timestamp="2013-05-21T14:45:05Z" user="parambyte" uid="715224" lat="18.1376544" lon="74.6345563"/>
 <node id="2314616724" visible="true" version="1" changeset="16225168" timestamp="2013-05-21T14:45:05Z" user="parambyte" uid="715224" lat="18.1353667" lon="74.6365961"/>
 <node id="2314616725" visible="true" version="1" changeset="16225168" timestamp="2013-05-21T14:45:05Z" user="parambyte" uid="715224" lat="18.1367467" lon="74.6353279"/>
 <node id="2314616726" visible="true" version="1" changeset="16225168" timestamp="2013-05-21T14:45:05Z" user="parambyte" uid="715224" lat="18.1336268" lon="74.6290580"/>
 <node id="2314616728" visible="true" version="1" changeset="16225168" timestamp="2013-05-21T14:45:05Z" user="parambyte" uid="715224" lat="18.1343061" lon="74.6191510"/>
 <node id="2314616729" visible="true" version="1" changeset="16225168" timestamp="2013-05-21T14:45:05Z" user="parambyte" uid="715224" lat="18.1479059" lon="74.6359315"/>
 <node id="2314616730" visible="true" version="1" changeset="16225168" timestamp="2013-05-21T14:45:05Z" user="parambyte" uid="715224" lat="18.1400965" lon="74.5857742"/>
 <node id="2314616731" visible="true" version="1" changeset="16225168" timestamp="2013-05-21T14:45:05Z" user="parambyte" uid="715224" lat="18.1283013" lon="74.6361898"/>
 <node id="2314616732" visible="true" version="1" changeset="16225168" timestamp="2013-05-21T14:45:05Z" user="parambyte" uid="715224" lat="18.1505579" lon="74.5953617"/>
 <node id="2314616733" visible="true" version="1" changeset="16225168" timestamp="2013-05-21T14:45:05Z" user="parambyte" uid="715224" lat="18.1494097" lon="74.5908704"/>
 <node id="2314616734" visible="true" version="1" changeset="16225168" timestamp="2013-05-21T14:45:05Z" user="parambyte" uid="715224" lat="18.1308828" lon="74.6386754"/>
 <node id="2314616735" visible="true" version="1" changeset="16225168" timestamp="2013-05-21T14:45:05Z" user="parambyte" uid="715224" lat="18.1330420" lon="74.5805720"/>
 <node id="2314616736" visible="true" version="1" changeset="16225168" timestamp="2013-05-21T14:45:05Z" user="parambyte" uid="715224" lat="18.1387825" lon="74.6348184"/>
 <node id="2314616737" visible="true" version="1" changeset="16225168" timestamp="2013-05-21T14:45:05Z" user="parambyte" uid="715224" lat="18.1506178" lon="74.5931878"/>
 <node id="2314616739" visible="true" version="1" changeset="16225168" timestamp="2013-05-21T14:45:05Z" user="parambyte" uid="715224" lat="18.1306159" lon="74.6313690"/>
 <node id="2314616741" visible="true" version="1" changeset="16225168" timestamp="2013-05-21T14:45:05Z" user="parambyte" uid="715224" lat="18.1347710" lon="74.6207743"/>
 <node id="2314616742" visible="true" version="1" changeset="16225168" timestamp="2013-05-21T14:45:05Z" user="parambyte" uid="715224" lat="18.1311395" lon="74.5810428"/>
 <node id="2314616743" visible="true" version="1" changeset="16225168" timestamp="2013-05-21T14:45:05Z" user="parambyte" uid="715224" lat="18.1403422" lon="74.5861027"/>
 <node id="2314616744" visible="true" version="1" changeset="16225168" timestamp="2013-05-21T14:45:05Z" user="parambyte" uid="715224" lat="18.1355033" lon="74.5803722"/>
 <node id="2314616746" visible="true" version="2" changeset="59512762" timestamp="2018-06-03T16:22:00Z" user="mottiger" uid="7504544" lat="18.1366427" lon="74.6061775"/>
 <node id="2314616747" visible="true" version="1" changeset="16225168" timestamp="2013-05-21T14:45:05Z" user="parambyte" uid="715224" lat="18.1308244" lon="74.6305459"/>
 <node id="2314616748" visible="true" version="1" changeset="16225168" timestamp="2013-05-21T14:45:05Z" user="parambyte" uid="715224" lat="18.1479314" lon="74.5712581"/>
 <node id="2314616749" visible="true" version="2" changeset="59512762" timestamp="2018-06-03T16:22:00Z" user="mottiger" uid="7504544" lat="18.1361788" lon="74.6073523"/>
 <node id="2314616750" visible="true" version="1" changeset="16225168" timestamp="2013-05-21T14:45:05Z" user="parambyte" uid="715224" lat="18.1466571" lon="74.5709173"/>
 <node id="2314616751" visible="true" version="1" changeset="16225168" timestamp="2013-05-21T14:45:05Z" user="parambyte" uid="715224" lat="18.1378902" lon="74.6266505"/>
 <node id="2314616752" visible="true" version="1" changeset="16225168" timestamp="2013-05-21T14:45:05Z" user="parambyte" uid="715224" lat="18.1506853" lon="74.5930121"/>
 <node id="2314616753" visible="true" version="1" changeset="16225168" timestamp="2013-05-21T14:45:05Z" user="parambyte" uid="715224" lat="18.1465028" lon="74.5714471"/>
 <node id="2314616754" visible="true" version="2" changeset="59512762" timestamp="2018-06-03T16:22:00Z" user="mottiger" uid="7504544" lat="18.1377209" lon="74.6034148"/>
 <node id="2314616755" visible="true" version="1" changeset="16225168" timestamp="2013-05-21T14:45:05Z" user="parambyte" uid="715224" lat="18.1502253" lon="74.5915677"/>
 <node id="2314616756" visible="true" version="1" changeset="16225168" timestamp="2013-05-21T14:45:05Z" user="parambyte" uid="715224" lat="18.1388781" lon="74.5820352"/>
 <node id="2314616757" visible="true" version="3" changeset="134273747" timestamp="2023-03-29T18:04:17Z" user="PlaneMad" uid="1306" lat="18.1450331" lon="74.5700937"/>
 <node id="2314616759" visible="true" version="1" changeset="16225168" timestamp="2013-05-21T14:45:05Z" user="parambyte" uid="715224" lat="18.1500826" lon="74.5944484"/>
 <node id="2314616760" visible="true" version="1" changeset="16225168" timestamp="2013-05-21T14:45:05Z" user="parambyte" uid="715224" lat="18.1508332" lon="74.5926581"/>
 <node id="2314616761" visible="true" version="1" changeset="16225168" timestamp="2013-05-21T14:45:05Z" user="parambyte" uid="715224" lat="18.1508013" lon="74.5925494"/>
 <node id="2314616762" visible="true" version="1" changeset="16225168" timestamp="2013-05-21T14:45:05Z" user="parambyte" uid="715224" lat="18.1349342" lon="74.6204702"/>
 <node id="2314616763" visible="true" version="1" changeset="16225168" timestamp="2013-05-21T14:45:05Z" user="parambyte" uid="715224" lat="18.1348844" lon="74.6198353"/>
 <node id="2314616764" visible="true" version="1" changeset="16225168" timestamp="2013-05-21T14:45:05Z" user="parambyte" uid="715224" lat="18.1305705" lon="74.6317226"/>
 <node id="2314616765" visible="true" version="1" changeset="16225168" timestamp="2013-05-21T14:45:05Z" user="parambyte" uid="715224" lat="18.1472042" lon="74.5969617"/>
 <node id="2314616766" visible="true" version="1" changeset="16225168" timestamp="2013-05-21T14:45:05Z" user="parambyte" uid="715224" lat="18.1391330" lon="74.5845404"/>
 <node id="2314616767" visible="true" version="1" changeset="16225168" timestamp="2013-05-21T14:45:05Z" user="parambyte" uid="715224" lat="18.1405512" lon="74.5863763"/>
 <node id="2314616768" visible="true" version="1" changeset="16225168" timestamp="2013-05-21T14:45:05Z" user="parambyte" uid="715224" lat="18.1349538" lon="74.6277883"/>
 <node id="2314616769" visible="true" version="1" changeset="16225168" timestamp="2013-05-21T14:45:05Z" user="parambyte" uid="715224" lat="18.1294991" lon="74.6389404"/>
 <node id="2314616770" visible="true" version="1" changeset="16225168" timestamp="2013-05-21T14:45:05Z" user="parambyte" uid="715224" lat="18.1507312" lon="74.5957319"/>
 <node id="2314616771" visible="true" version="1" changeset="16225168" timestamp="2013-05-21T14:45:05Z" user="parambyte" uid="715224" lat="18.1405127" lon="74.6345992"/>
 <node id="2314616772" visible="true" version="2" changeset="59512762" timestamp="2018-06-03T16:22:00Z" user="mottiger" uid="7504544" lat="18.1432443" lon="74.6016982"/>
 <node id="2314616773" visible="true" version="1" changeset="16225168" timestamp="2013-05-21T14:45:06Z" user="parambyte" uid="715224" lat="18.1501794" lon="74.5982014"/>
 <node id="2314616775" visible="true" version="1" changeset="16225168" timestamp="2013-05-21T14:45:06Z" user="parambyte" uid="715224" lat="18.1318392" lon="74.6293957"/>
 <node id="2314616776" visible="true" version="1" changeset="16225168" timestamp="2013-05-21T14:45:06Z" user="parambyte" uid="715224" lat="18.1310265" lon="74.6301733"/>
 <node id="2314616777" visible="true" version="1" changeset="16225168" timestamp="2013-05-21T14:45:06Z" user="parambyte" uid="715224" lat="18.1415774" lon="74.6351917"/>
 <node id="2314616778" visible="true" version="1" changeset="16225168" timestamp="2013-05-21T14:45:06Z" user="parambyte" uid="715224" lat="18.1381451" lon="74.6263981"/>
 <node id="2314616779" visible="true" version="1" changeset="16225168" timestamp="2013-05-21T14:45:06Z" user="parambyte" uid="715224" lat="18.1312233" lon="74.6299051"/>
 <node id="2314616780" visible="true" version="1" changeset="16225168" timestamp="2013-05-21T14:45:06Z" user="parambyte" uid="715224" lat="18.1285318" lon="74.6369797"/>
 <node id="2314616781" visible="true" version="1" changeset="16225168" timestamp="2013-05-21T14:45:06Z" user="parambyte" uid="715224" lat="18.1307010" lon="74.6309734"/>
 <node id="2314616782" visible="true" version="1" changeset="16225168" timestamp="2013-05-21T14:45:06Z" user="parambyte" uid="715224" lat="18.1277247" lon="74.6349935"/>
 <node id="2314616783" visible="true" version="1" changeset="16225168" timestamp="2013-05-21T14:45:06Z" user="parambyte" uid="715224" lat="18.1420502" lon="74.6364272"/>
 <node id="2314616784" visible="true" version="1" changeset="16225168" timestamp="2013-05-21T14:45:06Z" user="parambyte" uid="715224" lat="18.1338266" lon="74.6361844"/>
 <node id="2314616785" visible="true" version="1" changeset="16225168" timestamp="2013-05-21T14:45:06Z" user="parambyte" uid="715224" lat="18.1391549" lon="74.6348634"/>
 <node id="2314616787" visible="true" version="1" changeset="16225168" timestamp="2013-05-21T14:45:06Z" user="parambyte" uid="715224" lat="18.1357287" lon="74.6367203"/>
 <node id="2314616788" visible="true" version="1" changeset="16225168" timestamp="2013-05-21T14:45:06Z" user="parambyte" uid="715224" lat="18.1375280" lon="74.6346834"/>
 <node id="2314616789" visible="true" version="1" changeset="16225168" timestamp="2013-05-21T14:45:06Z" user="parambyte" uid="715224" lat="18.1278012" lon="74.6354173"/>
 <node id="2314616790" visible="true" version="1" changeset="16225168" timestamp="2013-05-21T14:45:06Z" user="parambyte" uid="715224" lat="18.1465118" lon="74.5712955"/>
 <node id="2314616792" visible="true" version="1" changeset="16225168" timestamp="2013-05-21T14:45:06Z" user="parambyte" uid="715224" lat="18.1372315" lon="74.6350488"/>
 <node id="2314616793" visible="true" version="1" changeset="16225168" timestamp="2013-05-21T14:45:06Z" user="parambyte" uid="715224" lat="18.1352709" lon="74.6225330"/>
 <node id="2314616795" visible="true" version="1" changeset="16225168" timestamp="2013-05-21T14:45:06Z" user="parambyte" uid="715224" lat="18.1420181" lon="74.5874854"/>
 <node id="2314616796" visible="true" version="2" changeset="27365496" timestamp="2014-12-09T21:00:34Z" user="pyram" uid="497849" lat="18.1469974" lon="74.5714713"/>
 <node id="2314616797" visible="true" version="2" changeset="59481710" timestamp="2018-06-02T09:54:55Z" user="mottiger" uid="7504544" lat="18.1335316" lon="74.6161674"/>
 <node id="2314616798" visible="true" version="2" changeset="27365496" timestamp="2014-12-09T21:00:34Z" user="pyram" uid="497849" lat="18.1465649" lon="74.5716294"/>
 <node id="2314616799" visible="true" version="1" changeset="16225168" timestamp="2013-05-21T14:45:06Z" user="parambyte" uid="715224" lat="18.1378942" lon="74.5809355"/>
 <node id="2314616800" visible="true" version="1" changeset="16225168" timestamp="2013-05-21T14:45:06Z" user="parambyte" uid="715224" lat="18.1531561" lon="74.5690509"/>
 <node id="2314616801" visible="true" version="1" changeset="16225168" timestamp="2013-05-21T14:45:06Z" user="parambyte" uid="715224" lat="18.1324853" lon="74.5807745"/>
 <node id="2314616802" visible="true" version="1" changeset="16225168" timestamp="2013-05-21T14:45:06Z" user="parambyte" uid="715224" lat="18.1464645" lon="74.5763614"/>
 <node id="2314616803" visible="true" version="1" changeset="16225168" timestamp="2013-05-21T14:45:06Z" user="parambyte" uid="715224" lat="18.1500673" lon="74.5914819"/>
 <node id="2314616804" visible="true" version="1" changeset="16225168" timestamp="2013-05-21T14:45:06Z" user="parambyte" uid="715224" lat="18.1473513" lon="74.5744355"/>
 <node id="2314616806" visible="true" version="1" changeset="16225168" timestamp="2013-05-21T14:45:06Z" user="parambyte" uid="715224" lat="18.1450611" lon="74.5763783"/>
 <node id="2314616808" visible="true" version="1" changeset="16225168" timestamp="2013-05-21T14:45:06Z" user="parambyte" uid="715224" lat="18.1365637" lon="74.5806082"/>
 <node id="2314616809" visible="true" version="1" changeset="16225168" timestamp="2013-05-21T14:45:06Z" user="parambyte" uid="715224" lat="18.1505209" lon="74.5934024"/>
 <node id="2314616810" visible="true" version="1" changeset="16225168" timestamp="2013-05-21T14:45:06Z" user="parambyte" uid="715224" lat="18.1363307" lon="74.6359232"/>
 <node id="2314616811" visible="true" version="2" changeset="59512762" timestamp="2018-06-03T16:22:00Z" user="mottiger" uid="7504544" lat="18.1387099" lon="74.6016017"/>
 <node id="2314616812" visible="true" version="1" changeset="16225168" timestamp="2013-05-21T14:45:06Z" user="parambyte" uid="715224" lat="18.1387415" lon="74.5815698"/>
 <node id="2314618593" visible="true" version="2" changeset="59481710" timestamp="2018-06-02T09:54:55Z" user="mottiger" uid="7504544" lat="18.1385008" lon="74.6459225"/>
 <node id="2314618596" visible="true" version="1" changeset="16225168" timestamp="2013-05-21T14:46:17Z" user="parambyte" uid="715224" lat="18.1398072" lon="74.6422666"/>
 <node id="2314618598" visible="true" version="2" changeset="59481710" timestamp="2018-06-02T09:54:55Z" user="mottiger" uid="7504544" lat="18.1393496" lon="74.6433234"/>
 <node id="2314618601" visible="true" version="2" changeset="59481710" timestamp="2018-06-02T09:54:55Z" user="mottiger" uid="7504544" lat="18.1461551" lon="74.6418563"/>
 <node id="2314618603" visible="true" version="2" changeset="59481710" timestamp="2018-06-02T09:54:55Z" user="mottiger" uid="7504544" lat="18.1378356" lon="74.6454746"/>
 <node id="2314618604" visible="true" version="2" changeset="59481710" timestamp="2018-06-02T09:54:55Z" user="mottiger" uid="7504544" lat="18.1412180" lon="74.6414834"/>
 <node id="2314618607" visible="true" version="2" changeset="59481710" timestamp="2018-06-02T09:54:55Z" user="mottiger" uid="7504544" lat="18.1456530" lon="74.6415934"/>
 <node id="2314618609" visible="true" version="2" changeset="59481710" timestamp="2018-06-02T09:54:55Z" user="mottiger" uid="7504544" lat="18.1444397" lon="74.6409202"/>
 <node id="2314618618" visible="true" version="2" changeset="59481710" timestamp="2018-06-02T09:54:55Z" user="mottiger" uid="7504544" lat="18.1387328" lon="74.6440101"/>
 <node id="2314618623" visible="true" version="2" changeset="59481710" timestamp="2018-06-02T09:54:55Z" user="mottiger" uid="7504544" lat="18.1379809" lon="74.6444070"/>
 <node id="2314618626" visible="true" version="1" changeset="16225168" timestamp="2013-05-21T14:46:17Z" user="parambyte" uid="715224" lat="18.1470691" lon="74.6418798"/>
 <node id="2314618629" visible="true" version="2" changeset="59481710" timestamp="2018-06-02T09:54:55Z" user="mottiger" uid="7504544" lat="18.1377030" lon="74.6447557"/>
 <node id="2314618635" visible="true" version="2" changeset="59481710" timestamp="2018-06-02T09:54:55Z" user="mottiger" uid="7504544" lat="18.1464507" lon="74.6418777"/>
 <node id="2314618638" visible="true" version="2" changeset="59481710" timestamp="2018-06-02T09:54:55Z" user="mottiger" uid="7504544" lat="18.1400786" lon="74.6420923"/>
 <node id="2314618644" visible="true" version="2" changeset="59481710" timestamp="2018-06-02T09:54:55Z" user="mottiger" uid="7504544" lat="18.1441109" lon="74.6408075"/>
 <node id="2314618647" visible="true" version="1" changeset="16225168" timestamp="2013-05-21T14:46:17Z" user="parambyte" uid="715224" lat="18.1383648" lon="74.6440621"/>
 <node id="2315565240" visible="true" version="1" changeset="16233720" timestamp="2013-05-22T07:15:24Z" user="parambyte" uid="715224" lat="18.1479009" lon="74.5741574"/>
 <node id="2315565243" visible="true" version="1" changeset="16233720" timestamp="2013-05-22T07:15:24Z" user="parambyte" uid="715224" lat="18.1492467" lon="74.5783820"/>
 <node id="2315565249" visible="true" version="1" changeset="16233720" timestamp="2013-05-22T07:15:24Z" user="parambyte" uid="715224" lat="18.1432590" lon="74.5723370"/>
 <node id="2315565252" visible="true" version="1" changeset="16233720" timestamp="2013-05-22T07:15:24Z" user="parambyte" uid="715224" lat="18.1481582" lon="74.5703475"/>
 <node id="2315565258" visible="true" version="1" changeset="16233720" timestamp="2013-05-22T07:15:24Z" user="parambyte" uid="715224" lat="18.1508116" lon="74.5710488"/>
 <node id="2315565261" visible="true" version="1" changeset="16233720" timestamp="2013-05-22T07:15:24Z" user="parambyte" uid="715224" lat="18.1500164" lon="74.5739939"/>
 <node id="2315565270" visible="true" version="1" changeset="16233720" timestamp="2013-05-22T07:15:25Z" user="parambyte" uid="715224" lat="18.1484311" lon="74.5822712"/>
 <node id="2315565277" visible="true" version="1" changeset="16233720" timestamp="2013-05-22T07:15:25Z" user="parambyte" uid="715224" lat="18.1507861" lon="74.5726206"/>
 <node id="2315565284" visible="true" version="1" changeset="16233720" timestamp="2013-05-22T07:15:25Z" user="parambyte" uid="715224" lat="18.1505771" lon="74.5708235"/>
 <node id="2315565290" visible="true" version="1" changeset="16233720" timestamp="2013-05-22T07:15:25Z" user="parambyte" uid="715224" lat="18.1507912" lon="74.5708611"/>
 <node id="2315565296" visible="true" version="1" changeset="16233720" timestamp="2013-05-22T07:15:25Z" user="parambyte" uid="715224" lat="18.1353044" lon="74.5794602"/>
 <node id="2315565299" visible="true" version="1" changeset="16233720" timestamp="2013-05-22T07:15:25Z" user="parambyte" uid="715224" lat="18.1412740" lon="74.5745893"/>
 <node id="2315565303" visible="true" version="1" changeset="16233720" timestamp="2013-05-22T07:15:25Z" user="parambyte" uid="715224" lat="18.1351973" lon="74.5795568"/>
 <node id="2315565316" visible="true" version="1" changeset="16233720" timestamp="2013-05-22T07:15:25Z" user="parambyte" uid="715224" lat="18.1351369" lon="74.5798320"/>
 <node id="2315565320" visible="true" version="1" changeset="16233720" timestamp="2013-05-22T07:15:25Z" user="parambyte" uid="715224" lat="18.1351413" lon="74.5801147"/>
 <node id="2315565322" visible="true" version="2" changeset="134273747" timestamp="2023-03-29T18:04:17Z" user="PlaneMad" uid="1306" lat="18.1449673" lon="74.5749700"/>
 <node id="2315565326" visible="true" version="1" changeset="16233720" timestamp="2013-05-22T07:15:25Z" user="parambyte" uid="715224" lat="18.1476484" lon="74.5822017"/>
 <node id="2315565328" visible="true" version="1" changeset="16233720" timestamp="2013-05-22T07:15:25Z" user="parambyte" uid="715224" lat="18.1469451" lon="74.5728538"/>
 <node id="2315565330" visible="true" version="1" changeset="16233720" timestamp="2013-05-22T07:15:25Z" user="parambyte" uid="715224" lat="18.1475594" lon="74.5822015"/>
 <node id="2315565332" visible="true" version="1" changeset="16233720" timestamp="2013-05-22T07:15:25Z" user="parambyte" uid="715224" lat="18.1472688" lon="74.5739696"/>
 <node id="2315565335" visible="true" version="1" changeset="16233720" timestamp="2013-05-22T07:15:25Z" user="parambyte" uid="715224" lat="18.1474218" lon="74.5801469"/>
 <node id="2315565336" visible="true" version="1" changeset="16233720" timestamp="2013-05-22T07:15:25Z" user="parambyte" uid="715224" lat="18.1493996" lon="74.5742405"/>
 <node id="2315565338" visible="true" version="1" changeset="16233720" timestamp="2013-05-22T07:15:25Z" user="parambyte" uid="715224" lat="18.1475110" lon="74.5728860"/>
 <node id="2315565339" visible="true" version="1" changeset="16233720" timestamp="2013-05-22T07:15:25Z" user="parambyte" uid="715224" lat="18.1499530" lon="74.5763162"/>
 <node id="2315565340" visible="true" version="1" changeset="16233720" timestamp="2013-05-22T07:15:25Z" user="parambyte" uid="715224" lat="18.1493820" lon="74.5744842"/>
 <node id="2315565342" visible="true" version="1" changeset="16233720" timestamp="2013-05-22T07:15:25Z" user="parambyte" uid="715224" lat="18.1491906" lon="74.5802595"/>
 <node id="2315565343" visible="true" version="1" changeset="16233720" timestamp="2013-05-22T07:15:25Z" user="parambyte" uid="715224" lat="18.1465348" lon="74.5734922"/>
 <node id="2315565344" visible="true" version="1" changeset="16233720" timestamp="2013-05-22T07:15:25Z" user="parambyte" uid="715224" lat="18.1487471" lon="74.5702871"/>
 <node id="2315565345" visible="true" version="1" changeset="16233720" timestamp="2013-05-22T07:15:25Z" user="parambyte" uid="715224" lat="18.1377157" lon="74.5772662"/>
 <node id="2315565346" visible="true" version="1" changeset="16233720" timestamp="2013-05-22T07:15:25Z" user="parambyte" uid="715224" lat="18.1388321" lon="74.5763274"/>
 <node id="2315565347" visible="true" version="1" changeset="16233720" timestamp="2013-05-22T07:15:25Z" user="parambyte" uid="715224" lat="18.1503274" lon="74.5763489"/>
 <node id="2315565351" visible="true" version="1" changeset="16233720" timestamp="2013-05-22T07:15:25Z" user="parambyte" uid="715224" lat="18.1509544" lon="74.5725455"/>
 <node id="2315565353" visible="true" version="2" changeset="40419477" timestamp="2016-07-01T15:02:56Z" user="indigomc" uid="136860" lat="18.1506135" lon="74.5749378"/>
 <node id="2315565354" visible="true" version="1" changeset="16233720" timestamp="2013-05-22T07:15:25Z" user="parambyte" uid="715224" lat="18.1509490" lon="74.5780162"/>
 <node id="2315565356" visible="true" version="1" changeset="16233720" timestamp="2013-05-22T07:15:25Z" user="parambyte" uid="715224" lat="18.1503987" lon="74.5741924"/>
 <node id="2315565358" visible="true" version="1" changeset="16233720" timestamp="2013-05-22T07:15:25Z" user="parambyte" uid="715224" lat="18.1503834" lon="74.5743319"/>
 <node id="2315565360" visible="true" version="1" changeset="16233720" timestamp="2013-05-22T07:15:25Z" user="parambyte" uid="715224" lat="18.1502254" lon="74.5736291"/>
 <node id="2315565363" visible="true" version="1" changeset="16233720" timestamp="2013-05-22T07:15:25Z" user="parambyte" uid="715224" lat="18.1455480" lon="74.5720158"/>
 <node id="2315565365" visible="true" version="1" changeset="16233720" timestamp="2013-05-22T07:15:26Z" user="parambyte" uid="715224" lat="18.1477462" lon="74.5822248"/>
 <node id="2315565367" visible="true" version="1" changeset="16233720" timestamp="2013-05-22T07:15:26Z" user="parambyte" uid="715224" lat="18.1467846" lon="74.5728672"/>
 <node id="2315565369" visible="true" version="1" changeset="16233720" timestamp="2013-05-22T07:15:26Z" user="parambyte" uid="715224" lat="18.1395866" lon="74.5758017"/>
 <node id="2315565371" visible="true" version="1" changeset="16233720" timestamp="2013-05-22T07:15:26Z" user="parambyte" uid="715224" lat="18.1499043" lon="74.5706519"/>
 <node id="2315565373" visible="true" version="1" changeset="16233720" timestamp="2013-05-22T07:15:26Z" user="parambyte" uid="715224" lat="18.1496941" lon="74.5742047"/>
 <node id="2315565375" visible="true" version="1" changeset="16233720" timestamp="2013-05-22T07:15:26Z" user="parambyte" uid="715224" lat="18.1501133" lon="74.5706250"/>
 <node id="2315565377" visible="true" version="1" changeset="16233720" timestamp="2013-05-22T07:15:26Z" user="parambyte" uid="715224" lat="18.1465612" lon="74.5787085"/>
 <node id="2315565379" visible="true" version="1" changeset="16233720" timestamp="2013-05-22T07:15:26Z" user="parambyte" uid="715224" lat="18.1500929" lon="74.5782318"/>
 <node id="2315565387" visible="true" version="1" changeset="16233720" timestamp="2013-05-22T07:15:26Z" user="parambyte" uid="715224" lat="18.1489820" lon="74.5784087"/>
 <node id="2315565392" visible="true" version="1" changeset="16233720" timestamp="2013-05-22T07:15:26Z" user="parambyte" uid="715224" lat="18.1477559" lon="74.5801356"/>
 <node id="2315565394" visible="true" version="1" changeset="16233720" timestamp="2013-05-22T07:15:26Z" user="parambyte" uid="715224" lat="18.1487268" lon="74.5741145"/>
 <node id="2315565396" visible="true" version="1" changeset="16233720" timestamp="2013-05-22T07:15:26Z" user="parambyte" uid="715224" lat="18.1367828" lon="74.5784088"/>
 <node id="2315565400" visible="true" version="1" changeset="16233720" timestamp="2013-05-22T07:15:26Z" user="parambyte" uid="715224" lat="18.1508524" lon="74.5725187"/>
 <node id="2315565407" visible="true" version="1" changeset="16233720" timestamp="2013-05-22T07:15:26Z" user="parambyte" uid="715224" lat="18.1462646" lon="74.5749756"/>
 <node id="2315565413" visible="true" version="1" changeset="16233720" timestamp="2013-05-22T07:15:26Z" user="parambyte" uid="715224" lat="18.1486503" lon="74.5764186"/>
 <node id="2315565415" visible="true" version="1" changeset="16233720" timestamp="2013-05-22T07:15:26Z" user="parambyte" uid="715224" lat="18.1477939" lon="74.5799430"/>
 <node id="2315565425" visible="true" version="1" changeset="16233720" timestamp="2013-05-22T07:15:26Z" user="parambyte" uid="715224" lat="18.1516291" lon="74.5809245"/>
 <node id="2315565427" visible="true" version="1" changeset="16233720" timestamp="2013-05-22T07:15:26Z" user="parambyte" uid="715224" lat="18.1425301" lon="74.5741390"/>
 <node id="2315565440" visible="true" version="2" changeset="134273747" timestamp="2023-03-29T18:04:17Z" user="PlaneMad" uid="1306" lat="18.1463335" lon="74.5760027"/>
 <node id="2315565462" visible="true" version="1" changeset="16233720" timestamp="2013-05-22T07:15:26Z" user="parambyte" uid="715224" lat="18.1478602" lon="74.5751552"/>
 <node id="2315565467" visible="true" version="1" changeset="16233720" timestamp="2013-05-22T07:15:26Z" user="parambyte" uid="715224" lat="18.1461525" lon="74.5729397"/>
 <node id="2315565473" visible="true" version="1" changeset="16233720" timestamp="2013-05-22T07:15:26Z" user="parambyte" uid="715224" lat="18.1504344" lon="74.5707806"/>
 <node id="2315565479" visible="true" version="1" changeset="16233720" timestamp="2013-05-22T07:15:26Z" user="parambyte" uid="715224" lat="18.1477547" lon="74.5803932"/>
 <node id="2315565481" visible="true" version="1" changeset="16233720" timestamp="2013-05-22T07:15:27Z" user="parambyte" uid="715224" lat="18.1505262" lon="74.5739563"/>
 <node id="2315565483" visible="true" version="1" changeset="16233720" timestamp="2013-05-22T07:15:27Z" user="parambyte" uid="715224" lat="18.1467055" lon="74.5822117"/>
 <node id="2315565485" visible="true" version="1" changeset="16233720" timestamp="2013-05-22T07:15:27Z" user="parambyte" uid="715224" lat="18.1494557" lon="74.5820995"/>
 <node id="2315565489" visible="true" version="1" changeset="16233720" timestamp="2013-05-22T07:15:27Z" user="parambyte" uid="715224" lat="18.1466982" lon="74.5732853"/>
 <node id="2315565493" visible="true" version="8" changeset="130586082" timestamp="2022-12-28T07:29:51Z" user="Jobigutenburg" uid="10504312" lat="18.1478834" lon="74.5733979">
  <tag k="name" v="Baramati"/>
  <tag k="name:en" v="Baramati"/>
  <tag k="name:hi" v="बारामती"/>
  <tag k="name:ja" v="バーラーマティー"/>
  <tag k="name:ml" v="ബാരാമതി"/>
  <tag k="name:mr" v="बारामती"/>
  <tag k="place" v="town"/>
  <tag k="population" v="54400"/>
  <tag k="wikidata" v="Q712015"/>
  <tag k="wikipedia" v="en:Baramati"/>
 </node>
 <node id="2315565497" visible="true" version="1" changeset="16233720" timestamp="2013-05-22T07:15:27Z" user="parambyte" uid="715224" lat="18.1493588" lon="74.5814826"/>
 <node id="2315565499" visible="true" version="1" changeset="16233720" timestamp="2013-05-22T07:15:27Z" user="parambyte" uid="715224" lat="18.1486707" lon="74.5822497"/>
 <node id="2315565502" visible="true" version="2" changeset="40419477" timestamp="2016-07-01T15:02:56Z" user="indigomc" uid="136860" lat="18.1497964" lon="74.5751372"/>
 <node id="2315565503" visible="true" version="1" changeset="16233720" timestamp="2013-05-22T07:15:27Z" user="parambyte" uid="715224" lat="18.1495690" lon="74.5751081"/>
 <node id="2315565514" visible="true" version="1" changeset="16233720" timestamp="2013-05-22T07:15:27Z" user="parambyte" uid="715224" lat="18.1480156" lon="74.5730496"/>
 <node id="2315565516" visible="true" version="1" changeset="16233720" timestamp="2013-05-22T07:15:27Z" user="parambyte" uid="715224" lat="18.1483393" lon="74.5739804"/>
 <node id="2315565524" visible="true" version="1" changeset="16233720" timestamp="2013-05-22T07:15:27Z" user="parambyte" uid="715224" lat="18.1481507" lon="74.5822444"/>
 <node id="2315565526" visible="true" version="1" changeset="16233720" timestamp="2013-05-22T07:15:27Z" user="parambyte" uid="715224" lat="18.1450667" lon="74.5760109"/>
 <node id="2315565530" visible="true" version="1" changeset="16233720" timestamp="2013-05-22T07:15:27Z" user="parambyte" uid="715224" lat="18.1477149" lon="74.5737980"/>
 <node id="2315565532" visible="true" version="1" changeset="16233720" timestamp="2013-05-22T07:15:27Z" user="parambyte" uid="715224" lat="18.1486924" lon="74.5743227"/>
 <node id="2315565536" visible="true" version="1" changeset="16233720" timestamp="2013-05-22T07:15:27Z" user="parambyte" uid="715224" lat="18.1463462" lon="74.5732159"/>
 <node id="2315565537" visible="true" version="1" changeset="16233720" timestamp="2013-05-22T07:15:27Z" user="parambyte" uid="715224" lat="18.1460333" lon="74.5727448"/>
 <node id="2315565538" visible="true" version="1" changeset="16233720" timestamp="2013-05-22T07:15:27Z" user="parambyte" uid="715224" lat="18.1494965" lon="74.5706948"/>
 <node id="2315565539" visible="true" version="1" changeset="16233720" timestamp="2013-05-22T07:15:27Z" user="parambyte" uid="715224" lat="18.1480003" lon="74.5730094"/>
 <node id="2315565540" visible="true" version="1" changeset="16233720" timestamp="2013-05-22T07:15:27Z" user="parambyte" uid="715224" lat="18.1489714" lon="74.5704158"/>
 <node id="2315565542" visible="true" version="1" changeset="16233720" timestamp="2013-05-22T07:15:27Z" user="parambyte" uid="715224" lat="18.1505975" lon="74.5713048"/>
 <node id="2315565547" visible="true" version="1" changeset="16233720" timestamp="2013-05-22T07:15:27Z" user="parambyte" uid="715224" lat="18.1503580" lon="74.5732161"/>
 <node id="2315565553" visible="true" version="1" changeset="16233720" timestamp="2013-05-22T07:15:27Z" user="parambyte" uid="715224" lat="18.1481408" lon="74.5735106"/>
 <node id="2315565559" visible="true" version="1" changeset="16233720" timestamp="2013-05-22T07:15:27Z" user="parambyte" uid="715224" lat="18.1505466" lon="74.5724007"/>
 <node id="2315565561" visible="true" version="1" changeset="16233720" timestamp="2013-05-22T07:15:27Z" user="parambyte" uid="715224" lat="18.1515240" lon="74.5769084"/>
 <node id="2315565573" visible="true" version="1" changeset="16233720" timestamp="2013-05-22T07:15:27Z" user="parambyte" uid="715224" lat="18.1506258" lon="74.5716116"/>
 <node id="2315565575" visible="true" version="1" changeset="16233720" timestamp="2013-05-22T07:15:27Z" user="parambyte" uid="715224" lat="18.1497870" lon="74.5706948"/>
 <node id="2315565577" visible="true" version="1" changeset="16233720" timestamp="2013-05-22T07:15:27Z" user="parambyte" uid="715224" lat="18.1354471" lon="74.5793690"/>
 <node id="2315565579" visible="true" version="1" changeset="16233720" timestamp="2013-05-22T07:15:27Z" user="parambyte" uid="715224" lat="18.1505873" lon="74.5812198"/>
 <node id="2315565581" visible="true" version="1" changeset="16233720" timestamp="2013-05-22T07:15:27Z" user="parambyte" uid="715224" lat="18.1485104" lon="74.5753506"/>
 <node id="2315565583" visible="true" version="1" changeset="16233720" timestamp="2013-05-22T07:15:27Z" user="parambyte" uid="715224" lat="18.1466724" lon="74.5736907"/>
 <node id="2315565585" visible="true" version="2" changeset="59507493" timestamp="2018-06-03T12:32:36Z" user="mottiger" uid="7504544" lat="18.1405565" lon="74.5749432"/>
 <node id="2315565591" visible="true" version="1" changeset="16233720" timestamp="2013-05-22T07:15:28Z" user="parambyte" uid="715224" lat="18.1366146" lon="74.5786073"/>
 <node id="2315565595" visible="true" version="2" changeset="27365496" timestamp="2014-12-09T21:00:35Z" user="pyram" uid="497849" lat="18.1477371" lon="74.5830553"/>
 <node id="2315565597" visible="true" version="1" changeset="16233720" timestamp="2013-05-22T07:15:28Z" user="parambyte" uid="715224" lat="18.1465860" lon="74.5729232"/>
 <node id="2315565615" visible="true" version="1" changeset="16233720" timestamp="2013-05-22T07:15:28Z" user="parambyte" uid="715224" lat="18.1363954" lon="74.5788487"/>
 <node id="2315565622" visible="true" version="1" changeset="16233720" timestamp="2013-05-22T07:15:28Z" user="parambyte" uid="715224" lat="18.1509279" lon="74.5823974"/>
 <node id="2315565626" visible="true" version="1" changeset="16233720" timestamp="2013-05-22T07:15:28Z" user="parambyte" uid="715224" lat="18.1382306" lon="74.5767351"/>
 <node id="2315565628" visible="true" version="1" changeset="16233720" timestamp="2013-05-22T07:15:28Z" user="parambyte" uid="715224" lat="18.1361558" lon="74.5790311"/>
 <node id="2315565630" visible="true" version="1" changeset="16233720" timestamp="2013-05-22T07:15:28Z" user="parambyte" uid="715224" lat="18.1508116" lon="74.5725240"/>
 <node id="2315565632" visible="true" version="1" changeset="16233720" timestamp="2013-05-22T07:15:28Z" user="parambyte" uid="715224" lat="18.1506644" lon="74.5762626"/>
 <node id="2315565634" visible="true" version="1" changeset="16233720" timestamp="2013-05-22T07:15:28Z" user="parambyte" uid="715224" lat="18.1475849" lon="74.5729477"/>
 <node id="2315565638" visible="true" version="1" changeset="16233720" timestamp="2013-05-22T07:15:28Z" user="parambyte" uid="715224" lat="18.1470802" lon="74.5767941"/>
 <node id="2315565640" visible="true" version="1" changeset="16233720" timestamp="2013-05-22T07:15:28Z" user="parambyte" uid="715224" lat="18.1471162" lon="74.5735106"/>
 <node id="2315565641" visible="true" version="1" changeset="16233720" timestamp="2013-05-22T07:15:28Z" user="parambyte" uid="715224" lat="18.1485996" lon="74.5729205"/>
 <node id="2315565643" visible="true" version="1" changeset="16233720" timestamp="2013-05-22T07:15:28Z" user="parambyte" uid="715224" lat="18.1463589" lon="74.5729128"/>
 <node id="2315565645" visible="true" version="1" changeset="16233720" timestamp="2013-05-22T07:15:28Z" user="parambyte" uid="715224" lat="18.1483138" lon="74.5739729"/>
 <node id="2315565647" visible="true" version="1" changeset="16233720" timestamp="2013-05-22T07:15:28Z" user="parambyte" uid="715224" lat="18.1478143" lon="74.5766493"/>
 <node id="2315565651" visible="true" version="1" changeset="16233720" timestamp="2013-05-22T07:15:28Z" user="parambyte" uid="715224" lat="18.1492977" lon="74.5706143"/>
 <node id="2315565655" visible="true" version="1" changeset="16233720" timestamp="2013-05-22T07:15:28Z" user="parambyte" uid="715224" lat="18.1504242" lon="74.5706572"/>
 <node id="2315565657" visible="true" version="2" changeset="27365496" timestamp="2014-12-09T21:00:35Z" user="pyram" uid="497849" lat="18.1479889" lon="74.5785366"/>
 <node id="2315565659" visible="true" version="1" changeset="16233720" timestamp="2013-05-22T07:15:28Z" user="parambyte" uid="715224" lat="18.1486066" lon="74.5748427"/>
 <node id="2315565663" visible="true" version="1" changeset="16233720" timestamp="2013-05-22T07:15:28Z" user="parambyte" uid="715224" lat="18.1507505" lon="74.5734306"/>
 <node id="2315565665" visible="true" version="1" changeset="16233720" timestamp="2013-05-22T07:15:28Z" user="parambyte" uid="715224" lat="18.1496953" lon="74.5707055"/>
 <node id="2315565669" visible="true" version="1" changeset="16233720" timestamp="2013-05-22T07:15:28Z" user="parambyte" uid="715224" lat="18.1463585" lon="74.5747741"/>
 <node id="2315565671" visible="true" version="1" changeset="16233720" timestamp="2013-05-22T07:15:28Z" user="parambyte" uid="715224" lat="18.1500498" lon="74.5763698"/>
 <node id="2315565674" visible="true" version="2" changeset="27365496" timestamp="2014-12-09T21:00:35Z" user="pyram" uid="497849" lat="18.1476483" lon="74.5785761"/>
 <node id="2315565676" visible="true" version="2" changeset="27365496" timestamp="2014-12-09T21:00:35Z" user="pyram" uid="497849" lat="18.1471815" lon="74.5786179"/>
 <node id="2315565678" visible="true" version="2" changeset="27365496" timestamp="2014-12-09T21:00:35Z" user="pyram" uid="497849" lat="18.1470356" lon="74.5769220"/>
 <node id="2315565686" visible="true" version="1" changeset="16233720" timestamp="2013-05-22T07:15:28Z" user="parambyte" uid="715224" lat="18.1496190" lon="74.5829584"/>
 <node id="2315565698" visible="true" version="1" changeset="16233720" timestamp="2013-05-22T07:15:29Z" user="parambyte" uid="715224" lat="18.1485279" lon="74.5702924"/>
 <node id="2315565700" visible="true" version="1" changeset="16233720" timestamp="2013-05-22T07:15:29Z" user="parambyte" uid="715224" lat="18.1503761" lon="74.5800337"/>
 <node id="2315565702" visible="true" version="1" changeset="16233720" timestamp="2013-05-22T07:15:29Z" user="parambyte" uid="715224" lat="18.1466954" lon="74.5748548"/>
 <node id="2315565704" visible="true" version="1" changeset="16233720" timestamp="2013-05-22T07:15:29Z" user="parambyte" uid="715224" lat="18.1402697" lon="74.5752384"/>
 <node id="2315565712" visible="true" version="1" changeset="16233720" timestamp="2013-05-22T07:15:29Z" user="parambyte" uid="715224" lat="18.1480360" lon="74.5731837"/>
 <node id="2315565715" visible="true" version="1" changeset="16233720" timestamp="2013-05-22T07:15:29Z" user="parambyte" uid="715224" lat="18.1483138" lon="74.5737604"/>
 <node id="2315566606" visible="true" version="1" changeset="16233720" timestamp="2013-05-22T07:19:05Z" user="parambyte" uid="715224" lat="18.1492263" lon="74.5780118"/>
 <node id="2315566608" visible="true" version="2" changeset="93028868" timestamp="2020-10-25T20:47:41Z" user="mottiger" uid="7504544" lat="18.1601347" lon="74.5767389"/>
 <node id="2315566616" visible="true" version="1" changeset="16233720" timestamp="2013-05-22T07:19:05Z" user="parambyte" uid="715224" lat="18.1687658" lon="74.5740658"/>
 <node id="2315566624" visible="true" version="1" changeset="16233720" timestamp="2013-05-22T07:19:05Z" user="parambyte" uid="715224" lat="18.1636540" lon="74.5763875"/>
 <node id="2315566630" visible="true" version="3" changeset="134273747" timestamp="2023-03-29T18:04:17Z" user="PlaneMad" uid="1306" lat="18.1600544" lon="74.5757144"/>
 <node id="2315566631" visible="true" version="1" changeset="16233720" timestamp="2013-05-22T07:19:05Z" user="parambyte" uid="715224" lat="18.1495248" lon="74.5780864"/>
 <node id="2315566633" visible="true" version="1" changeset="16233720" timestamp="2013-05-22T07:19:05Z" user="parambyte" uid="715224" lat="18.1488966" lon="74.5778963"/>
 <node id="2315566634" visible="true" version="1" changeset="16233720" timestamp="2013-05-22T07:19:05Z" user="parambyte" uid="715224" lat="18.1631244" lon="74.5711019"/>
 <node id="2315566637" visible="true" version="1" changeset="16233720" timestamp="2013-05-22T07:19:05Z" user="parambyte" uid="715224" lat="18.1683917" lon="74.5752250"/>
 <node id="2315566639" visible="true" version="1" changeset="16233720" timestamp="2013-05-22T07:19:05Z" user="parambyte" uid="715224" lat="18.1643477" lon="74.5736339"/>
 <node id="2315566646" visible="true" version="1" changeset="16233720" timestamp="2013-05-22T07:19:05Z" user="parambyte" uid="715224" lat="18.1566989" lon="74.5710547"/>
 <node id="2315566648" visible="true" version="1" changeset="16233720" timestamp="2013-05-22T07:19:05Z" user="parambyte" uid="715224" lat="18.1669870" lon="74.5776476"/>
 <node id="2315566652" visible="true" version="1" changeset="16233720" timestamp="2013-05-22T07:19:05Z" user="parambyte" uid="715224" lat="18.1503421" lon="74.5781690"/>
 <node id="2315566654" visible="true" version="1" changeset="16233720" timestamp="2013-05-22T07:19:05Z" user="parambyte" uid="715224" lat="18.1499326" lon="74.5781240"/>
 <node id="2315566656" visible="true" version="1" changeset="16233720" timestamp="2013-05-22T07:19:05Z" user="parambyte" uid="715224" lat="18.1661557" lon="74.5780167"/>
 <node id="2315566658" visible="true" version="1" changeset="16233720" timestamp="2013-05-22T07:19:05Z" user="parambyte" uid="715224" lat="18.1687949" lon="74.5731168"/>
 <node id="2315566660" visible="true" version="1" changeset="16233720" timestamp="2013-05-22T07:19:05Z" user="parambyte" uid="715224" lat="18.1684835" lon="74.5720842"/>
 <node id="2315566662" visible="true" version="2" changeset="93028868" timestamp="2020-10-25T20:47:41Z" user="mottiger" uid="7504544" lat="18.1623253" lon="74.5790845"/>
 <node id="2315566664" visible="true" version="1" changeset="16233720" timestamp="2013-05-22T07:19:05Z" user="parambyte" uid="715224" lat="18.1575934" lon="74.5735218"/>
 <node id="2315566666" visible="true" version="1" changeset="16233720" timestamp="2013-05-22T07:19:05Z" user="parambyte" uid="715224" lat="18.1564226" lon="74.5736812"/>
 <node id="2315566668" visible="true" version="1" changeset="16233720" timestamp="2013-05-22T07:19:05Z" user="parambyte" uid="715224" lat="18.1566375" lon="74.5678703"/>
 <node id="2315677866" visible="true" version="1" changeset="16235664" timestamp="2013-05-22T10:19:33Z" user="rameshbhoir" uid="1160394" lat="18.1701479" lon="74.5608070"/>
 <node id="2315677871" visible="true" version="1" changeset="16235664" timestamp="2013-05-22T10:19:33Z" user="rameshbhoir" uid="1160394" lat="18.1634810" lon="74.5618523"/>
 <node id="2315677873" visible="true" version="1" changeset="16235664" timestamp="2013-05-22T10:19:33Z" user="rameshbhoir" uid="1160394" lat="18.1626571" lon="74.5635093"/>
 <node id="2315677934" visible="true" version="1" changeset="16235664" timestamp="2013-05-22T10:19:34Z" user="rameshbhoir" uid="1160394" lat="18.1671425" lon="74.5618120"/>
 <node id="2315677941" visible="true" version="1" changeset="16235664" timestamp="2013-05-22T10:19:34Z" user="rameshbhoir" uid="1160394" lat="18.1714866" lon="74.5601526"/>
 <node id="2315677949" visible="true" version="1" changeset="16235664" timestamp="2013-05-22T10:19:34Z" user="rameshbhoir" uid="1160394" lat="18.1719112" lon="74.5599189"/>
 <node id="2315677952" visible="true" version="1" changeset="16235664" timestamp="2013-05-22T10:19:34Z" user="rameshbhoir" uid="1160394" lat="18.1655621" lon="74.5604876"/>
 <node id="2315677956" visible="true" version="1" changeset="16235664" timestamp="2013-05-22T10:19:34Z" user="rameshbhoir" uid="1160394" lat="18.1733600" lon="74.5590156"/>
 <node id="2315677958" visible="true" version="1" changeset="16235664" timestamp="2013-05-22T10:19:34Z" user="rameshbhoir" uid="1160394" lat="18.1677019" lon="74.5621339"/>
 <node id="2315677962" visible="true" version="1" changeset="16235664" timestamp="2013-05-22T10:19:34Z" user="rameshbhoir" uid="1160394" lat="18.1690437" lon="74.5617847"/>
 <node id="2315677968" visible="true" version="1" changeset="16235664" timestamp="2013-05-22T10:19:34Z" user="rameshbhoir" uid="1160394" lat="18.1726568" lon="74.5595279"/>
 <node id="2315678022" visible="true" version="1" changeset="16235664" timestamp="2013-05-22T10:19:35Z" user="rameshbhoir" uid="1160394" lat="18.1664750" lon="74.5607491"/>
 <node id="2315678051" visible="true" version="1" changeset="16235664" timestamp="2013-05-22T10:19:35Z" user="rameshbhoir" uid="1160394" lat="18.1709958" lon="74.5603738"/>
 <node id="2622104721" visible="true" version="1" changeset="19988925" timestamp="2014-01-14T11:50:30Z" user="parambyte" uid="715224" lat="18.1565891" lon="74.6000648"/>
 <node id="2622104735" visible="true" version="1" changeset="19988925" timestamp="2014-01-14T11:50:31Z" user="parambyte" uid="715224" lat="18.1568837" lon="74.5949911"/>
 <node id="2622104737" visible="true" version="1" changeset="19988925" timestamp="2014-01-14T11:50:31Z" user="parambyte" uid="715224" lat="18.1550742" lon="74.5921243"/>
 <node id="2622104741" visible="true" version="1" changeset="19988925" timestamp="2014-01-14T11:50:31Z" user="parambyte" uid="715224" lat="18.1551751" lon="74.5996678"/>
 <node id="2622104742" visible="true" version="1" changeset="19988925" timestamp="2014-01-14T11:50:31Z" user="parambyte" uid="715224" lat="18.1574847" lon="74.5984286"/>
 <node id="2622104763" visible="true" version="1" changeset="19988925" timestamp="2014-01-14T11:50:31Z" user="parambyte" uid="715224" lat="18.1528303" lon="74.6018946"/>
 <node id="2622104765" visible="true" version="1" changeset="19988925" timestamp="2014-01-14T11:50:31Z" user="parambyte" uid="715224" lat="18.1557562" lon="74.6005690"/>
 <node id="2622104844" visible="true" version="1" changeset="19988925" timestamp="2014-01-14T11:50:33Z" user="parambyte" uid="715224" lat="18.1553535" lon="74.6002160"/>
 <node id="2622104851" visible="true" version="1" changeset="19988925" timestamp="2014-01-14T11:50:34Z" user="parambyte" uid="715224" lat="18.1549712" lon="74.5991528"/>
 <node id="2622104856" visible="true" version="1" changeset="19988925" timestamp="2014-01-14T11:50:34Z" user="parambyte" uid="715224" lat="18.1556485" lon="74.6006220"/>
 <node id="2622104857" visible="true" version="1" changeset="19988925" timestamp="2014-01-14T11:50:34Z" user="parambyte" uid="715224" lat="18.1577395" lon="74.5975242"/>
 <node id="2622104866" visible="true" version="1" changeset="19988925" timestamp="2014-01-14T11:50:34Z" user="parambyte" uid="715224" lat="18.1529934" lon="74.5979297"/>
 <node id="2622104875" visible="true" version="1" changeset="19988925" timestamp="2014-01-14T11:50:34Z" user="parambyte" uid="715224" lat="18.1542321" lon="74.5984780"/>
 <node id="2622104878" visible="true" version="1" changeset="19988925" timestamp="2014-01-14T11:50:34Z" user="parambyte" uid="715224" lat="18.1524240" lon="74.6015378"/>
 <node id="2622104882" visible="true" version="1" changeset="19988925" timestamp="2014-01-14T11:50:34Z" user="parambyte" uid="715224" lat="18.1526213" lon="74.5976411"/>
 <node id="2622104884" visible="true" version="1" changeset="19988925" timestamp="2014-01-14T11:50:34Z" user="parambyte" uid="715224" lat="18.1557664" lon="74.5937058"/>
 <node id="2622104888" visible="true" version="1" changeset="19988925" timestamp="2014-01-14T11:50:35Z" user="parambyte" uid="715224" lat="18.1538304" lon="74.5893306"/>
 <node id="2622104889" visible="true" version="1" changeset="19988925" timestamp="2014-01-14T11:50:35Z" user="parambyte" uid="715224" lat="18.1534777" lon="74.5982634"/>
 <node id="2622104909" visible="true" version="1" changeset="19988925" timestamp="2014-01-14T11:50:35Z" user="parambyte" uid="715224" lat="18.1518118" lon="74.6006452"/>
 <node id="2622104920" visible="true" version="2" changeset="162238653" timestamp="2025-02-07T10:09:36Z" user="Vaishali Patil" uid="20041977" lat="18.1575817" lon="74.6072559"/>
 <node id="2622104928" visible="true" version="1" changeset="19988925" timestamp="2014-01-14T11:50:36Z" user="parambyte" uid="715224" lat="18.1545787" lon="74.5986496"/>
 <node id="2622104930" visible="true" version="1" changeset="19988925" timestamp="2014-01-14T11:50:36Z" user="parambyte" uid="715224" lat="18.1517088" lon="74.5967066"/>
 <node id="2622104940" visible="true" version="1" changeset="19988925" timestamp="2014-01-14T11:50:36Z" user="parambyte" uid="715224" lat="18.1550660" lon="74.6009086"/>
 <node id="2983245729" visible="true" version="1" changeset="24388078" timestamp="2014-07-27T17:21:08Z" user="Oberaffe" uid="56597" lat="17.9899952" lon="74.4610764">
  <tag k="power" v="tower"/>
 </node>
 <node id="2983245730" visible="true" version="1" changeset="24388078" timestamp="2014-07-27T17:21:08Z" user="Oberaffe" uid="56597" lat="17.9900594" lon="74.4613509">
  <tag k="power" v="tower"/>
 </node>
 <node id="2983245738" visible="true" version="1" changeset="24388078" timestamp="2014-07-27T17:21:08Z" user="Oberaffe" uid="56597" lat="17.9917379" lon="74.4628006">
  <tag k="power" v="tower"/>
 </node>
 <node id="2983245751" visible="true" version="1" changeset="24388078" timestamp="2014-07-27T17:21:09Z" user="Oberaffe" uid="56597" lat="17.9954559" lon="74.4660617">
  <tag k="power" v="tower"/>
 </node>
 <node id="2983245759" visible="true" version="1" changeset="24388078" timestamp="2014-07-27T17:21:09Z" user="Oberaffe" uid="56597" lat="17.9977135" lon="74.4680057">
  <tag k="power" v="tower"/>
 </node>
 <node id="2983245768" visible="true" version="1" changeset="24388078" timestamp="2014-07-27T17:21:09Z" user="Oberaffe" uid="56597" lat="18.0000152" lon="74.4699938">
  <tag k="power" v="tower"/>
 </node>
 <node id="2983245776" visible="true" version="1" changeset="24388078" timestamp="2014-07-27T17:21:10Z" user="Oberaffe" uid="56597" lat="18.0027848" lon="74.4724297">
  <tag k="power" v="tower"/>
 </node>
 <node id="2983245786" visible="true" version="1" changeset="24388078" timestamp="2014-07-27T17:21:10Z" user="Oberaffe" uid="56597" lat="18.0050498" lon="74.4743685">
  <tag k="power" v="tower"/>
 </node>
 <node id="2983245798" visible="true" version="1" changeset="24388078" timestamp="2014-07-27T17:21:10Z" user="Oberaffe" uid="56597" lat="18.0074501" lon="74.4764705">
  <tag k="power" v="tower"/>
 </node>
 <node id="2983245806" visible="true" version="1" changeset="24388078" timestamp="2014-07-27T17:21:11Z" user="Oberaffe" uid="56597" lat="18.0097223" lon="74.4784198">
  <tag k="power" v="tower"/>
 </node>
 <node id="2983245825" visible="true" version="1" changeset="24388078" timestamp="2014-07-27T17:21:11Z" user="Oberaffe" uid="56597" lat="18.0121718" lon="74.4805399">
  <tag k="power" v="tower"/>
 </node>
 <node id="2983245838" visible="true" version="1" changeset="24388078" timestamp="2014-07-27T17:21:13Z" user="Oberaffe" uid="56597" lat="18.0138064" lon="74.4819791">
  <tag k="power" v="tower"/>
 </node>
 <node id="2983245852" visible="true" version="1" changeset="24388078" timestamp="2014-07-27T17:21:14Z" user="Oberaffe" uid="56597" lat="18.0157881" lon="74.4836617">
  <tag k="power" v="tower"/>
 </node>
 <node id="2983245864" visible="true" version="1" changeset="24388078" timestamp="2014-07-27T17:21:14Z" user="Oberaffe" uid="56597" lat="18.0176689" lon="74.4853133">
  <tag k="power" v="tower"/>
 </node>
 <node id="2983245884" visible="true" version="1" changeset="24388078" timestamp="2014-07-27T17:21:15Z" user="Oberaffe" uid="56597" lat="18.0198031" lon="74.4871486">
  <tag k="power" v="tower"/>
 </node>
 <node id="2983245914" visible="true" version="1" changeset="24388078" timestamp="2014-07-27T17:21:16Z" user="Oberaffe" uid="56597" lat="18.0219669" lon="74.4890124">
  <tag k="power" v="tower"/>
 </node>
 <node id="2983245953" visible="true" version="1" changeset="24388078" timestamp="2014-07-27T17:21:17Z" user="Oberaffe" uid="56597" lat="18.0239904" lon="74.4907908">
  <tag k="power" v="tower"/>
 </node>
 <node id="2983245986" visible="true" version="1" changeset="24388078" timestamp="2014-07-27T17:21:18Z" user="Oberaffe" uid="56597" lat="18.0261319" lon="74.4926184">
  <tag k="power" v="tower"/>
 </node>
 <node id="2983246010" visible="true" version="1" changeset="24388078" timestamp="2014-07-27T17:21:19Z" user="Oberaffe" uid="56597" lat="18.0284113" lon="74.4946039">
  <tag k="power" v="tower"/>
 </node>
 <node id="2983246029" visible="true" version="1" changeset="24388078" timestamp="2014-07-27T17:21:20Z" user="Oberaffe" uid="56597" lat="18.0305996" lon="74.4965221">
  <tag k="power" v="tower"/>
 </node>
 <node id="2983246051" visible="true" version="1" changeset="24388078" timestamp="2014-07-27T17:21:20Z" user="Oberaffe" uid="56597" lat="18.0326722" lon="74.4983186">
  <tag k="power" v="tower"/>
 </node>
 <node id="2983246073" visible="true" version="1" changeset="24388078" timestamp="2014-07-27T17:21:21Z" user="Oberaffe" uid="56597" lat="18.0347029" lon="74.5000840">
  <tag k="power" v="tower"/>
 </node>
 <node id="2983246090" visible="true" version="1" changeset="24388078" timestamp="2014-07-27T17:21:22Z" user="Oberaffe" uid="56597" lat="18.0369034" lon="74.5020255">
  <tag k="power" v="tower"/>
 </node>
 <node id="2983246109" visible="true" version="1" changeset="24388078" timestamp="2014-07-27T17:21:22Z" user="Oberaffe" uid="56597" lat="18.0388289" lon="74.5036802">
  <tag k="power" v="tower"/>
 </node>
 <node id="2983246130" visible="true" version="1" changeset="24388078" timestamp="2014-07-27T17:21:23Z" user="Oberaffe" uid="56597" lat="18.0409001" lon="74.5055143">
  <tag k="power" v="tower"/>
 </node>
 <node id="2983246249" visible="true" version="1" changeset="24388078" timestamp="2014-07-27T17:21:23Z" user="Oberaffe" uid="56597" lat="18.0430130" lon="74.5073447">
  <tag k="power" v="tower"/>
 </node>
 <node id="2983246262" visible="true" version="1" changeset="24388078" timestamp="2014-07-27T17:21:24Z" user="Oberaffe" uid="56597" lat="18.0453242" lon="74.5093545">
  <tag k="power" v="tower"/>
 </node>
 <node id="2983246273" visible="true" version="1" changeset="24388078" timestamp="2014-07-27T17:21:24Z" user="Oberaffe" uid="56597" lat="18.0474058" lon="74.5111557">
  <tag k="power" v="tower"/>
 </node>
 <node id="2983246278" visible="true" version="1" changeset="24388078" timestamp="2014-07-27T17:21:24Z" user="Oberaffe" uid="56597" lat="18.0496160" lon="74.5130630">
  <tag k="power" v="tower"/>
 </node>
 <node id="2983246284" visible="true" version="1" changeset="24388078" timestamp="2014-07-27T17:21:25Z" user="Oberaffe" uid="56597" lat="18.0518019" lon="74.5149813">
  <tag k="power" v="tower"/>
 </node>
 <node id="2983246290" visible="true" version="1" changeset="24388078" timestamp="2014-07-27T17:21:25Z" user="Oberaffe" uid="56597" lat="18.0538729" lon="74.5167861">
  <tag k="power" v="tower"/>
 </node>
 <node id="2983246296" visible="true" version="1" changeset="24388078" timestamp="2014-07-27T17:21:25Z" user="Oberaffe" uid="56597" lat="18.0564138" lon="74.5189827">
  <tag k="power" v="tower"/>
 </node>
 <node id="2983246311" visible="true" version="1" changeset="24388078" timestamp="2014-07-27T17:21:25Z" user="Oberaffe" uid="56597" lat="18.0588467" lon="74.5211243">
  <tag k="power" v="tower"/>
 </node>
 <node id="2983246539" visible="true" version="1" changeset="24388078" timestamp="2014-07-27T17:21:26Z" user="Oberaffe" uid="56597" lat="18.0614222" lon="74.5233647">
  <tag k="power" v="tower"/>
 </node>
 <node id="2983246556" visible="true" version="1" changeset="24388078" timestamp="2014-07-27T17:21:27Z" user="Oberaffe" uid="56597" lat="18.0637124" lon="74.5253160">
  <tag k="power" v="tower"/>
 </node>
 <node id="2983246574" visible="true" version="1" changeset="24388078" timestamp="2014-07-27T17:21:27Z" user="Oberaffe" uid="56597" lat="18.0659364" lon="74.5272379">
  <tag k="power" v="tower"/>
 </node>
 <node id="2983246588" visible="true" version="1" changeset="24388078" timestamp="2014-07-27T17:21:28Z" user="Oberaffe" uid="56597" lat="18.0678332" lon="74.5288451">
  <tag k="power" v="tower"/>
 </node>
 <node id="2983246601" visible="true" version="1" changeset="24388078" timestamp="2014-07-27T17:21:28Z" user="Oberaffe" uid="56597" lat="18.0699318" lon="74.5306352">
  <tag k="power" v="tower"/>
 </node>
 <node id="2983246617" visible="true" version="1" changeset="24388078" timestamp="2014-07-27T17:21:29Z" user="Oberaffe" uid="56597" lat="18.0721140" lon="74.5325316">
  <tag k="power" v="tower"/>
 </node>
 <node id="2983246646" visible="true" version="1" changeset="24388078" timestamp="2014-07-27T17:21:31Z" user="Oberaffe" uid="56597" lat="18.0743065" lon="74.5343913">
  <tag k="power" v="tower"/>
 </node>
 <node id="2983246652" visible="true" version="1" changeset="24388078" timestamp="2014-07-27T17:21:32Z" user="Oberaffe" uid="56597" lat="18.0765026" lon="74.5362693">
  <tag k="power" v="tower"/>
 </node>
 <node id="2983246661" visible="true" version="1" changeset="24388078" timestamp="2014-07-27T17:21:32Z" user="Oberaffe" uid="56597" lat="18.0784156" lon="74.5379538">
  <tag k="power" v="tower"/>
 </node>
 <node id="2983246665" visible="true" version="1" changeset="24388078" timestamp="2014-07-27T17:21:32Z" user="Oberaffe" uid="56597" lat="18.0793761" lon="74.5388068">
  <tag k="power" v="tower"/>
 </node>
 <node id="2983246671" visible="true" version="1" changeset="24388078" timestamp="2014-07-27T17:21:32Z" user="Oberaffe" uid="56597" lat="18.0805698" lon="74.5398062">
  <tag k="power" v="tower"/>
 </node>
 <node id="2983246690" visible="true" version="1" changeset="24388078" timestamp="2014-07-27T17:21:33Z" user="Oberaffe" uid="56597" lat="18.0832947" lon="74.5421272">
  <tag k="power" v="tower"/>
 </node>
 <node id="2983247046" visible="true" version="1" changeset="24388078" timestamp="2014-07-27T17:21:46Z" user="Oberaffe" uid="56597" lat="18.1683621" lon="74.5941320">
  <tag k="power" v="tower"/>
 </node>
 <node id="2983762848" visible="true" version="1" changeset="24392341" timestamp="2014-07-27T21:33:44Z" user="Oberaffe" uid="56597" lat="17.9934660" lon="74.4643203">
  <tag k="power" v="tower"/>
 </node>
 <node id="3047805457" visible="true" version="1" changeset="25078408" timestamp="2014-08-28T17:08:13Z" user="Luis36995" uid="1829683" lat="18.1520209" lon="74.5819216"/>
 <node id="3047805458" visible="true" version="1" changeset="25078408" timestamp="2014-08-28T17:08:13Z" user="Luis36995" uid="1829683" lat="18.1524431" lon="74.5819473"/>
 <node id="3094833402" visible="true" version="1" changeset="25653960" timestamp="2014-09-24T21:16:53Z" user="Heinz_V" uid="91490" lat="18.1744195" lon="74.5594307"/>
 <node id="3094833404" visible="true" version="1" changeset="25653960" timestamp="2014-09-24T21:16:53Z" user="Heinz_V" uid="91490" lat="18.1745990" lon="74.5625487"/>
 <node id="3110827435" visible="true" version="1" changeset="25849654" timestamp="2014-10-04T11:32:00Z" user="Heinz_V" uid="91490" lat="18.1299585" lon="74.5815477"/>
 <node id="3110827436" visible="true" version="1" changeset="25849654" timestamp="2014-10-04T11:32:00Z" user="Heinz_V" uid="91490" lat="18.1346525" lon="74.5759439"/>
 <node id="3110827437" visible="true" version="1" changeset="25849654" timestamp="2014-10-04T11:32:00Z" user="Heinz_V" uid="91490" lat="18.1491365" lon="74.5685271"/>
 <node id="3148726600" visible="true" version="1" changeset="26315138" timestamp="2014-10-25T07:45:44Z" user="Heinz_V" uid="91490" lat="18.1430290" lon="74.5979918"/>
 <node id="3148726605" visible="true" version="1" changeset="26315138" timestamp="2014-10-25T07:45:44Z" user="Heinz_V" uid="91490" lat="18.1452829" lon="74.5710858"/>
 <node id="3148726606" visible="true" version="1" changeset="26315138" timestamp="2014-10-25T07:45:44Z" user="Heinz_V" uid="91490" lat="18.1461735" lon="74.5898711"/>
 <node id="3148726607" visible="true" version="1" changeset="26315138" timestamp="2014-10-25T07:45:44Z" user="Heinz_V" uid="91490" lat="18.1462357" lon="74.5891727"/>
 <node id="3148726608" visible="true" version="1" changeset="26315138" timestamp="2014-10-25T07:45:44Z" user="Heinz_V" uid="91490" lat="18.1465630" lon="74.5839443"/>
 <node id="3148726609" visible="true" version="1" changeset="26315138" timestamp="2014-10-25T07:45:44Z" user="Heinz_V" uid="91490" lat="18.1465818" lon="74.5847305"/>
 <node id="3227190804" visible="true" version="1" changeset="27365496" timestamp="2014-12-09T21:00:21Z" user="pyram" uid="497849" lat="18.1365456" lon="74.5785426"/>
 <node id="3227190805" visible="true" version="1" changeset="27365496" timestamp="2014-12-09T21:00:21Z" user="pyram" uid="497849" lat="18.1370318" lon="74.5789421"/>
 <node id="3227190806" visible="true" version="1" changeset="27365496" timestamp="2014-12-09T21:00:21Z" user="pyram" uid="497849" lat="18.1379469" lon="74.5793241"/>
 <node id="3227190807" visible="true" version="1" changeset="27365496" timestamp="2014-12-09T21:00:21Z" user="pyram" uid="497849" lat="18.1380267" lon="74.5767704"/>
 <node id="3227190808" visible="true" version="1" changeset="27365496" timestamp="2014-12-09T21:00:21Z" user="pyram" uid="497849" lat="18.1381924" lon="74.5788173"/>
 <node id="3227190809" visible="true" version="1" changeset="27365496" timestamp="2014-12-09T21:00:21Z" user="pyram" uid="497849" lat="18.1385901" lon="74.5790756"/>
 <node id="3227190810" visible="true" version="1" changeset="27365496" timestamp="2014-12-09T21:00:21Z" user="pyram" uid="497849" lat="18.1388528" lon="74.5780374"/>
 <node id="3227190812" visible="true" version="1" changeset="27365496" timestamp="2014-12-09T21:00:21Z" user="pyram" uid="497849" lat="18.1390811" lon="74.5785067"/>
 <node id="3227190814" visible="true" version="1" changeset="27365496" timestamp="2014-12-09T21:00:21Z" user="pyram" uid="497849" lat="18.1408903" lon="74.5720563"/>
 <node id="3227190815" visible="true" version="1" changeset="27365496" timestamp="2014-12-09T21:00:21Z" user="pyram" uid="497849" lat="18.1409005" lon="74.5772421"/>
 <node id="3227190816" visible="true" version="1" changeset="27365496" timestamp="2014-12-09T21:00:21Z" user="pyram" uid="497849" lat="18.1421396" lon="74.5705494"/>
 <node id="3227190817" visible="true" version="1" changeset="27365496" timestamp="2014-12-09T21:00:21Z" user="pyram" uid="497849" lat="18.1421398" lon="74.5708935"/>
 <node id="3227190818" visible="true" version="1" changeset="27365496" timestamp="2014-12-09T21:00:21Z" user="pyram" uid="497849" lat="18.1429456" lon="74.5697119"/>
 <node id="3227190819" visible="true" version="1" changeset="27365496" timestamp="2014-12-09T21:00:21Z" user="pyram" uid="497849" lat="18.1429958" lon="74.5704615"/>
 <node id="3227190820" visible="true" version="1" changeset="27365496" timestamp="2014-12-09T21:00:21Z" user="pyram" uid="497849" lat="18.1430999" lon="74.5716451"/>
 <node id="3227190821" visible="true" version="1" changeset="27365496" timestamp="2014-12-09T21:00:21Z" user="pyram" uid="497849" lat="18.1433339" lon="74.5714341"/>
 <node id="3227190822" visible="true" version="1" changeset="27365496" timestamp="2014-12-09T21:00:21Z" user="pyram" uid="497849" lat="18.1435242" lon="74.5707465"/>
 <node id="3227190823" visible="true" version="1" changeset="27365496" timestamp="2014-12-09T21:00:21Z" user="pyram" uid="497849" lat="18.1436951" lon="74.5712933"/>
 <node id="3227190824" visible="true" version="2" changeset="134273747" timestamp="2023-03-29T18:04:17Z" user="PlaneMad" uid="1306" lat="18.1449653" lon="74.5702873"/>
 <node id="3227190825" visible="true" version="2" changeset="134273747" timestamp="2023-03-29T18:04:17Z" user="PlaneMad" uid="1306" lat="18.1450745" lon="74.5783266"/>
 <node id="3227190826" visible="true" version="2" changeset="134273747" timestamp="2023-03-29T18:04:17Z" user="PlaneMad" uid="1306" lat="18.1450881" lon="74.5797137"/>
 <node id="3227190827" visible="true" version="1" changeset="27365496" timestamp="2014-12-09T21:00:21Z" user="pyram" uid="497849" lat="18.1451733" lon="74.5710364"/>
 <node id="3227190828" visible="true" version="2" changeset="134273747" timestamp="2023-03-29T18:04:17Z" user="PlaneMad" uid="1306" lat="18.1451941" lon="74.5787026"/>
 <node id="3227190829" visible="true" version="2" changeset="134273747" timestamp="2023-03-29T18:04:17Z" user="PlaneMad" uid="1306" lat="18.1452044" lon="74.5793214"/>
 <node id="3227190830" visible="true" version="2" changeset="134273747" timestamp="2023-03-29T18:04:17Z" user="PlaneMad" uid="1306" lat="18.1453012" lon="74.5785625"/>
 <node id="3227190831" visible="true" version="2" changeset="134273747" timestamp="2023-03-29T18:04:17Z" user="PlaneMad" uid="1306" lat="18.1453034" lon="74.5787006"/>
 <node id="3227190832" visible="true" version="2" changeset="134273747" timestamp="2023-03-29T18:04:17Z" user="PlaneMad" uid="1306" lat="18.1453146" lon="74.5793194"/>
 <node id="3227190833" visible="true" version="2" changeset="134273747" timestamp="2023-03-29T18:04:17Z" user="PlaneMad" uid="1306" lat="18.1453171" lon="74.5794700"/>
 <node id="3227190834" visible="true" version="2" changeset="134273747" timestamp="2023-03-29T18:04:17Z" user="PlaneMad" uid="1306" lat="18.1453239" lon="74.5780612"/>
 <node id="3227190835" visible="true" version="2" changeset="134273747" timestamp="2023-03-29T18:04:17Z" user="PlaneMad" uid="1306" lat="18.1453403" lon="74.5799761"/>
 <node id="3227190836" visible="true" version="2" changeset="134273747" timestamp="2023-03-29T18:04:17Z" user="PlaneMad" uid="1306" lat="18.1453508" lon="74.5785634"/>
 <node id="3227190837" visible="true" version="2" changeset="134273747" timestamp="2023-03-29T18:04:17Z" user="PlaneMad" uid="1306" lat="18.1453531" lon="74.5786997"/>
 <node id="3227190838" visible="true" version="2" changeset="134273747" timestamp="2023-03-29T18:04:17Z" user="PlaneMad" uid="1306" lat="18.1453642" lon="74.5793186"/>
 <node id="3227190839" visible="true" version="2" changeset="134273747" timestamp="2023-03-29T18:04:17Z" user="PlaneMad" uid="1306" lat="18.1453668" lon="74.5794789"/>
 <node id="3227190840" visible="true" version="2" changeset="134273747" timestamp="2023-03-29T18:04:17Z" user="PlaneMad" uid="1306" lat="18.1454627" lon="74.5786977"/>
 <node id="3227190841" visible="true" version="2" changeset="134273747" timestamp="2023-03-29T18:04:17Z" user="PlaneMad" uid="1306" lat="18.1454673" lon="74.5789783"/>
 <node id="3227190842" visible="true" version="2" changeset="134273747" timestamp="2023-03-29T18:04:17Z" user="PlaneMad" uid="1306" lat="18.1454686" lon="74.5790667"/>
 <node id="3227190843" visible="true" version="2" changeset="134273747" timestamp="2023-03-29T18:04:17Z" user="PlaneMad" uid="1306" lat="18.1454728" lon="74.5793166"/>
 <node id="3227190844" visible="true" version="2" changeset="134273747" timestamp="2023-03-29T18:04:17Z" user="PlaneMad" uid="1306" lat="18.1455695" lon="74.5789764"/>
 <node id="3227190845" visible="true" version="2" changeset="134273747" timestamp="2023-03-29T18:04:17Z" user="PlaneMad" uid="1306" lat="18.1455710" lon="74.5790648"/>
 <node id="3227190846" visible="true" version="2" changeset="134273747" timestamp="2023-03-29T18:04:17Z" user="PlaneMad" uid="1306" lat="18.1455761" lon="74.5783236"/>
 <node id="3227190847" visible="true" version="2" changeset="134273747" timestamp="2023-03-29T18:04:17Z" user="PlaneMad" uid="1306" lat="18.1455897" lon="74.5797107"/>
 <node id="3227190848" visible="true" version="1" changeset="27365496" timestamp="2014-12-09T21:00:22Z" user="pyram" uid="497849" lat="18.1456769" lon="74.5730731"/>
 <node id="3227190849" visible="true" version="1" changeset="27365496" timestamp="2014-12-09T21:00:22Z" user="pyram" uid="497849" lat="18.1457924" lon="74.5730571"/>
 <node id="3227190850" visible="true" version="1" changeset="27365496" timestamp="2014-12-09T21:00:22Z" user="pyram" uid="497849" lat="18.1458165" lon="74.5741880"/>
 <node id="3227190851" visible="true" version="1" changeset="27365496" timestamp="2014-12-09T21:00:22Z" user="pyram" uid="497849" lat="18.1459320" lon="74.5741720"/>
 <node id="3227190852" visible="true" version="1" changeset="27365496" timestamp="2014-12-09T21:00:22Z" user="pyram" uid="497849" lat="18.1465375" lon="74.5711229"/>
 <node id="3227190853" visible="true" version="1" changeset="27365496" timestamp="2014-12-09T21:00:22Z" user="pyram" uid="497849" lat="18.1465375" lon="74.5715591"/>
 <node id="3227190854" visible="true" version="1" changeset="27365496" timestamp="2014-12-09T21:00:22Z" user="pyram" uid="497849" lat="18.1468376" lon="74.5711229"/>
 <node id="3227190855" visible="true" version="1" changeset="27365496" timestamp="2014-12-09T21:00:22Z" user="pyram" uid="497849" lat="18.1468376" lon="74.5715591"/>
 <node id="3227190856" visible="true" version="1" changeset="27365496" timestamp="2014-12-09T21:00:22Z" user="pyram" uid="497849" lat="18.1469259" lon="74.5834190"/>
 <node id="3227190857" visible="true" version="1" changeset="27365496" timestamp="2014-12-09T21:00:22Z" user="pyram" uid="497849" lat="18.1469346" lon="74.5832180"/>
 <node id="3227190858" visible="true" version="1" changeset="27365496" timestamp="2014-12-09T21:00:22Z" user="pyram" uid="497849" lat="18.1469798" lon="74.5749607"/>
 <node id="3227190859" visible="true" version="1" changeset="27365496" timestamp="2014-12-09T21:00:22Z" user="pyram" uid="497849" lat="18.1472073" lon="74.5759151"/>
 <node id="3227190860" visible="true" version="1" changeset="27365496" timestamp="2014-12-09T21:00:22Z" user="pyram" uid="497849" lat="18.1472134" lon="74.5834327"/>
 <node id="3227191061" visible="true" version="1" changeset="27365496" timestamp="2014-12-09T21:00:22Z" user="pyram" uid="497849" lat="18.1472221" lon="74.5832317"/>
 <node id="3227191062" visible="true" version="1" changeset="27365496" timestamp="2014-12-09T21:00:22Z" user="pyram" uid="497849" lat="18.1472256" lon="74.5757241"/>
 <node id="3227191063" visible="true" version="1" changeset="27365496" timestamp="2014-12-09T21:00:22Z" user="pyram" uid="497849" lat="18.1472425" lon="74.5786135"/>
 <node id="3227191064" visible="true" version="1" changeset="27365496" timestamp="2014-12-09T21:00:22Z" user="pyram" uid="497849" lat="18.1472443" lon="74.5766382"/>
 <node id="3227191065" visible="true" version="1" changeset="27365496" timestamp="2014-12-09T21:00:22Z" user="pyram" uid="497849" lat="18.1472459" lon="74.5761028"/>
 <node id="3227191066" visible="true" version="1" changeset="27365496" timestamp="2014-12-09T21:00:22Z" user="pyram" uid="497849" lat="18.1472992" lon="74.5755485"/>
 <node id="3227191067" visible="true" version="1" changeset="27365496" timestamp="2014-12-09T21:00:22Z" user="pyram" uid="497849" lat="18.1473377" lon="74.5762686"/>
 <node id="3227191068" visible="true" version="1" changeset="27365496" timestamp="2014-12-09T21:00:22Z" user="pyram" uid="497849" lat="18.1474207" lon="74.5754053"/>
 <node id="3227191069" visible="true" version="1" changeset="27365496" timestamp="2014-12-09T21:00:22Z" user="pyram" uid="497849" lat="18.1474738" lon="74.5763965"/>
 <node id="3227191070" visible="true" version="1" changeset="27365496" timestamp="2014-12-09T21:00:22Z" user="pyram" uid="497849" lat="18.1475784" lon="74.5753087"/>
 <node id="3227191071" visible="true" version="1" changeset="27365496" timestamp="2014-12-09T21:00:22Z" user="pyram" uid="497849" lat="18.1476407" lon="74.5764739"/>
 <node id="3227191072" visible="true" version="1" changeset="27365496" timestamp="2014-12-09T21:00:22Z" user="pyram" uid="497849" lat="18.1477298" lon="74.5793414"/>
 <node id="3227191073" visible="true" version="1" changeset="27365496" timestamp="2014-12-09T21:00:22Z" user="pyram" uid="497849" lat="18.1477566" lon="74.5752680"/>
 <node id="3227191074" visible="true" version="1" changeset="27365496" timestamp="2014-12-09T21:00:22Z" user="pyram" uid="497849" lat="18.1478222" lon="74.5764933"/>
 <node id="3227191075" visible="true" version="1" changeset="27365496" timestamp="2014-12-09T21:00:22Z" user="pyram" uid="497849" lat="18.1479381" lon="74.5752874"/>
 <node id="3227191076" visible="true" version="1" changeset="27365496" timestamp="2014-12-09T21:00:22Z" user="pyram" uid="497849" lat="18.1480005" lon="74.5764526"/>
 <node id="3227191077" visible="true" version="1" changeset="27365496" timestamp="2014-12-09T21:00:22Z" user="pyram" uid="497849" lat="18.1480751" lon="74.5785307"/>
 <node id="3227191078" visible="true" version="1" changeset="27365496" timestamp="2014-12-09T21:00:22Z" user="pyram" uid="497849" lat="18.1481051" lon="74.5753648"/>
 <node id="3227191079" visible="true" version="1" changeset="27365496" timestamp="2014-12-09T21:00:22Z" user="pyram" uid="497849" lat="18.1481505" lon="74.5793000"/>
 <node id="3227191080" visible="true" version="1" changeset="27365496" timestamp="2014-12-09T21:00:22Z" user="pyram" uid="497849" lat="18.1481581" lon="74.5763560"/>
 <node id="3227191081" visible="true" version="1" changeset="27365496" timestamp="2014-12-09T21:00:23Z" user="pyram" uid="497849" lat="18.1482411" lon="74.5754927"/>
 <node id="3227191082" visible="true" version="1" changeset="27365496" timestamp="2014-12-09T21:00:23Z" user="pyram" uid="497849" lat="18.1482637" lon="74.5752969"/>
 <node id="3227191083" visible="true" version="1" changeset="27365496" timestamp="2014-12-09T21:00:23Z" user="pyram" uid="497849" lat="18.1482796" lon="74.5762128"/>
 <node id="3227191084" visible="true" version="1" changeset="27365496" timestamp="2014-12-09T21:00:23Z" user="pyram" uid="497849" lat="18.1483329" lon="74.5756586"/>
 <node id="3227191085" visible="true" version="1" changeset="27365496" timestamp="2014-12-09T21:00:23Z" user="pyram" uid="497849" lat="18.1483532" lon="74.5760372"/>
 <node id="3227191086" visible="true" version="1" changeset="27365496" timestamp="2014-12-09T21:00:23Z" user="pyram" uid="497849" lat="18.1483716" lon="74.5758462"/>
 <node id="3227191087" visible="true" version="1" changeset="27365496" timestamp="2014-12-09T21:00:23Z" user="pyram" uid="497849" lat="18.1485049" lon="74.5756614"/>
 <node id="3227191088" visible="true" version="1" changeset="27365496" timestamp="2014-12-09T21:00:23Z" user="pyram" uid="497849" lat="18.1486003" lon="74.5763905"/>
 <node id="3227191089" visible="true" version="1" changeset="27365496" timestamp="2014-12-09T21:00:23Z" user="pyram" uid="497849" lat="18.1506664" lon="74.5861674"/>
 <node id="3227191090" visible="true" version="1" changeset="27365496" timestamp="2014-12-09T21:00:23Z" user="pyram" uid="497849" lat="18.1512892" lon="74.5763866"/>
 <node id="3227191092" visible="true" version="2" changeset="58842815" timestamp="2018-05-10T08:54:00Z" user="mottiger" uid="7504544" lat="18.1516620" lon="74.5751990"/>
 <node id="3227191093" visible="true" version="1" changeset="27365496" timestamp="2014-12-09T21:00:23Z" user="pyram" uid="497849" lat="18.1516908" lon="74.5877483"/>
 <node id="3227191094" visible="true" version="2" changeset="58842815" timestamp="2018-05-10T08:54:00Z" user="mottiger" uid="7504544" lat="18.1516911" lon="74.5754871"/>
 <node id="3227191095" visible="true" version="1" changeset="27365496" timestamp="2014-12-09T21:00:23Z" user="pyram" uid="497849" lat="18.1517827" lon="74.5883912"/>
 <node id="3227191096" visible="true" version="2" changeset="58842815" timestamp="2018-05-10T08:54:01Z" user="mottiger" uid="7504544" lat="18.1518348" lon="74.5753371"/>
 <node id="3227191097" visible="true" version="2" changeset="58842815" timestamp="2018-05-10T08:54:01Z" user="mottiger" uid="7504544" lat="18.1518482" lon="74.5754695"/>
 <node id="3227191098" visible="true" version="2" changeset="58842815" timestamp="2018-05-10T08:54:01Z" user="mottiger" uid="7504544" lat="18.1518633" lon="74.5753173"/>
 <node id="3227191099" visible="true" version="2" changeset="58842815" timestamp="2018-05-10T08:54:01Z" user="mottiger" uid="7504544" lat="18.1518649" lon="74.5753337"/>
 <node id="3227191100" visible="true" version="2" changeset="58842815" timestamp="2018-05-10T08:54:01Z" user="mottiger" uid="7504544" lat="18.1520560" lon="74.5752958"/>
 <node id="3227191101" visible="true" version="2" changeset="58842815" timestamp="2018-05-10T08:54:01Z" user="mottiger" uid="7504544" lat="18.1520576" lon="74.5753116"/>
 <node id="3227191102" visible="true" version="2" changeset="58842815" timestamp="2018-05-10T08:54:01Z" user="mottiger" uid="7504544" lat="18.1520601" lon="74.5753652"/>
 <node id="3227191103" visible="true" version="2" changeset="58842815" timestamp="2018-05-10T08:54:01Z" user="mottiger" uid="7504544" lat="18.1520687" lon="74.5754500"/>
 <node id="3227191104" visible="true" version="2" changeset="58842815" timestamp="2018-05-10T08:54:01Z" user="mottiger" uid="7504544" lat="18.1520863" lon="74.5753084"/>
 <node id="3227191105" visible="true" version="2" changeset="58842815" timestamp="2018-05-10T08:54:01Z" user="mottiger" uid="7504544" lat="18.1520917" lon="74.5753617"/>
 <node id="3227191106" visible="true" version="2" changeset="58842815" timestamp="2018-05-10T08:54:01Z" user="mottiger" uid="7504544" lat="18.1522219" lon="74.5751364"/>
 <node id="3227191107" visible="true" version="2" changeset="58842815" timestamp="2018-05-10T08:54:01Z" user="mottiger" uid="7504544" lat="18.1522515" lon="74.5754295"/>
 <node id="3227191119" visible="true" version="2" changeset="166706179" timestamp="2025-05-24T17:05:00Z" user="Mayur Dudhal" uid="22741169" lat="18.1528283" lon="74.5787877"/>
 <node id="3227191125" visible="true" version="1" changeset="27365496" timestamp="2014-12-09T21:00:23Z" user="pyram" uid="497849" lat="18.1529763" lon="74.5853032"/>
 <node id="3227191127" visible="true" version="1" changeset="27365496" timestamp="2014-12-09T21:00:23Z" user="pyram" uid="497849" lat="18.1531080" lon="74.5711463"/>
 <node id="3227191128" visible="true" version="2" changeset="166706179" timestamp="2025-05-24T17:05:00Z" user="Mayur Dudhal" uid="22741169" lat="18.1531419" lon="74.5791513"/>
 <node id="3227191129" visible="true" version="1" changeset="27365496" timestamp="2014-12-09T21:00:23Z" user="pyram" uid="497849" lat="18.1533076" lon="74.5849956"/>
 <node id="3227191130" visible="true" version="1" changeset="27365496" timestamp="2014-12-09T21:00:23Z" user="pyram" uid="497849" lat="18.1535985" lon="74.5781213"/>
 <node id="3227191131" visible="true" version="1" changeset="27365496" timestamp="2014-12-09T21:00:23Z" user="pyram" uid="497849" lat="18.1536566" lon="74.5780540"/>
 <node id="3227191132" visible="true" version="1" changeset="27365496" timestamp="2014-12-09T21:00:24Z" user="pyram" uid="497849" lat="18.1537304" lon="74.5881640"/>
 <node id="3227191133" visible="true" version="1" changeset="27365496" timestamp="2014-12-09T21:00:24Z" user="pyram" uid="497849" lat="18.1537687" lon="74.5782839"/>
 <node id="3227191134" visible="true" version="1" changeset="27365496" timestamp="2014-12-09T21:00:24Z" user="pyram" uid="497849" lat="18.1538268" lon="74.5782167"/>
 <node id="3227191135" visible="true" version="1" changeset="27365496" timestamp="2014-12-09T21:00:24Z" user="pyram" uid="497849" lat="18.1540556" lon="74.5888249"/>
 <node id="3227191136" visible="true" version="1" changeset="27365496" timestamp="2014-12-09T21:00:24Z" user="pyram" uid="497849" lat="18.1540758" lon="74.5880794"/>
 <node id="3227191137" visible="true" version="1" changeset="27365496" timestamp="2014-12-09T21:00:24Z" user="pyram" uid="497849" lat="18.1542641" lon="74.5895974"/>
 <node id="3227191138" visible="true" version="1" changeset="27365496" timestamp="2014-12-09T21:00:24Z" user="pyram" uid="497849" lat="18.1554860" lon="74.5896699"/>
 <node id="3227191139" visible="true" version="1" changeset="27365496" timestamp="2014-12-09T21:00:24Z" user="pyram" uid="497849" lat="18.1570591" lon="74.5852167"/>
 <node id="3227191140" visible="true" version="1" changeset="27365496" timestamp="2014-12-09T21:00:24Z" user="pyram" uid="497849" lat="18.1574254" lon="74.5663519"/>
 <node id="3227191141" visible="true" version="1" changeset="27365496" timestamp="2014-12-09T21:00:24Z" user="pyram" uid="497849" lat="18.1574661" lon="74.5812689"/>
 <node id="3227191142" visible="true" version="1" changeset="27365496" timestamp="2014-12-09T21:00:24Z" user="pyram" uid="497849" lat="18.1577874" lon="74.5898150"/>
 <node id="3227191143" visible="true" version="1" changeset="27365496" timestamp="2014-12-09T21:00:24Z" user="pyram" uid="497849" lat="18.1578330" lon="74.5676242"/>
 <node id="3227191144" visible="true" version="2" changeset="105193399" timestamp="2021-05-24T04:41:25Z" user="jaimemd" uid="404532" lat="18.1578484" lon="74.5811541"/>
 <node id="3227191145" visible="true" version="1" changeset="27365496" timestamp="2014-12-09T21:00:24Z" user="pyram" uid="497849" lat="18.1578767" lon="74.5649844"/>
 <node id="3227191146" visible="true" version="1" changeset="27365496" timestamp="2014-12-09T21:00:24Z" user="pyram" uid="497849" lat="18.1582330" lon="74.5885677"/>
 <node id="3227191147" visible="true" version="1" changeset="27365496" timestamp="2014-12-09T21:00:24Z" user="pyram" uid="497849" lat="18.1588435" lon="74.5817814"/>
 <node id="3227191148" visible="true" version="1" changeset="27365496" timestamp="2014-12-09T21:00:24Z" user="pyram" uid="497849" lat="18.1589142" lon="74.5691442"/>
 <node id="3227191151" visible="true" version="2" changeset="113387441" timestamp="2021-11-04T21:57:33Z" user="jaimemd" uid="404532" lat="18.1592327" lon="74.5816214"/>
 <node id="3227191152" visible="true" version="1" changeset="27365496" timestamp="2014-12-09T21:00:24Z" user="pyram" uid="497849" lat="18.1592482" lon="74.5894475"/>
 <node id="3227191155" visible="true" version="1" changeset="27365496" timestamp="2014-12-09T21:00:24Z" user="pyram" uid="497849" lat="18.1593676" lon="74.5889399"/>
 <node id="3227191156" visible="true" version="1" changeset="27365496" timestamp="2014-12-09T21:00:24Z" user="pyram" uid="497849" lat="18.1594359" lon="74.5820147"/>
 <node id="3227191157" visible="true" version="1" changeset="27365496" timestamp="2014-12-09T21:00:24Z" user="pyram" uid="497849" lat="18.1594605" lon="74.5832830"/>
 <node id="3227191158" visible="true" version="1" changeset="27365496" timestamp="2014-12-09T21:00:24Z" user="pyram" uid="497849" lat="18.1595289" lon="74.5963152"/>
 <node id="3227191159" visible="true" version="1" changeset="27365496" timestamp="2014-12-09T21:00:24Z" user="pyram" uid="497849" lat="18.1598209" lon="74.5818790"/>
 <node id="3227191160" visible="true" version="1" changeset="27365496" timestamp="2014-12-09T21:00:24Z" user="pyram" uid="497849" lat="18.1598890" lon="74.5967558"/>
 <node id="3227191163" visible="true" version="1" changeset="27365496" timestamp="2014-12-09T21:00:24Z" user="pyram" uid="497849" lat="18.1600636" lon="74.5820089"/>
 <node id="3227191169" visible="true" version="1" changeset="27365496" timestamp="2014-12-09T21:00:24Z" user="pyram" uid="497849" lat="18.1601554" lon="74.5817459"/>
 <node id="3227191175" visible="true" version="2" changeset="113387441" timestamp="2021-11-04T21:57:33Z" user="jaimemd" uid="404532" lat="18.1603549" lon="74.5822627"/>
 <node id="3227191176" visible="true" version="1" changeset="27365496" timestamp="2014-12-09T21:00:24Z" user="pyram" uid="497849" lat="18.1602406" lon="74.5953548"/>
 <node id="3227191179" visible="true" version="1" changeset="27365496" timestamp="2014-12-09T21:00:24Z" user="pyram" uid="497849" lat="18.1602899" lon="74.5827529"/>
 <node id="3227191180" visible="true" version="1" changeset="27365496" timestamp="2014-12-09T21:00:24Z" user="pyram" uid="497849" lat="18.1602955" lon="74.5893750"/>
 <node id="3227191183" visible="true" version="1" changeset="27365496" timestamp="2014-12-09T21:00:24Z" user="pyram" uid="497849" lat="18.1603596" lon="74.5811378"/>
 <node id="3227191184" visible="true" version="1" changeset="27365496" timestamp="2014-12-09T21:00:24Z" user="pyram" uid="497849" lat="18.1603700" lon="74.5817277"/>
 <node id="3227191185" visible="true" version="1" changeset="27365496" timestamp="2014-12-09T21:00:24Z" user="pyram" uid="497849" lat="18.1603985" lon="74.5686299"/>
 <node id="3227191186" visible="true" version="1" changeset="27365496" timestamp="2014-12-09T21:00:24Z" user="pyram" uid="497849" lat="18.1604421" lon="74.5833355"/>
 <node id="3227191187" visible="true" version="1" changeset="27365496" timestamp="2014-12-09T21:00:24Z" user="pyram" uid="497849" lat="18.1604663" lon="74.5835033"/>
 <node id="3227191188" visible="true" version="2" changeset="113387441" timestamp="2021-11-04T21:57:33Z" user="jaimemd" uid="404532" lat="18.1607065" lon="74.5827345"/>
 <node id="3227191189" visible="true" version="1" changeset="27365496" timestamp="2014-12-09T21:00:25Z" user="pyram" uid="497849" lat="18.1608198" lon="74.5820809"/>
 <node id="3227191190" visible="true" version="1" changeset="27365496" timestamp="2014-12-09T21:00:25Z" user="pyram" uid="497849" lat="18.1608566" lon="74.5687327"/>
 <node id="3227191191" visible="true" version="1" changeset="27365496" timestamp="2014-12-09T21:00:25Z" user="pyram" uid="497849" lat="18.1609368" lon="74.5835943"/>
 <node id="3227191192" visible="true" version="1" changeset="27365496" timestamp="2014-12-09T21:00:25Z" user="pyram" uid="497849" lat="18.1609962" lon="74.5818078"/>
 <node id="3227191193" visible="true" version="2" changeset="113387441" timestamp="2021-11-04T21:57:33Z" user="jaimemd" uid="404532" lat="18.1611018" lon="74.5834351"/>
 <node id="3227191194" visible="true" version="1" changeset="27365496" timestamp="2014-12-09T21:00:25Z" user="pyram" uid="497849" lat="18.1610974" lon="74.5838710"/>
 <node id="3227191195" visible="true" version="1" changeset="27365496" timestamp="2014-12-09T21:00:25Z" user="pyram" uid="497849" lat="18.1611912" lon="74.5900277"/>
 <node id="3227191196" visible="true" version="1" changeset="27365496" timestamp="2014-12-09T21:00:25Z" user="pyram" uid="497849" lat="18.1612315" lon="74.5825798"/>
 <node id="3227191197" visible="true" version="1" changeset="27365496" timestamp="2014-12-09T21:00:25Z" user="pyram" uid="497849" lat="18.1612785" lon="74.5896989"/>
 <node id="3227191198" visible="true" version="1" changeset="27365496" timestamp="2014-12-09T21:00:25Z" user="pyram" uid="497849" lat="18.1613268" lon="74.5842663"/>
 <node id="3227191199" visible="true" version="1" changeset="27365496" timestamp="2014-12-09T21:00:25Z" user="pyram" uid="497849" lat="18.1614806" lon="74.5823832"/>
 <node id="3227191200" visible="true" version="1" changeset="27365496" timestamp="2014-12-09T21:00:25Z" user="pyram" uid="497849" lat="18.1616070" lon="74.5843392"/>
 <node id="3227191201" visible="true" version="1" changeset="27365496" timestamp="2014-12-09T21:00:25Z" user="pyram" uid="497849" lat="18.1616202" lon="74.5683599"/>
 <node id="3227191202" visible="true" version="1" changeset="27365496" timestamp="2014-12-09T21:00:25Z" user="pyram" uid="497849" lat="18.1617746" lon="74.5912846"/>
 <node id="3227191203" visible="true" version="1" changeset="27365496" timestamp="2014-12-09T21:00:25Z" user="pyram" uid="497849" lat="18.1617750" lon="74.5771286"/>
 <node id="3227191205" visible="true" version="1" changeset="27365496" timestamp="2014-12-09T21:00:25Z" user="pyram" uid="497849" lat="18.1622550" lon="74.5694659"/>
 <node id="3227191206" visible="true" version="1" changeset="27365496" timestamp="2014-12-09T21:00:25Z" user="pyram" uid="497849" lat="18.1623241" lon="74.5835665"/>
 <node id="3227191207" visible="true" version="1" changeset="27365496" timestamp="2014-12-09T21:00:25Z" user="pyram" uid="497849" lat="18.1623342" lon="74.5772941"/>
 <node id="3227191208" visible="true" version="1" changeset="27365496" timestamp="2014-12-09T21:00:25Z" user="pyram" uid="497849" lat="18.1624293" lon="74.5858144"/>
 <node id="3227191209" visible="true" version="1" changeset="27365496" timestamp="2014-12-09T21:00:25Z" user="pyram" uid="497849" lat="18.1625981" lon="74.5833553"/>
 <node id="3227191210" visible="true" version="1" changeset="27365496" timestamp="2014-12-09T21:00:25Z" user="pyram" uid="497849" lat="18.1626256" lon="74.5864938"/>
 <node id="3227191211" visible="true" version="1" changeset="27365496" timestamp="2014-12-09T21:00:25Z" user="pyram" uid="497849" lat="18.1626860" lon="74.5712675"/>
 <node id="3227191213" visible="true" version="1" changeset="27365496" timestamp="2014-12-09T21:00:25Z" user="pyram" uid="497849" lat="18.1627502" lon="74.5862826"/>
 <node id="3227191214" visible="true" version="1" changeset="27365496" timestamp="2014-12-09T21:00:25Z" user="pyram" uid="497849" lat="18.1630359" lon="74.5721814"/>
 <node id="3227191215" visible="true" version="1" changeset="27365496" timestamp="2014-12-09T21:00:25Z" user="pyram" uid="497849" lat="18.1631102" lon="74.5918822"/>
 <node id="3227191216" visible="true" version="1" changeset="27365496" timestamp="2014-12-09T21:00:25Z" user="pyram" uid="497849" lat="18.1633778" lon="74.5678806"/>
 <node id="3227191217" visible="true" version="1" changeset="27365496" timestamp="2014-12-09T21:00:25Z" user="pyram" uid="497849" lat="18.1633868" lon="74.5868652"/>
 <node id="3227191218" visible="true" version="1" changeset="27365496" timestamp="2014-12-09T21:00:25Z" user="pyram" uid="497849" lat="18.1636152" lon="74.5874916"/>
 <node id="3227191219" visible="true" version="1" changeset="27365496" timestamp="2014-12-09T21:00:25Z" user="pyram" uid="497849" lat="18.1636221" lon="74.5691020"/>
 <node id="3227191220" visible="true" version="1" changeset="27365496" timestamp="2014-12-09T21:00:25Z" user="pyram" uid="497849" lat="18.1639143" lon="74.5861723"/>
 <node id="3227191221" visible="true" version="1" changeset="27365496" timestamp="2014-12-09T21:00:25Z" user="pyram" uid="497849" lat="18.1641663" lon="74.5848617"/>
 <node id="3227191223" visible="true" version="1" changeset="27365496" timestamp="2014-12-09T21:00:25Z" user="pyram" uid="497849" lat="18.1642635" lon="74.5673952"/>
 <node id="3227191224" visible="true" version="1" changeset="27365496" timestamp="2014-12-09T21:00:25Z" user="pyram" uid="497849" lat="18.1644223" lon="74.5677488"/>
 <node id="3227191225" visible="true" version="1" changeset="27365496" timestamp="2014-12-09T21:00:25Z" user="pyram" uid="497849" lat="18.1647530" lon="74.5667808"/>
 <node id="3227191226" visible="true" version="1" changeset="27365496" timestamp="2014-12-09T21:00:25Z" user="pyram" uid="497849" lat="18.1651262" lon="74.5879336"/>
 <node id="3227191227" visible="true" version="1" changeset="27365496" timestamp="2014-12-09T21:00:25Z" user="pyram" uid="497849" lat="18.1656687" lon="74.5848220"/>
 <node id="3227191228" visible="true" version="1" changeset="27365496" timestamp="2014-12-09T21:00:25Z" user="pyram" uid="497849" lat="18.1656837" lon="74.5819884"/>
 <node id="3227191229" visible="true" version="1" changeset="27365496" timestamp="2014-12-09T21:00:25Z" user="pyram" uid="497849" lat="18.1658839" lon="74.5813037"/>
 <node id="3227191230" visible="true" version="1" changeset="27365496" timestamp="2014-12-09T21:00:25Z" user="pyram" uid="497849" lat="18.1661492" lon="74.5821780"/>
 <node id="3227191231" visible="true" version="1" changeset="27365496" timestamp="2014-12-09T21:00:25Z" user="pyram" uid="497849" lat="18.1667147" lon="74.5843111"/>
 <node id="3227191232" visible="true" version="1" changeset="27365496" timestamp="2014-12-09T21:00:25Z" user="pyram" uid="497849" lat="18.1669549" lon="74.5833578"/>
 <node id="3227191233" visible="true" version="1" changeset="27365496" timestamp="2014-12-09T21:00:25Z" user="pyram" uid="497849" lat="18.1670349" lon="74.5852381"/>
 <node id="3227191234" visible="true" version="1" changeset="27365496" timestamp="2014-12-09T21:00:25Z" user="pyram" uid="497849" lat="18.1672652" lon="74.5816302"/>
 <node id="3227191235" visible="true" version="1" changeset="27365496" timestamp="2014-12-09T21:00:25Z" user="pyram" uid="497849" lat="18.1674103" lon="74.5811299"/>
 <node id="3227191236" visible="true" version="1" changeset="27365496" timestamp="2014-12-09T21:00:25Z" user="pyram" uid="497849" lat="18.1677906" lon="74.5811931"/>
 <node id="3227191237" visible="true" version="1" changeset="27365496" timestamp="2014-12-09T21:00:25Z" user="pyram" uid="497849" lat="18.1679157" lon="74.5843743"/>
 <node id="3227191238" visible="true" version="1" changeset="27365496" timestamp="2014-12-09T21:00:25Z" user="pyram" uid="497849" lat="18.1679769" lon="74.5837045"/>
 <node id="3227191239" visible="true" version="1" changeset="27365496" timestamp="2014-12-09T21:00:25Z" user="pyram" uid="497849" lat="18.1684734" lon="74.5820668"/>
 <node id="3227191240" visible="true" version="1" changeset="27365496" timestamp="2014-12-09T21:00:25Z" user="pyram" uid="497849" lat="18.1685713" lon="74.5806769"/>
 <node id="3227191241" visible="true" version="1" changeset="27365496" timestamp="2014-12-09T21:00:25Z" user="pyram" uid="497849" lat="18.1686218" lon="74.5837799"/>
 <node id="3227191242" visible="true" version="1" changeset="27365496" timestamp="2014-12-09T21:00:25Z" user="pyram" uid="497849" lat="18.1688009" lon="74.5828749"/>
 <node id="3227191243" visible="true" version="1" changeset="27365496" timestamp="2014-12-09T21:00:26Z" user="pyram" uid="497849" lat="18.1689908" lon="74.5868978"/>
 <node id="3227191245" visible="true" version="1" changeset="27365496" timestamp="2014-12-09T21:00:26Z" user="pyram" uid="497849" lat="18.1696301" lon="74.5829503"/>
 <node id="3227191246" visible="true" version="1" changeset="27365496" timestamp="2014-12-09T21:00:26Z" user="pyram" uid="497849" lat="18.1697274" lon="74.5823254"/>
 <node id="3227191247" visible="true" version="1" changeset="27365496" timestamp="2014-12-09T21:00:26Z" user="pyram" uid="497849" lat="18.1729480" lon="74.5928729"/>
 <node id="3251588177" visible="true" version="1" changeset="27683350" timestamp="2014-12-25T04:55:02Z" user="EC95" uid="2410326" lat="18.1501789" lon="74.5861764"/>
 <node id="3251588178" visible="true" version="1" changeset="27683350" timestamp="2014-12-25T04:55:02Z" user="EC95" uid="2410326" lat="18.1451158" lon="74.5717352"/>
 <node id="3251588179" visible="true" version="1" changeset="27683350" timestamp="2014-12-25T04:55:02Z" user="EC95" uid="2410326" lat="18.1494793" lon="74.5798409"/>
 <node id="3251588180" visible="true" version="1" changeset="27683350" timestamp="2014-12-25T04:55:02Z" user="EC95" uid="2410326" lat="18.1513450" lon="74.5871257"/>
 <node id="3251588182" visible="true" version="1" changeset="27683350" timestamp="2014-12-25T04:55:02Z" user="EC95" uid="2410326" lat="18.1522625" lon="74.5723521"/>
 <node id="3251588183" visible="true" version="1" changeset="27683350" timestamp="2014-12-25T04:55:02Z" user="EC95" uid="2410326" lat="18.1504427" lon="74.5705121"/>
 <node id="3251588184" visible="true" version="1" changeset="27683350" timestamp="2014-12-25T04:55:02Z" user="EC95" uid="2410326" lat="18.1503501" lon="74.5840047"/>
 <node id="3251588185" visible="true" version="1" changeset="27683350" timestamp="2014-12-25T04:55:02Z" user="EC95" uid="2410326" lat="18.1489135" lon="74.5773625"/>
 <node id="3251588186" visible="true" version="1" changeset="27683350" timestamp="2014-12-25T04:55:02Z" user="EC95" uid="2410326" lat="18.1502052" lon="74.5869219"/>
 <node id="3251588187" visible="true" version="1" changeset="27683350" timestamp="2014-12-25T04:55:02Z" user="EC95" uid="2410326" lat="18.1512073" lon="74.5739185"/>
 <node id="3251588188" visible="true" version="1" changeset="27683350" timestamp="2014-12-25T04:55:02Z" user="EC95" uid="2410326" lat="18.1460078" lon="74.5723253"/>
 <node id="3251588189" visible="true" version="1" changeset="27683350" timestamp="2014-12-25T04:55:02Z" user="EC95" uid="2410326" lat="18.1505345" lon="74.5859187"/>
 <node id="3251588190" visible="true" version="1" changeset="27683350" timestamp="2014-12-25T04:55:02Z" user="EC95" uid="2410326" lat="18.1448666" lon="74.5801605"/>
 <node id="3251588191" visible="true" version="1" changeset="27683350" timestamp="2014-12-25T04:55:02Z" user="EC95" uid="2410326" lat="18.1494385" lon="74.5698577"/>
 <node id="3251588192" visible="true" version="1" changeset="27683350" timestamp="2014-12-25T04:55:02Z" user="EC95" uid="2410326" lat="18.1486853" lon="74.5803070"/>
 <node id="3251588193" visible="true" version="1" changeset="27683350" timestamp="2014-12-25T04:55:02Z" user="EC95" uid="2410326" lat="18.1526670" lon="74.5908540"/>
 <node id="3251588194" visible="true" version="1" changeset="27683350" timestamp="2014-12-25T04:55:02Z" user="EC95" uid="2410326" lat="18.1493840" lon="74.5816430"/>
 <node id="3251588196" visible="true" version="1" changeset="27683350" timestamp="2014-12-25T04:55:02Z" user="EC95" uid="2410326" lat="18.1477104" lon="74.5735538"/>
 <node id="3251588197" visible="true" version="1" changeset="27683350" timestamp="2014-12-25T04:55:02Z" user="EC95" uid="2410326" lat="18.1482974" lon="74.5780445"/>
 <node id="3251588198" visible="true" version="1" changeset="27683350" timestamp="2014-12-25T04:55:02Z" user="EC95" uid="2410326" lat="18.1447648" lon="74.5741889"/>
 <node id="3251588199" visible="true" version="1" changeset="27683350" timestamp="2014-12-25T04:55:02Z" user="EC95" uid="2410326" lat="18.1476544" lon="74.5850175"/>
 <node id="3251588200" visible="true" version="1" changeset="27683350" timestamp="2014-12-25T04:55:02Z" user="EC95" uid="2410326" lat="18.1503502" lon="74.5768631"/>
 <node id="3251588201" visible="true" version="1" changeset="27683350" timestamp="2014-12-25T04:55:02Z" user="EC95" uid="2410326" lat="18.1457295" lon="74.5844113"/>
 <node id="3251588203" visible="true" version="1" changeset="27683350" timestamp="2014-12-25T04:55:02Z" user="EC95" uid="2410326" lat="18.1470579" lon="74.5801144"/>
 <node id="3251588204" visible="true" version="1" changeset="27683350" timestamp="2014-12-25T04:55:02Z" user="EC95" uid="2410326" lat="18.1507301" lon="74.5768086"/>
 <node id="3251588205" visible="true" version="1" changeset="27683350" timestamp="2014-12-25T04:55:02Z" user="EC95" uid="2410326" lat="18.1510829" lon="74.5855082"/>
 <node id="3251588206" visible="true" version="1" changeset="27683350" timestamp="2014-12-25T04:55:02Z" user="EC95" uid="2410326" lat="18.1529793" lon="74.5852489"/>
 <node id="3251588207" visible="true" version="1" changeset="27683350" timestamp="2014-12-25T04:55:02Z" user="EC95" uid="2410326" lat="18.1483782" lon="74.5855593"/>
 <node id="3251588208" visible="true" version="1" changeset="27683350" timestamp="2014-12-25T04:55:02Z" user="EC95" uid="2410326" lat="18.1499228" lon="74.5855754"/>
 <node id="3251588209" visible="true" version="1" changeset="27683350" timestamp="2014-12-25T04:55:02Z" user="EC95" uid="2410326" lat="18.1519261" lon="74.5749047"/>
 <node id="3251588210" visible="true" version="1" changeset="27683350" timestamp="2014-12-25T04:55:02Z" user="EC95" uid="2410326" lat="18.1497138" lon="74.5846849"/>
 <node id="3251588211" visible="true" version="1" changeset="27683350" timestamp="2014-12-25T04:55:02Z" user="EC95" uid="2410326" lat="18.1521249" lon="74.5700883"/>
 <node id="3251588213" visible="true" version="1" changeset="27683350" timestamp="2014-12-25T04:55:02Z" user="EC95" uid="2410326" lat="18.1519923" lon="74.5702922"/>
 <node id="3251588214" visible="true" version="1" changeset="27683350" timestamp="2014-12-25T04:55:02Z" user="EC95" uid="2410326" lat="18.1523033" lon="74.5844435"/>
 <node id="3251588215" visible="true" version="1" changeset="27683350" timestamp="2014-12-25T04:55:02Z" user="EC95" uid="2410326" lat="18.1496679" lon="74.5695895"/>
 <node id="3251588216" visible="true" version="1" changeset="27683350" timestamp="2014-12-25T04:55:02Z" user="EC95" uid="2410326" lat="18.1485413" lon="74.5699060"/>
 <node id="3251588217" visible="true" version="1" changeset="27683350" timestamp="2014-12-25T04:55:02Z" user="EC95" uid="2410326" lat="18.1478878" lon="74.5729927"/>
 <node id="3251588219" visible="true" version="1" changeset="27683350" timestamp="2014-12-25T04:55:02Z" user="EC95" uid="2410326" lat="18.1502439" lon="74.5729476"/>
 <node id="3251588220" visible="true" version="1" changeset="27683350" timestamp="2014-12-25T04:55:02Z" user="EC95" uid="2410326" lat="18.1538974" lon="74.5743884"/>
 <node id="3251588221" visible="true" version="1" changeset="27683350" timestamp="2014-12-25T04:55:02Z" user="EC95" uid="2410326" lat="18.1485834" lon="74.5740649"/>
 <node id="3251588222" visible="true" version="1" changeset="27683350" timestamp="2014-12-25T04:55:02Z" user="EC95" uid="2410326" lat="18.1454332" lon="74.5885782"/>
 <node id="3251588223" visible="true" version="1" changeset="27683350" timestamp="2014-12-25T04:55:02Z" user="EC95" uid="2410326" lat="18.1508658" lon="74.5701366"/>
 <node id="3251588225" visible="true" version="1" changeset="27683350" timestamp="2014-12-25T04:55:02Z" user="EC95" uid="2410326" lat="18.1529048" lon="74.5868629"/>
 <node id="3251588226" visible="true" version="1" changeset="27683350" timestamp="2014-12-25T04:55:02Z" user="EC95" uid="2410326" lat="18.1512578" lon="74.5810297"/>
 <node id="3251588227" visible="true" version="1" changeset="27683350" timestamp="2014-12-25T04:55:02Z" user="EC95" uid="2410326" lat="18.1490298" lon="74.5788331"/>
 <node id="3251588228" visible="true" version="1" changeset="27683350" timestamp="2014-12-25T04:55:02Z" user="EC95" uid="2410326" lat="18.1460761" lon="74.5848244"/>
 <node id="3251588230" visible="true" version="1" changeset="27683350" timestamp="2014-12-25T04:55:02Z" user="EC95" uid="2410326" lat="18.1517732" lon="74.5711632"/>
 <node id="3251588231" visible="true" version="1" changeset="27683350" timestamp="2014-12-25T04:55:02Z" user="EC95" uid="2410326" lat="18.1518241" lon="74.5854038"/>
 <node id="3251588232" visible="true" version="1" changeset="27683350" timestamp="2014-12-25T04:55:03Z" user="EC95" uid="2410326" lat="18.1465731" lon="74.5843683"/>
 <node id="3251588235" visible="true" version="1" changeset="27683350" timestamp="2014-12-25T04:55:03Z" user="EC95" uid="2410326" lat="18.1479458" lon="74.5780710"/>
 <node id="3251588236" visible="true" version="1" changeset="27683350" timestamp="2014-12-25T04:55:03Z" user="EC95" uid="2410326" lat="18.1448598" lon="74.5835107"/>
 <node id="3251588237" visible="true" version="1" changeset="27683350" timestamp="2014-12-25T04:55:03Z" user="EC95" uid="2410326" lat="18.1459365" lon="74.5837193"/>
 <node id="3251588238" visible="true" version="1" changeset="27683350" timestamp="2014-12-25T04:55:03Z" user="EC95" uid="2410326" lat="18.1462431" lon="74.5890892"/>
 <node id="3251588239" visible="true" version="1" changeset="27683350" timestamp="2014-12-25T04:55:03Z" user="EC95" uid="2410326" lat="18.1477538" lon="74.5805919"/>
 <node id="3251588241" visible="true" version="1" changeset="27683350" timestamp="2014-12-25T04:55:03Z" user="EC95" uid="2410326" lat="18.1518751" lon="74.5860475"/>
 <node id="3251588245" visible="true" version="1" changeset="27683350" timestamp="2014-12-25T04:55:03Z" user="EC95" uid="2410326" lat="18.1474097" lon="74.5824158"/>
 <node id="3251588247" visible="true" version="1" changeset="27683350" timestamp="2014-12-25T04:55:03Z" user="EC95" uid="2410326" lat="18.1492805" lon="74.5841217"/>
 <node id="3251588249" visible="true" version="1" changeset="27683350" timestamp="2014-12-25T04:55:03Z" user="EC95" uid="2410326" lat="18.1495568" lon="74.5763473"/>
 <node id="3251588250" visible="true" version="1" changeset="27683350" timestamp="2014-12-25T04:55:03Z" user="EC95" uid="2410326" lat="18.1515295" lon="74.5871029"/>
 <node id="3251588251" visible="true" version="1" changeset="27683350" timestamp="2014-12-25T04:55:03Z" user="EC95" uid="2410326" lat="18.1526308" lon="74.5853858"/>
 <node id="3251588252" visible="true" version="1" changeset="27683350" timestamp="2014-12-25T04:55:03Z" user="EC95" uid="2410326" lat="18.1523747" lon="74.5707428"/>
 <node id="3251588254" visible="true" version="1" changeset="27683350" timestamp="2014-12-25T04:55:03Z" user="EC95" uid="2410326" lat="18.1481077" lon="74.5746728"/>
 <node id="3251588257" visible="true" version="1" changeset="27683350" timestamp="2014-12-25T04:55:03Z" user="EC95" uid="2410326" lat="18.1450668" lon="74.5823943"/>
 <node id="3251588258" visible="true" version="1" changeset="27683350" timestamp="2014-12-25T04:55:03Z" user="EC95" uid="2410326" lat="18.1488115" lon="74.5706838"/>
 <node id="3251588260" visible="true" version="1" changeset="27683350" timestamp="2014-12-25T04:55:03Z" user="EC95" uid="2410326" lat="18.1505549" lon="74.5777809"/>
 <node id="3251588515" visible="true" version="1" changeset="27683350" timestamp="2014-12-25T05:04:57Z" user="EC95" uid="2410326" lat="18.1568477" lon="74.5818362"/>
 <node id="3251588517" visible="true" version="1" changeset="27683350" timestamp="2014-12-25T05:04:57Z" user="EC95" uid="2410326" lat="18.1578813" lon="74.5979082"/>
 <node id="3251588518" visible="true" version="1" changeset="27683350" timestamp="2014-12-25T05:04:57Z" user="EC95" uid="2410326" lat="18.1563562" lon="74.5885987"/>
 <node id="3251588520" visible="true" version="1" changeset="27683350" timestamp="2014-12-25T05:04:57Z" user="EC95" uid="2410326" lat="18.1547193" lon="74.5890769"/>
 <node id="3251588521" visible="true" version="1" changeset="27683350" timestamp="2014-12-25T05:04:57Z" user="EC95" uid="2410326" lat="18.1564549" lon="74.5879672"/>
 <node id="3251588523" visible="true" version="1" changeset="27683350" timestamp="2014-12-25T05:04:57Z" user="EC95" uid="2410326" lat="18.1575182" lon="74.5856033"/>
 <node id="3251588524" visible="true" version="2" changeset="134273747" timestamp="2023-03-29T18:04:17Z" user="PlaneMad" uid="1306" lat="18.1518067" lon="74.5801563"/>
 <node id="3251588525" visible="true" version="1" changeset="27683350" timestamp="2014-12-25T05:04:57Z" user="EC95" uid="2410326" lat="18.1530475" lon="74.5809728"/>
 <node id="3251588526" visible="true" version="1" changeset="27683350" timestamp="2014-12-25T05:04:57Z" user="EC95" uid="2410326" lat="18.1525072" lon="74.5801842"/>
 <node id="3251588527" visible="true" version="1" changeset="27683350" timestamp="2014-12-25T05:04:57Z" user="EC95" uid="2410326" lat="18.1578735" lon="74.5894018"/>
 <node id="3251588528" visible="true" version="1" changeset="27683350" timestamp="2014-12-25T05:04:57Z" user="EC95" uid="2410326" lat="18.1524154" lon="74.5797067"/>
 <node id="3251588529" visible="true" version="1" changeset="27683350" timestamp="2014-12-25T05:04:57Z" user="EC95" uid="2410326" lat="18.1563455" lon="74.5841056"/>
 <node id="3251588531" visible="true" version="1" changeset="27683350" timestamp="2014-12-25T05:04:57Z" user="EC95" uid="2410326" lat="18.1550865" lon="74.5890730"/>
 <node id="3251588533" visible="true" version="1" changeset="27683350" timestamp="2014-12-25T05:04:57Z" user="EC95" uid="2410326" lat="18.1549998" lon="74.5819705"/>
 <node id="3251588534" visible="true" version="1" changeset="27683350" timestamp="2014-12-25T05:04:57Z" user="EC95" uid="2410326" lat="18.1565902" lon="74.5841592"/>
 <node id="3251588535" visible="true" version="1" changeset="27683350" timestamp="2014-12-25T05:04:57Z" user="EC95" uid="2410326" lat="18.1574414" lon="74.5865464"/>
 <node id="3251588536" visible="true" version="1" changeset="27683350" timestamp="2014-12-25T05:04:57Z" user="EC95" uid="2410326" lat="18.1580380" lon="74.5856228"/>
 <node id="3251588538" visible="true" version="1" changeset="27683350" timestamp="2014-12-25T05:04:57Z" user="EC95" uid="2410326" lat="18.1567540" lon="74.5811828"/>
 <node id="3251588539" visible="true" version="1" changeset="27683350" timestamp="2014-12-25T05:04:57Z" user="EC95" uid="2410326" lat="18.1571040" lon="74.5821610"/>
 <node id="3251588540" visible="true" version="1" changeset="27683350" timestamp="2014-12-25T05:04:57Z" user="EC95" uid="2410326" lat="18.1563404" lon="74.5891374"/>
 <node id="3251588542" visible="true" version="1" changeset="27683350" timestamp="2014-12-25T05:04:57Z" user="EC95" uid="2410326" lat="18.1563827" lon="74.5939386"/>
 <node id="3251588543" visible="true" version="1" changeset="27683350" timestamp="2014-12-25T05:04:57Z" user="EC95" uid="2410326" lat="18.1557796" lon="74.5837621"/>
 <node id="3251588545" visible="true" version="2" changeset="162238653" timestamp="2025-02-07T10:09:36Z" user="Vaishali Patil" uid="20041977" lat="18.1575666" lon="74.5988709"/>
 <node id="3251588546" visible="true" version="1" changeset="27683350" timestamp="2014-12-25T05:04:57Z" user="EC95" uid="2410326" lat="18.1547449" lon="74.5895290"/>
 <node id="3251588549" visible="true" version="1" changeset="27683350" timestamp="2014-12-25T05:04:57Z" user="EC95" uid="2410326" lat="18.1570337" lon="74.5814716"/>
 <node id="3251588550" visible="true" version="2" changeset="162238653" timestamp="2025-02-07T10:09:36Z" user="Vaishali Patil" uid="20041977" lat="18.1564966" lon="74.6016275"/>
 <node id="3251588552" visible="true" version="1" changeset="27683350" timestamp="2014-12-25T05:04:58Z" user="EC95" uid="2410326" lat="18.1551833" lon="74.5837660"/>
 <node id="3251588553" visible="true" version="1" changeset="27683350" timestamp="2014-12-25T05:04:58Z" user="EC95" uid="2410326" lat="18.1570889" lon="74.5890682"/>
 <node id="3251588554" visible="true" version="1" changeset="27683350" timestamp="2014-12-25T05:04:58Z" user="EC95" uid="2410326" lat="18.1567482" lon="74.5894378"/>
 <node id="3251588555" visible="true" version="1" changeset="27683350" timestamp="2014-12-25T05:04:58Z" user="EC95" uid="2410326" lat="18.1583364" lon="74.5881730"/>
 <node id="3251588556" visible="true" version="1" changeset="27683350" timestamp="2014-12-25T05:04:58Z" user="EC95" uid="2410326" lat="18.1550773" lon="74.5827860"/>
 <node id="3251588557" visible="true" version="1" changeset="27683350" timestamp="2014-12-25T05:04:58Z" user="EC95" uid="2410326" lat="18.1564016" lon="74.5885958"/>
 <node id="3251590361" visible="true" version="1" changeset="27683350" timestamp="2014-12-25T04:55:03Z" user="EC95" uid="2410326" lat="18.1414676" lon="74.5745199"/>
 <node id="3251590362" visible="true" version="1" changeset="27683350" timestamp="2014-12-25T04:55:03Z" user="EC95" uid="2410326" lat="18.1483527" lon="74.5826143"/>
 <node id="3251590363" visible="true" version="1" changeset="27683350" timestamp="2014-12-25T04:55:03Z" user="EC95" uid="2410326" lat="18.1517750" lon="74.5707321"/>
 <node id="3251590364" visible="true" version="1" changeset="27683350" timestamp="2014-12-25T04:55:03Z" user="EC95" uid="2410326" lat="18.1443409" lon="74.5743370"/>
 <node id="3251590366" visible="true" version="1" changeset="27683350" timestamp="2014-12-25T04:55:03Z" user="EC95" uid="2410326" lat="18.1438420" lon="74.5722552"/>
 <node id="3251590367" visible="true" version="1" changeset="27683350" timestamp="2014-12-25T04:55:03Z" user="EC95" uid="2410326" lat="18.1458753" lon="74.5801091"/>
 <node id="3251590369" visible="true" version="1" changeset="27683350" timestamp="2014-12-25T04:55:03Z" user="EC95" uid="2410326" lat="18.1475320" lon="74.5771265"/>
 <node id="3251590370" visible="true" version="1" changeset="27683350" timestamp="2014-12-25T04:55:03Z" user="EC95" uid="2410326" lat="18.1456510" lon="74.5775503"/>
 <node id="3251590371" visible="true" version="1" changeset="27683350" timestamp="2014-12-25T04:55:03Z" user="EC95" uid="2410326" lat="18.1499483" lon="74.5854306"/>
 <node id="3251590372" visible="true" version="1" changeset="27683350" timestamp="2014-12-25T04:55:03Z" user="EC95" uid="2410326" lat="18.1533432" lon="74.5907253"/>
 <node id="3251590373" visible="true" version="1" changeset="27683350" timestamp="2014-12-25T04:55:03Z" user="EC95" uid="2410326" lat="18.1514571" lon="74.5737737"/>
 <node id="3251590374" visible="true" version="2" changeset="66342830" timestamp="2019-01-15T20:11:48Z" user="mottiger" uid="7504544" lat="18.1407401" lon="74.5845495"/>
 <node id="3251590375" visible="true" version="1" changeset="27683350" timestamp="2014-12-25T04:55:03Z" user="EC95" uid="2410326" lat="18.1497907" lon="74.5791569"/>
 <node id="3251590376" visible="true" version="1" changeset="27683350" timestamp="2014-12-25T04:55:03Z" user="EC95" uid="2410326" lat="18.1508199" lon="74.5871687"/>
 <node id="3251590377" visible="true" version="1" changeset="27683350" timestamp="2014-12-25T04:55:03Z" user="EC95" uid="2410326" lat="18.1487350" lon="74.5697558"/>
 <node id="3251590378" visible="true" version="1" changeset="27683350" timestamp="2014-12-25T04:55:03Z" user="EC95" uid="2410326" lat="18.1459773" lon="74.5722609"/>
 <node id="3251590379" visible="true" version="1" changeset="27683350" timestamp="2014-12-25T04:55:03Z" user="EC95" uid="2410326" lat="18.1499126" lon="74.5728778"/>
 <node id="3251590380" visible="true" version="1" changeset="27683350" timestamp="2014-12-25T04:55:03Z" user="EC95" uid="2410326" lat="18.1511920" lon="74.5743638"/>
 <node id="3251590381" visible="true" version="1" changeset="27683350" timestamp="2014-12-25T04:55:03Z" user="EC95" uid="2410326" lat="18.1456495" lon="74.5836637"/>
 <node id="3251590383" visible="true" version="1" changeset="27683350" timestamp="2014-12-25T04:55:03Z" user="EC95" uid="2410326" lat="18.1482814" lon="74.5859027"/>
 <node id="3251590384" visible="true" version="1" changeset="27683350" timestamp="2014-12-25T04:55:03Z" user="EC95" uid="2410326" lat="18.1501725" lon="74.5856183"/>
 <node id="3251590385" visible="true" version="1" changeset="27683350" timestamp="2014-12-25T04:55:03Z" user="EC95" uid="2410326" lat="18.1529201" lon="74.5736396"/>
 <node id="3251590386" visible="true" version="1" changeset="27683350" timestamp="2014-12-25T04:55:03Z" user="EC95" uid="2410326" lat="18.1503452" lon="74.5798374"/>
 <node id="3251590387" visible="true" version="1" changeset="27683350" timestamp="2014-12-25T04:55:03Z" user="EC95" uid="2410326" lat="18.1529979" lon="74.5701030"/>
 <node id="3251590388" visible="true" version="1" changeset="27683350" timestamp="2014-12-25T04:55:03Z" user="EC95" uid="2410326" lat="18.1472007" lon="74.5766759"/>
 <node id="3251590389" visible="true" version="1" changeset="27683350" timestamp="2014-12-25T04:55:03Z" user="EC95" uid="2410326" lat="18.1474348" lon="74.5766657"/>
 <node id="3251590390" visible="true" version="1" changeset="27683350" timestamp="2014-12-25T04:55:03Z" user="EC95" uid="2410326" lat="18.1477201" lon="74.5722164"/>
 <node id="3251590391" visible="true" version="1" changeset="27683350" timestamp="2014-12-25T04:55:03Z" user="EC95" uid="2410326" lat="18.1453706" lon="74.5745140"/>
 <node id="3251590393" visible="true" version="1" changeset="27683350" timestamp="2014-12-25T04:55:03Z" user="EC95" uid="2410326" lat="18.1500859" lon="74.5829093"/>
 <node id="3251590394" visible="true" version="1" changeset="27683350" timestamp="2014-12-25T04:55:03Z" user="EC95" uid="2410326" lat="18.1536814" lon="74.5882201"/>
 <node id="3251590396" visible="true" version="1" changeset="27683350" timestamp="2014-12-25T04:55:03Z" user="EC95" uid="2410326" lat="18.1532208" lon="74.5745462"/>
 <node id="3251590397" visible="true" version="1" changeset="27683350" timestamp="2014-12-25T04:55:04Z" user="EC95" uid="2410326" lat="18.1385896" lon="74.5764918"/>
 <node id="3251590398" visible="true" version="1" changeset="27683350" timestamp="2014-12-25T04:55:04Z" user="EC95" uid="2410326" lat="18.1478674" lon="74.5772237"/>
 <node id="3251590400" visible="true" version="1" changeset="27683350" timestamp="2014-12-25T04:55:04Z" user="EC95" uid="2410326" lat="18.1476126" lon="74.5722522"/>
 <node id="3251590402" visible="true" version="1" changeset="27683350" timestamp="2014-12-25T04:55:04Z" user="EC95" uid="2410326" lat="18.1523543" lon="74.5704639"/>
 <node id="3251590405" visible="true" version="1" changeset="27683350" timestamp="2014-12-25T04:55:04Z" user="EC95" uid="2410326" lat="18.1478328" lon="74.5725989"/>
 <node id="3251590406" visible="true" version="1" changeset="27683350" timestamp="2014-12-25T04:55:04Z" user="EC95" uid="2410326" lat="18.1500996" lon="74.5806887"/>
 <node id="3251590407" visible="true" version="1" changeset="27683350" timestamp="2014-12-25T04:55:04Z" user="EC95" uid="2410326" lat="18.1503298" lon="74.5819993"/>
 <node id="3251590408" visible="true" version="1" changeset="27683350" timestamp="2014-12-25T04:55:04Z" user="EC95" uid="2410326" lat="18.1474293" lon="74.5728814"/>
 <node id="3251590409" visible="true" version="1" changeset="27683350" timestamp="2014-12-25T04:55:04Z" user="EC95" uid="2410326" lat="18.1485566" lon="74.5840412"/>
 <node id="3251590410" visible="true" version="1" changeset="27683350" timestamp="2014-12-25T04:55:04Z" user="EC95" uid="2410326" lat="18.1521041" lon="74.5874397"/>
 <node id="3251590411" visible="true" version="1" changeset="27683350" timestamp="2014-12-25T04:55:04Z" user="EC95" uid="2410326" lat="18.1485871" lon="74.5736422"/>
 <node id="3251590414" visible="true" version="1" changeset="27683350" timestamp="2014-12-25T04:55:04Z" user="EC95" uid="2410326" lat="18.1499535" lon="74.5731292"/>
 <node id="3251590415" visible="true" version="1" changeset="27683350" timestamp="2014-12-25T04:55:04Z" user="EC95" uid="2410326" lat="18.1475376" lon="74.5772375"/>
 <node id="3251590416" visible="true" version="1" changeset="27683350" timestamp="2014-12-25T04:55:04Z" user="EC95" uid="2410326" lat="18.1398583" lon="74.5755777"/>
 <node id="3251590417" visible="true" version="1" changeset="27683350" timestamp="2014-12-25T04:55:04Z" user="EC95" uid="2410326" lat="18.1489068" lon="74.5779573"/>
 <node id="3251590419" visible="true" version="1" changeset="27683350" timestamp="2014-12-25T04:55:04Z" user="EC95" uid="2410326" lat="18.1463145" lon="74.5722968"/>
 <node id="3251590422" visible="true" version="1" changeset="27683350" timestamp="2014-12-25T04:55:04Z" user="EC95" uid="2410326" lat="18.1482559" lon="74.5777219"/>
 <node id="3251590423" visible="true" version="1" changeset="27683350" timestamp="2014-12-25T04:55:04Z" user="EC95" uid="2410326" lat="18.1527228" lon="74.5700135"/>
 <node id="3251590424" visible="true" version="1" changeset="27683350" timestamp="2014-12-25T04:55:04Z" user="EC95" uid="2410326" lat="18.1446029" lon="74.5846635"/>
 <node id="3251590426" visible="true" version="1" changeset="27683350" timestamp="2014-12-25T04:55:04Z" user="EC95" uid="2410326" lat="18.1449547" lon="74.5881021"/>
 <node id="3251590427" visible="true" version="1" changeset="27683350" timestamp="2014-12-25T04:55:04Z" user="EC95" uid="2410326" lat="18.1490715" lon="74.5755708"/>
 <node id="3251590428" visible="true" version="1" changeset="27683350" timestamp="2014-12-25T04:55:04Z" user="EC95" uid="2410326" lat="18.1499177" lon="74.5726204"/>
 <node id="3251590430" visible="true" version="1" changeset="27683350" timestamp="2014-12-25T04:55:04Z" user="EC95" uid="2410326" lat="18.1485974" lon="74.5738649"/>
 <node id="3251590431" visible="true" version="1" changeset="27683350" timestamp="2014-12-25T04:55:04Z" user="EC95" uid="2410326" lat="18.1528436" lon="74.5741385"/>
 <node id="3251590432" visible="true" version="1" changeset="27683350" timestamp="2014-12-25T04:55:04Z" user="EC95" uid="2410326" lat="18.1505803" lon="74.5833599"/>
 <node id="3251590435" visible="true" version="1" changeset="27683350" timestamp="2014-12-25T04:55:04Z" user="EC95" uid="2410326" lat="18.1473230" lon="74.5819759"/>
 <node id="3251590436" visible="true" version="1" changeset="27683350" timestamp="2014-12-25T04:55:04Z" user="EC95" uid="2410326" lat="18.1443562" lon="74.5740848"/>
 <node id="3251590437" visible="true" version="1" changeset="27683350" timestamp="2014-12-25T04:55:04Z" user="EC95" uid="2410326" lat="18.1521402" lon="74.5705658"/>
 <node id="3251590439" visible="true" version="1" changeset="27683350" timestamp="2014-12-25T04:55:04Z" user="EC95" uid="2410326" lat="18.1476947" lon="74.5785707"/>
 <node id="3251590441" visible="true" version="1" changeset="27683350" timestamp="2014-12-25T04:55:04Z" user="EC95" uid="2410326" lat="18.1525530" lon="74.5723851"/>
 <node id="3251590443" visible="true" version="1" changeset="27683350" timestamp="2014-12-25T04:55:04Z" user="EC95" uid="2410326" lat="18.1494181" lon="74.5704960"/>
 <node id="3251590445" visible="true" version="1" changeset="27683350" timestamp="2014-12-25T04:55:04Z" user="EC95" uid="2410326" lat="18.1465751" lon="74.5722336"/>
 <node id="3251590446" visible="true" version="1" changeset="27683350" timestamp="2014-12-25T04:55:04Z" user="EC95" uid="2410326" lat="18.1481794" lon="74.5771426"/>
 <node id="3251590448" visible="true" version="1" changeset="27683350" timestamp="2014-12-25T04:55:04Z" user="EC95" uid="2410326" lat="18.1453123" lon="74.5824402"/>
 <node id="3251590450" visible="true" version="1" changeset="27683350" timestamp="2014-12-25T04:55:04Z" user="EC95" uid="2410326" lat="18.1485719" lon="74.5777487"/>
 <node id="3251590453" visible="true" version="1" changeset="27683350" timestamp="2014-12-25T04:55:04Z" user="EC95" uid="2410326" lat="18.1492710" lon="74.5696197"/>
 <node id="3251590455" visible="true" version="1" changeset="27683350" timestamp="2014-12-25T04:55:04Z" user="EC95" uid="2410326" lat="18.1497138" lon="74.5775610"/>
 <node id="3251590456" visible="true" version="1" changeset="27683350" timestamp="2014-12-25T04:55:04Z" user="EC95" uid="2410326" lat="18.1530220" lon="74.5881718"/>
 <node id="3251590457" visible="true" version="1" changeset="27683350" timestamp="2014-12-25T04:55:04Z" user="EC95" uid="2410326" lat="18.1457019" lon="74.5742210"/>
 <node id="3251590458" visible="true" version="1" changeset="27683350" timestamp="2014-12-25T04:55:04Z" user="EC95" uid="2410326" lat="18.1518700" lon="74.5882791"/>
 <node id="3251590461" visible="true" version="1" changeset="27683350" timestamp="2014-12-25T04:55:04Z" user="EC95" uid="2410326" lat="18.1490704" lon="74.5791932"/>
 <node id="3251590465" visible="true" version="1" changeset="27683350" timestamp="2014-12-25T04:55:05Z" user="EC95" uid="2410326" lat="18.1476034" lon="74.5835423"/>
 <node id="3251590466" visible="true" version="1" changeset="27683350" timestamp="2014-12-25T04:55:05Z" user="EC95" uid="2410326" lat="18.1507806" lon="74.5818880"/>
 <node id="3251590467" visible="true" version="1" changeset="27683350" timestamp="2014-12-25T04:55:05Z" user="EC95" uid="2410326" lat="18.1488093" lon="74.5773727"/>
 <node id="3251590468" visible="true" version="1" changeset="27683350" timestamp="2014-12-25T04:55:05Z" user="EC95" uid="2410326" lat="18.1521045" lon="74.5878392"/>
 <node id="3251590469" visible="true" version="1" changeset="27683350" timestamp="2014-12-25T04:55:05Z" user="EC95" uid="2410326" lat="18.1483782" lon="74.5818203"/>
 <node id="3251590471" visible="true" version="1" changeset="27683350" timestamp="2014-12-25T04:55:05Z" user="EC95" uid="2410326" lat="18.1483680" lon="74.5861548"/>
 <node id="3251590472" visible="true" version="1" changeset="27683350" timestamp="2014-12-25T04:55:05Z" user="EC95" uid="2410326" lat="18.1498361" lon="74.5795083"/>
 <node id="3251590473" visible="true" version="1" changeset="27683350" timestamp="2014-12-25T04:55:05Z" user="EC95" uid="2410326" lat="18.1455103" lon="74.5851409"/>
 <node id="3251590474" visible="true" version="1" changeset="27683350" timestamp="2014-12-25T04:55:05Z" user="EC95" uid="2410326" lat="18.1519554" lon="74.5863432"/>
 <node id="3251590477" visible="true" version="1" changeset="27683350" timestamp="2014-12-25T04:55:05Z" user="EC95" uid="2410326" lat="18.1533636" lon="74.5868682"/>
 <node id="3251590478" visible="true" version="1" changeset="27683350" timestamp="2014-12-25T04:55:05Z" user="EC95" uid="2410326" lat="18.1468540" lon="74.5782905"/>
 <node id="3251590479" visible="true" version="1" changeset="27683350" timestamp="2014-12-25T04:55:05Z" user="EC95" uid="2410326" lat="18.1480954" lon="74.5818149"/>
 <node id="3251590480" visible="true" version="1" changeset="27683350" timestamp="2014-12-25T04:55:05Z" user="EC95" uid="2410326" lat="18.1469407" lon="74.5731085"/>
 <node id="3251590481" visible="true" version="1" changeset="27683350" timestamp="2014-12-25T04:55:05Z" user="EC95" uid="2410326" lat="18.1446998" lon="74.5773035"/>
 <node id="3251590482" visible="true" version="1" changeset="27683350" timestamp="2014-12-25T04:55:05Z" user="EC95" uid="2410326" lat="18.1488319" lon="74.5708018"/>
 <node id="3251590484" visible="true" version="1" changeset="27683350" timestamp="2014-12-25T04:55:05Z" user="EC95" uid="2410326" lat="18.1504835" lon="74.5851570"/>
 <node id="3251590485" visible="true" version="1" changeset="27683350" timestamp="2014-12-25T04:55:05Z" user="EC95" uid="2410326" lat="18.1486790" lon="74.5817828"/>
 <node id="3251590486" visible="true" version="1" changeset="27683350" timestamp="2014-12-25T04:55:05Z" user="EC95" uid="2410326" lat="18.1529305" lon="74.5873931"/>
 <node id="3251590487" visible="true" version="1" changeset="27683350" timestamp="2014-12-25T04:55:05Z" user="EC95" uid="2410326" lat="18.1483582" lon="74.5827730"/>
 <node id="3251590490" visible="true" version="1" changeset="27683350" timestamp="2014-12-25T04:55:05Z" user="EC95" uid="2410326" lat="18.1519721" lon="74.5707356"/>
 <node id="3251590492" visible="true" version="1" changeset="27683350" timestamp="2014-12-25T04:55:05Z" user="EC95" uid="2410326" lat="18.1481284" lon="74.5799857"/>
 <node id="3251590495" visible="true" version="1" changeset="27683350" timestamp="2014-12-25T04:55:05Z" user="EC95" uid="2410326" lat="18.1480866" lon="74.5811339"/>
 <node id="3251590496" visible="true" version="1" changeset="27683350" timestamp="2014-12-25T04:55:05Z" user="EC95" uid="2410326" lat="18.1474123" lon="74.5800658"/>
 <node id="3251590497" visible="true" version="1" changeset="27683350" timestamp="2014-12-25T04:55:05Z" user="EC95" uid="2410326" lat="18.1498608" lon="74.5695699"/>
 <node id="3251590498" visible="true" version="1" changeset="27683350" timestamp="2014-12-25T04:55:05Z" user="EC95" uid="2410326" lat="18.1533008" lon="74.5865284"/>
 <node id="3251590499" visible="true" version="1" changeset="27683350" timestamp="2014-12-25T04:55:05Z" user="EC95" uid="2410326" lat="18.1511487" lon="74.5746709"/>
 <node id="3251590500" visible="true" version="1" changeset="27683350" timestamp="2014-12-25T04:55:05Z" user="EC95" uid="2410326" lat="18.1494589" lon="74.5702117"/>
 <node id="3251590501" visible="true" version="1" changeset="27683350" timestamp="2014-12-25T04:55:05Z" user="EC95" uid="2410326" lat="18.1468804" lon="74.5786619"/>
 <node id="3251590502" visible="true" version="1" changeset="27683350" timestamp="2014-12-25T04:55:05Z" user="EC95" uid="2410326" lat="18.1456510" lon="74.5744443"/>
 <node id="3251590503" visible="true" version="1" changeset="27683350" timestamp="2014-12-25T04:55:05Z" user="EC95" uid="2410326" lat="18.1481641" lon="74.5744443"/>
 <node id="3251590504" visible="true" version="1" changeset="27683350" timestamp="2014-12-25T04:55:05Z" user="EC95" uid="2410326" lat="18.1486739" lon="74.5799535"/>
 <node id="3251590505" visible="true" version="1" changeset="27683350" timestamp="2014-12-25T04:55:05Z" user="EC95" uid="2410326" lat="18.1473740" lon="74.5736343"/>
 <node id="3251590506" visible="true" version="1" changeset="27683350" timestamp="2014-12-25T04:55:05Z" user="EC95" uid="2410326" lat="18.1425944" lon="74.5802861"/>
 <node id="3251590507" visible="true" version="1" changeset="27683350" timestamp="2014-12-25T04:55:05Z" user="EC95" uid="2410326" lat="18.1485872" lon="74.5808011"/>
 <node id="3251590508" visible="true" version="1" changeset="27683350" timestamp="2014-12-25T04:55:05Z" user="EC95" uid="2410326" lat="18.1477417" lon="74.5826358"/>
 <node id="3251590509" visible="true" version="1" changeset="27683350" timestamp="2014-12-25T04:55:05Z" user="EC95" uid="2410326" lat="18.1513734" lon="74.5727092"/>
 <node id="3251590510" visible="true" version="1" changeset="27683350" timestamp="2014-12-25T04:55:05Z" user="EC95" uid="2410326" lat="18.1477522" lon="74.5729725"/>
 <node id="3251590511" visible="true" version="1" changeset="27683350" timestamp="2014-12-25T04:55:05Z" user="EC95" uid="2410326" lat="18.1483680" lon="74.5706355"/>
 <node id="3251590512" visible="true" version="1" changeset="27683350" timestamp="2014-12-25T04:55:05Z" user="EC95" uid="2410326" lat="18.1444873" lon="74.5801798"/>
 <node id="3251590516" visible="true" version="1" changeset="27683350" timestamp="2014-12-25T04:55:05Z" user="EC95" uid="2410326" lat="18.1484751" lon="74.5815146"/>
 <node id="3251590518" visible="true" version="2" changeset="142095651" timestamp="2023-10-03T11:22:54Z" user="jyotikatke" uid="19620700" lat="18.1494623" lon="74.5700777"/>
 <node id="3251590519" visible="true" version="1" changeset="27683350" timestamp="2014-12-25T04:55:05Z" user="EC95" uid="2410326" lat="18.1422356" lon="74.5821154"/>
 <node id="3251590520" visible="true" version="1" changeset="27683350" timestamp="2014-12-25T04:55:05Z" user="EC95" uid="2410326" lat="18.1505498" lon="74.5698738"/>
 <node id="3251590521" visible="true" version="1" changeset="27683350" timestamp="2014-12-25T04:55:05Z" user="EC95" uid="2410326" lat="18.1486994" lon="74.5804149"/>
 <node id="3251590522" visible="true" version="1" changeset="27683350" timestamp="2014-12-25T04:55:05Z" user="EC95" uid="2410326" lat="18.1487848" lon="74.5697363"/>
 <node id="3251590523" visible="true" version="1" changeset="27683350" timestamp="2014-12-25T04:55:05Z" user="EC95" uid="2410326" lat="18.1474912" lon="74.5717996"/>
 <node id="3251590524" visible="true" version="1" changeset="27683350" timestamp="2014-12-25T04:55:05Z" user="EC95" uid="2410326" lat="18.1474882" lon="74.5744784"/>
 <node id="3251590525" visible="true" version="1" changeset="27683350" timestamp="2014-12-25T04:55:05Z" user="EC95" uid="2410326" lat="18.1502419" lon="74.5791796"/>
 <node id="3251590526" visible="true" version="1" changeset="27683350" timestamp="2014-12-25T04:55:05Z" user="EC95" uid="2410326" lat="18.1492295" lon="74.5690316"/>
 <node id="3251590527" visible="true" version="1" changeset="27683350" timestamp="2014-12-25T04:55:05Z" user="EC95" uid="2410326" lat="18.1489834" lon="74.5696588"/>
 <node id="3251590528" visible="true" version="1" changeset="27683350" timestamp="2014-12-25T04:55:06Z" user="EC95" uid="2410326" lat="18.1483639" lon="74.5822648"/>
 <node id="3251590529" visible="true" version="1" changeset="27683350" timestamp="2014-12-25T04:55:06Z" user="EC95" uid="2410326" lat="18.1524358" lon="74.5707420"/>
 <node id="3251590531" visible="true" version="1" changeset="27683350" timestamp="2014-12-25T04:55:06Z" user="EC95" uid="2410326" lat="18.1537273" lon="74.5886439"/>
 <node id="3251590532" visible="true" version="1" changeset="27683350" timestamp="2014-12-25T04:55:06Z" user="EC95" uid="2410326" lat="18.1521759" lon="74.5702171"/>
 <node id="3251590533" visible="true" version="1" changeset="27683350" timestamp="2014-12-25T04:55:06Z" user="EC95" uid="2410326" lat="18.1487198" lon="74.5778185"/>
 <node id="3251590534" visible="true" version="1" changeset="27683350" timestamp="2014-12-25T04:55:06Z" user="EC95" uid="2410326" lat="18.1496577" lon="74.5791488"/>
 <node id="3251590535" visible="true" version="1" changeset="27683350" timestamp="2014-12-25T04:55:06Z" user="EC95" uid="2410326" lat="18.1412384" lon="74.5828074"/>
 <node id="3251590536" visible="true" version="1" changeset="27683350" timestamp="2014-12-25T04:55:06Z" user="EC95" uid="2410326" lat="18.1524664" lon="74.5705068"/>
 <node id="3251590538" visible="true" version="1" changeset="27683350" timestamp="2014-12-25T04:55:06Z" user="EC95" uid="2410326" lat="18.1488370" lon="74.5709627"/>
 <node id="3251590539" visible="true" version="1" changeset="27683350" timestamp="2014-12-25T04:55:06Z" user="EC95" uid="2410326" lat="18.1493315" lon="74.5696163"/>
 <node id="3251590540" visible="true" version="1" changeset="27683350" timestamp="2014-12-25T04:55:06Z" user="EC95" uid="2410326" lat="18.1480569" lon="74.5803651"/>
 <node id="3251590542" visible="true" version="1" changeset="27683350" timestamp="2014-12-25T04:55:06Z" user="EC95" uid="2410326" lat="18.1485635" lon="74.5750701"/>
 <node id="3251590546" visible="true" version="1" changeset="27683350" timestamp="2014-12-25T04:55:06Z" user="EC95" uid="2410326" lat="18.1512991" lon="74.5736289"/>
 <node id="3251590547" visible="true" version="1" changeset="27683350" timestamp="2014-12-25T04:55:06Z" user="EC95" uid="2410326" lat="18.1509134" lon="74.5738984"/>
 <node id="3251590549" visible="true" version="1" changeset="27683350" timestamp="2014-12-25T04:55:06Z" user="EC95" uid="2410326" lat="18.1515386" lon="74.5739221"/>
 <node id="3251590550" visible="true" version="1" changeset="27683350" timestamp="2014-12-25T04:55:06Z" user="EC95" uid="2410326" lat="18.1483532" lon="74.5784933"/>
 <node id="3251590551" visible="true" version="2" changeset="52645164" timestamp="2017-10-05T06:48:59Z" user="Hanish" uid="6755263" lat="18.1449475" lon="74.5719874">
  <tag k="highway" v="crossing"/>
  <tag k="name" v="Annabhau Sathe Chawk"/>
 </node>
 <node id="3251590552" visible="true" version="1" changeset="27683350" timestamp="2014-12-25T04:55:06Z" user="EC95" uid="2410326" lat="18.1464510" lon="74.5868301"/>
 <node id="3251590553" visible="true" version="1" changeset="27683350" timestamp="2014-12-25T04:55:06Z" user="EC95" uid="2410326" lat="18.1375763" lon="74.5774370"/>
 <node id="3251590554" visible="true" version="1" changeset="27683350" timestamp="2014-12-25T04:55:06Z" user="EC95" uid="2410326" lat="18.1480926" lon="74.5822416"/>
 <node id="3251590555" visible="true" version="1" changeset="27683350" timestamp="2014-12-25T04:55:06Z" user="EC95" uid="2410326" lat="18.1487249" lon="74.5831883"/>
 <node id="3251590556" visible="true" version="1" changeset="27683350" timestamp="2014-12-25T04:55:06Z" user="EC95" uid="2410326" lat="18.1443664" lon="74.5729583"/>
 <node id="3251590558" visible="true" version="1" changeset="27683350" timestamp="2014-12-25T04:55:06Z" user="EC95" uid="2410326" lat="18.1506466" lon="74.5790952"/>
 <node id="3251590560" visible="true" version="1" changeset="27683350" timestamp="2014-12-25T04:55:06Z" user="EC95" uid="2410326" lat="18.1487554" lon="74.5807153"/>
 <node id="3251590561" visible="true" version="1" changeset="27683350" timestamp="2014-12-25T04:55:06Z" user="EC95" uid="2410326" lat="18.1520943" lon="74.5825392"/>
 <node id="3251590562" visible="true" version="1" changeset="27683350" timestamp="2014-12-25T04:55:06Z" user="EC95" uid="2410326" lat="18.1453523" lon="74.5853984"/>
 <node id="3251590563" visible="true" version="1" changeset="27683350" timestamp="2014-12-25T04:55:06Z" user="EC95" uid="2410326" lat="18.1499062" lon="74.5801232"/>
 <node id="3251590565" visible="true" version="1" changeset="27683350" timestamp="2014-12-25T04:55:06Z" user="EC95" uid="2410326" lat="18.1484445" lon="74.5725399"/>
 <node id="3251590566" visible="true" version="1" changeset="27683350" timestamp="2014-12-25T04:55:06Z" user="EC95" uid="2410326" lat="18.1478457" lon="74.5769883"/>
 <node id="3251590567" visible="true" version="1" changeset="27683350" timestamp="2014-12-25T04:55:06Z" user="EC95" uid="2410326" lat="18.1451158" lon="74.5741921"/>
 <node id="3251590568" visible="true" version="1" changeset="27683350" timestamp="2014-12-25T04:55:06Z" user="EC95" uid="2410326" lat="18.1418506" lon="74.5743826"/>
 <node id="3251590570" visible="true" version="2" changeset="66342830" timestamp="2019-01-15T20:11:48Z" user="mottiger" uid="7504544" lat="18.1440179" lon="74.5862366"/>
 <node id="3251590575" visible="true" version="1" changeset="27683350" timestamp="2014-12-25T04:55:06Z" user="EC95" uid="2410326" lat="18.1465643" lon="74.5839977"/>
 <node id="3251590576" visible="true" version="1" changeset="27683350" timestamp="2014-12-25T04:55:07Z" user="EC95" uid="2410326" lat="18.1527570" lon="74.5698094"/>
 <node id="3251590577" visible="true" version="1" changeset="27683350" timestamp="2014-12-25T04:55:07Z" user="EC95" uid="2410326" lat="18.1517069" lon="74.5739239"/>
 <node id="3251590578" visible="true" version="1" changeset="27683350" timestamp="2014-12-25T04:55:07Z" user="EC95" uid="2410326" lat="18.1507537" lon="74.5838964"/>
 <node id="3251590580" visible="true" version="1" changeset="27683350" timestamp="2014-12-25T04:55:07Z" user="EC95" uid="2410326" lat="18.1409673" lon="74.5838537"/>
 <node id="3251590581" visible="true" version="1" changeset="27683350" timestamp="2014-12-25T04:55:07Z" user="EC95" uid="2410326" lat="18.1522982" lon="74.5855164"/>
 <node id="3251590582" visible="true" version="1" changeset="27683350" timestamp="2014-12-25T04:55:07Z" user="EC95" uid="2410326" lat="18.1482610" lon="74.5847708"/>
 <node id="3251590583" visible="true" version="1" changeset="27683350" timestamp="2014-12-25T04:55:07Z" user="EC95" uid="2410326" lat="18.1442242" lon="74.5833942"/>
 <node id="3251590585" visible="true" version="1" changeset="27683350" timestamp="2014-12-25T04:55:07Z" user="EC95" uid="2410326" lat="18.1457436" lon="74.5848355"/>
 <node id="3251590586" visible="true" version="1" changeset="27683350" timestamp="2014-12-25T04:55:07Z" user="EC95" uid="2410326" lat="18.1482591" lon="74.5706648"/>
 <node id="3251590587" visible="true" version="1" changeset="27683350" timestamp="2014-12-25T04:55:07Z" user="EC95" uid="2410326" lat="18.1491327" lon="74.5831507"/>
 <node id="3251590588" visible="true" version="1" changeset="27683350" timestamp="2014-12-25T04:55:07Z" user="EC95" uid="2410326" lat="18.1447508" lon="74.5839446"/>
 <node id="3251590592" visible="true" version="1" changeset="27683350" timestamp="2014-12-25T04:55:07Z" user="EC95" uid="2410326" lat="18.1496389" lon="74.5769821"/>
 <node id="3251590598" visible="true" version="1" changeset="27683350" timestamp="2014-12-25T04:55:07Z" user="EC95" uid="2410326" lat="18.1495411" lon="74.5791577"/>
 <node id="3251590601" visible="true" version="1" changeset="27683350" timestamp="2014-12-25T04:55:07Z" user="EC95" uid="2410326" lat="18.1514913" lon="74.5715193"/>
 <node id="3251590602" visible="true" version="1" changeset="27683350" timestamp="2014-12-25T04:55:07Z" user="EC95" uid="2410326" lat="18.1476137" lon="74.5840238"/>
 <node id="3251590603" visible="true" version="1" changeset="27683350" timestamp="2014-12-25T04:55:07Z" user="EC95" uid="2410326" lat="18.1446264" lon="74.5725077"/>
 <node id="3251590605" visible="true" version="1" changeset="27683350" timestamp="2014-12-25T04:55:07Z" user="EC95" uid="2410326" lat="18.1518751" lon="74.5722180"/>
 <node id="3251590607" visible="true" version="3" changeset="142082317" timestamp="2023-10-03T06:32:02Z" user="ompatekar" uid="16275581" lat="18.1432888" lon="74.5859882"/>
 <node id="3251590608" visible="true" version="1" changeset="27683350" timestamp="2014-12-25T04:55:07Z" user="EC95" uid="2410326" lat="18.1521249" lon="74.5699113"/>
 <node id="3251590609" visible="true" version="1" changeset="27683350" timestamp="2014-12-25T04:55:07Z" user="EC95" uid="2410326" lat="18.1468082" lon="74.5840090"/>
 <node id="3251590610" visible="true" version="1" changeset="27683350" timestamp="2014-12-25T04:55:07Z" user="EC95" uid="2410326" lat="18.1504427" lon="74.5774376"/>
 <node id="3251590611" visible="true" version="1" changeset="27683350" timestamp="2014-12-25T04:55:07Z" user="EC95" uid="2410326" lat="18.1363453" lon="74.5788868"/>
 <node id="3251590612" visible="true" version="1" changeset="27683350" timestamp="2014-12-25T04:55:07Z" user="EC95" uid="2410326" lat="18.1521096" lon="74.5707381"/>
 <node id="3251590613" visible="true" version="1" changeset="27683350" timestamp="2014-12-25T04:55:07Z" user="EC95" uid="2410326" lat="18.1513290" lon="74.5850047"/>
 <node id="3251590614" visible="true" version="1" changeset="27683350" timestamp="2014-12-25T04:55:07Z" user="EC95" uid="2410326" lat="18.1448221" lon="74.5788055"/>
 <node id="3251590615" visible="true" version="1" changeset="27683350" timestamp="2014-12-25T04:55:07Z" user="EC95" uid="2410326" lat="18.1441477" lon="74.5777640"/>
 <node id="3251590616" visible="true" version="1" changeset="27683350" timestamp="2014-12-25T04:55:07Z" user="EC95" uid="2410326" lat="18.1470427" lon="74.5813804"/>
 <node id="3251590618" visible="true" version="1" changeset="27683350" timestamp="2014-12-25T04:55:07Z" user="EC95" uid="2410326" lat="18.1496791" lon="74.5772926"/>
 <node id="3251590619" visible="true" version="1" changeset="27683350" timestamp="2014-12-25T04:55:07Z" user="EC95" uid="2410326" lat="18.1505243" lon="74.5798033"/>
 <node id="3251590620" visible="true" version="1" changeset="27683350" timestamp="2014-12-25T04:55:07Z" user="EC95" uid="2410326" lat="18.1428570" lon="74.5740456"/>
 <node id="3251590621" visible="true" version="1" changeset="27683350" timestamp="2014-12-25T04:55:07Z" user="EC95" uid="2410326" lat="18.1504886" lon="74.5848780"/>
 <node id="3251590622" visible="true" version="1" changeset="27683350" timestamp="2014-12-25T04:55:07Z" user="EC95" uid="2410326" lat="18.1451387" lon="74.5865695"/>
 <node id="3251590623" visible="true" version="1" changeset="27683350" timestamp="2014-12-25T04:55:07Z" user="EC95" uid="2410326" lat="18.1459824" lon="74.5825284"/>
 <node id="3251590624" visible="true" version="1" changeset="27683350" timestamp="2014-12-25T04:55:07Z" user="EC95" uid="2410326" lat="18.1515979" lon="74.5821102"/>
 <node id="3251590625" visible="true" version="1" changeset="27683350" timestamp="2014-12-25T04:55:07Z" user="EC95" uid="2410326" lat="18.1499686" lon="74.5834457"/>
 <node id="3251590626" visible="true" version="1" changeset="27683350" timestamp="2014-12-25T04:55:07Z" user="EC95" uid="2410326" lat="18.1514927" lon="74.5867009"/>
 <node id="3251590627" visible="true" version="1" changeset="27683350" timestamp="2014-12-25T04:55:07Z" user="EC95" uid="2410326" lat="18.1496934" lon="74.5731461"/>
 <node id="3251590628" visible="true" version="1" changeset="27683350" timestamp="2014-12-25T04:55:07Z" user="EC95" uid="2410326" lat="18.1512975" lon="74.5795985"/>
 <node id="3251590629" visible="true" version="1" changeset="27683350" timestamp="2014-12-25T04:55:07Z" user="EC95" uid="2410326" lat="18.1503866" lon="74.5702171"/>
 <node id="3251590630" visible="true" version="1" changeset="27683350" timestamp="2014-12-25T04:55:07Z" user="EC95" uid="2410326" lat="18.1507250" lon="74.5816959"/>
 <node id="3251590631" visible="true" version="1" changeset="27683350" timestamp="2014-12-25T04:55:07Z" user="EC95" uid="2410326" lat="18.1517221" lon="74.5874613"/>
 <node id="3251590632" visible="true" version="1" changeset="27683350" timestamp="2014-12-25T04:55:07Z" user="EC95" uid="2410326" lat="18.1473442" lon="74.5808486"/>
 <node id="3251590633" visible="true" version="1" changeset="27683350" timestamp="2014-12-25T04:55:08Z" user="EC95" uid="2410326" lat="18.1501725" lon="74.5718318"/>
 <node id="3251590634" visible="true" version="1" changeset="27683350" timestamp="2014-12-25T04:55:08Z" user="EC95" uid="2410326" lat="18.1481284" lon="74.5857310"/>
 <node id="3251590635" visible="true" version="1" changeset="27683350" timestamp="2014-12-25T04:55:08Z" user="EC95" uid="2410326" lat="18.1510457" lon="74.5859446"/>
 <node id="3251590636" visible="true" version="1" changeset="27683350" timestamp="2014-12-25T04:55:08Z" user="EC95" uid="2410326" lat="18.1493417" lon="74.5847069"/>
 <node id="3251590637" visible="true" version="1" changeset="27683350" timestamp="2014-12-25T04:55:08Z" user="EC95" uid="2410326" lat="18.1457550" lon="74.5851785"/>
 <node id="3251590638" visible="true" version="1" changeset="27683350" timestamp="2014-12-25T04:55:08Z" user="EC95" uid="2410326" lat="18.1497746" lon="74.5782883"/>
 <node id="3251590640" visible="true" version="1" changeset="27683350" timestamp="2014-12-25T04:55:08Z" user="EC95" uid="2410326" lat="18.1473231" lon="74.5822043"/>
 <node id="3251590642" visible="true" version="1" changeset="27683350" timestamp="2014-12-25T04:55:08Z" user="EC95" uid="2410326" lat="18.1494283" lon="74.5773303"/>
 <node id="3251590643" visible="true" version="1" changeset="27683350" timestamp="2014-12-25T04:55:08Z" user="EC95" uid="2410326" lat="18.1460190" lon="74.5820906"/>
 <node id="3251590644" visible="true" version="1" changeset="27683350" timestamp="2014-12-25T04:55:08Z" user="EC95" uid="2410326" lat="18.1455249" lon="74.5819285"/>
 <node id="3251590645" visible="true" version="1" changeset="27683350" timestamp="2014-12-25T04:55:08Z" user="EC95" uid="2410326" lat="18.1499788" lon="74.5699650"/>
 <node id="3251590646" visible="true" version="1" changeset="27683350" timestamp="2014-12-25T04:55:08Z" user="EC95" uid="2410326" lat="18.1483323" lon="74.5783174"/>
 <node id="3251590648" visible="true" version="1" changeset="27683350" timestamp="2014-12-25T04:55:08Z" user="EC95" uid="2410326" lat="18.1510748" lon="74.5818311"/>
 <node id="3251590649" visible="true" version="1" changeset="27683350" timestamp="2014-12-25T04:55:08Z" user="EC95" uid="2410326" lat="18.1536489" lon="74.5880820"/>
 <node id="3251590650" visible="true" version="1" changeset="27683350" timestamp="2014-12-25T04:55:08Z" user="EC95" uid="2410326" lat="18.1475167" lon="74.5743209"/>
 <node id="3251590651" visible="true" version="1" changeset="27683350" timestamp="2014-12-25T04:55:08Z" user="EC95" uid="2410326" lat="18.1508919" lon="74.5875081"/>
 <node id="3251590652" visible="true" version="1" changeset="27683350" timestamp="2014-12-25T04:55:08Z" user="EC95" uid="2410326" lat="18.1516406" lon="74.5866859"/>
 <node id="3251590653" visible="true" version="1" changeset="27683350" timestamp="2014-12-25T04:55:08Z" user="EC95" uid="2410326" lat="18.1499686" lon="74.5862406"/>
 <node id="3251590654" visible="true" version="1" changeset="27683350" timestamp="2014-12-25T04:55:08Z" user="EC95" uid="2410326" lat="18.1447181" lon="74.5834833"/>
 <node id="3251590655" visible="true" version="1" changeset="27683350" timestamp="2014-12-25T04:55:08Z" user="EC95" uid="2410326" lat="18.1494184" lon="74.5783515"/>
 <node id="3251590656" visible="true" version="1" changeset="27683350" timestamp="2014-12-25T04:55:08Z" user="EC95" uid="2410326" lat="18.1476289" lon="74.5832043"/>
 <node id="3251590658" visible="true" version="1" changeset="27683350" timestamp="2014-12-25T04:55:08Z" user="EC95" uid="2410326" lat="18.1504833" lon="74.5806358"/>
 <node id="3251590659" visible="true" version="1" changeset="27683350" timestamp="2014-12-25T04:55:08Z" user="EC95" uid="2410326" lat="18.1473483" lon="74.5813920"/>
 <node id="3251590660" visible="true" version="1" changeset="27683350" timestamp="2014-12-25T04:55:08Z" user="EC95" uid="2410326" lat="18.1502015" lon="74.5813023"/>
 <node id="3251590661" visible="true" version="1" changeset="27683350" timestamp="2014-12-25T04:55:08Z" user="EC95" uid="2410326" lat="18.1515883" lon="74.5857591"/>
 <node id="3251590662" visible="true" version="1" changeset="27683350" timestamp="2014-12-25T04:55:08Z" user="EC95" uid="2410326" lat="18.1513820" lon="74.5799518"/>
 <node id="3251590663" visible="true" version="1" changeset="27683350" timestamp="2014-12-25T04:55:08Z" user="EC95" uid="2410326" lat="18.1474097" lon="74.5713656"/>
 <node id="3251590664" visible="true" version="1" changeset="27683350" timestamp="2014-12-25T04:55:08Z" user="EC95" uid="2410326" lat="18.1477498" lon="74.5814501"/>
 <node id="3251590665" visible="true" version="1" changeset="27683350" timestamp="2014-12-25T04:55:08Z" user="EC95" uid="2410326" lat="18.1517947" lon="74.5827582"/>
 <node id="3251590666" visible="true" version="1" changeset="27683350" timestamp="2014-12-25T04:55:08Z" user="EC95" uid="2410326" lat="18.1484649" lon="74.5811283"/>
 <node id="3251590667" visible="true" version="1" changeset="27683350" timestamp="2014-12-25T04:55:08Z" user="EC95" uid="2410326" lat="18.1526248" lon="74.5882088"/>
 <node id="3251590668" visible="true" version="1" changeset="27683350" timestamp="2014-12-25T04:55:08Z" user="EC95" uid="2410326" lat="18.1491395" lon="74.5752401"/>
 <node id="3251590669" visible="true" version="1" changeset="27683350" timestamp="2014-12-25T04:55:08Z" user="EC95" uid="2410326" lat="18.1509641" lon="74.5851296"/>
 <node id="3251590670" visible="true" version="1" changeset="27683350" timestamp="2014-12-25T04:55:08Z" user="EC95" uid="2410326" lat="18.1481896" lon="74.5780599"/>
 <node id="3251590671" visible="true" version="1" changeset="27683350" timestamp="2014-12-25T04:55:08Z" user="EC95" uid="2410326" lat="18.1482722" lon="74.5737003"/>
 <node id="3251590672" visible="true" version="1" changeset="27683350" timestamp="2014-12-25T04:55:08Z" user="EC95" uid="2410326" lat="18.1485413" lon="74.5788914"/>
 <node id="3251590673" visible="true" version="1" changeset="27683350" timestamp="2014-12-25T04:55:08Z" user="EC95" uid="2410326" lat="18.1483771" lon="74.5858812"/>
 <node id="3251590674" visible="true" version="1" changeset="27683350" timestamp="2014-12-25T04:55:08Z" user="EC95" uid="2410326" lat="18.1497546" lon="74.5807582"/>
 <node id="3251590675" visible="true" version="1" changeset="27683350" timestamp="2014-12-25T04:55:08Z" user="EC95" uid="2410326" lat="18.1486535" lon="74.5827591"/>
 <node id="3251590676" visible="true" version="1" changeset="27683350" timestamp="2014-12-25T04:55:08Z" user="EC95" uid="2410326" lat="18.1498259" lon="74.5689725"/>
 <node id="3251590677" visible="true" version="1" changeset="27683350" timestamp="2014-12-25T04:55:08Z" user="EC95" uid="2410326" lat="18.1479500" lon="74.5769924"/>
 <node id="3251590678" visible="true" version="1" changeset="27683350" timestamp="2014-12-25T04:55:08Z" user="EC95" uid="2410326" lat="18.1531098" lon="74.5881592"/>
 <node id="3251590679" visible="true" version="1" changeset="27683350" timestamp="2014-12-25T04:55:08Z" user="EC95" uid="2410326" lat="18.1532440" lon="74.5901086"/>
 <node id="3251590680" visible="true" version="1" changeset="27683350" timestamp="2014-12-25T04:55:08Z" user="EC95" uid="2410326" lat="18.1480750" lon="74.5808282"/>
 <node id="3251590681" visible="true" version="1" changeset="27683350" timestamp="2014-12-25T04:55:08Z" user="EC95" uid="2410326" lat="18.1447590" lon="74.5741461"/>
 <node id="3251590682" visible="true" version="1" changeset="27683350" timestamp="2014-12-25T04:55:08Z" user="EC95" uid="2410326" lat="18.1502796" lon="74.5700186"/>
 <node id="3251590683" visible="true" version="1" changeset="27683350" timestamp="2014-12-25T04:55:08Z" user="EC95" uid="2410326" lat="18.1480827" lon="74.5827859"/>
 <node id="3251590684" visible="true" version="1" changeset="27683350" timestamp="2014-12-25T04:55:08Z" user="EC95" uid="2410326" lat="18.1461506" lon="74.5720249"/>
 <node id="3251590685" visible="true" version="1" changeset="27683350" timestamp="2014-12-25T04:55:08Z" user="EC95" uid="2410326" lat="18.1508857" lon="74.5777040"/>
 <node id="3251590687" visible="true" version="1" changeset="27683350" timestamp="2014-12-25T04:55:08Z" user="EC95" uid="2410326" lat="18.1481440" lon="74.5855438"/>
 <node id="3251590688" visible="true" version="1" changeset="27683350" timestamp="2014-12-25T04:55:08Z" user="EC95" uid="2410326" lat="18.1435885" lon="74.5832795"/>
 <node id="3251590689" visible="true" version="1" changeset="27683350" timestamp="2014-12-25T04:55:08Z" user="EC95" uid="2410326" lat="18.1440921" lon="74.5773685"/>
 <node id="3251590693" visible="true" version="1" changeset="27683350" timestamp="2014-12-25T04:55:09Z" user="EC95" uid="2410326" lat="18.1529028" lon="74.5707354"/>
 <node id="3251590694" visible="true" version="1" changeset="27683350" timestamp="2014-12-25T04:55:09Z" user="EC95" uid="2410326" lat="18.1487581" lon="74.5835383"/>
 <node id="3251590695" visible="true" version="1" changeset="27683350" timestamp="2014-12-25T04:55:09Z" user="EC95" uid="2410326" lat="18.1465113" lon="74.5774964"/>
 <node id="3251590696" visible="true" version="1" changeset="27683350" timestamp="2014-12-25T04:55:09Z" user="EC95" uid="2410326" lat="18.1488166" lon="74.5841539"/>
 <node id="3251590697" visible="true" version="1" changeset="27683350" timestamp="2014-12-25T04:55:09Z" user="EC95" uid="2410326" lat="18.1480418" lon="74.5770031"/>
 <node id="3251590698" visible="true" version="1" changeset="27683350" timestamp="2014-12-25T04:55:09Z" user="EC95" uid="2410326" lat="18.1503576" lon="74.5700678"/>
 <node id="3251590699" visible="true" version="1" changeset="27683350" timestamp="2014-12-25T04:55:09Z" user="EC95" uid="2410326" lat="18.1450726" lon="74.5720080"/>
 <node id="3251590700" visible="true" version="1" changeset="27683350" timestamp="2014-12-25T04:55:09Z" user="EC95" uid="2410326" lat="18.1457683" lon="74.5742243"/>
 <node id="3251590701" visible="true" version="1" changeset="27683350" timestamp="2014-12-25T04:55:09Z" user="EC95" uid="2410326" lat="18.1536992" lon="74.5735741"/>
 <node id="3251590703" visible="true" version="1" changeset="27683350" timestamp="2014-12-25T04:55:09Z" user="EC95" uid="2410326" lat="18.1483731" lon="74.5774108"/>
 <node id="3251590704" visible="true" version="1" changeset="27683350" timestamp="2014-12-25T04:55:09Z" user="EC95" uid="2410326" lat="18.1473739" lon="74.5859053"/>
 <node id="3251590705" visible="true" version="1" changeset="27683350" timestamp="2014-12-25T04:55:09Z" user="EC95" uid="2410326" lat="18.1462780" lon="74.5720464"/>
 <node id="3251590706" visible="true" version="1" changeset="27683350" timestamp="2014-12-25T04:55:09Z" user="EC95" uid="2410326" lat="18.1504469" lon="74.5846153"/>
 <node id="3251590707" visible="true" version="1" changeset="27683350" timestamp="2014-12-25T04:55:09Z" user="EC95" uid="2410326" lat="18.1530067" lon="74.5876515"/>
 <node id="3251590708" visible="true" version="1" changeset="27683350" timestamp="2014-12-25T04:55:09Z" user="EC95" uid="2410326" lat="18.1437067" lon="74.5746270"/>
 <node id="3251590709" visible="true" version="1" changeset="27683350" timestamp="2014-12-25T04:55:09Z" user="EC95" uid="2410326" lat="18.1455185" lon="74.5745194"/>
 <node id="3251590711" visible="true" version="1" changeset="27683350" timestamp="2014-12-25T04:55:09Z" user="EC95" uid="2410326" lat="18.1453625" lon="74.5834028"/>
 <node id="3251590712" visible="true" version="1" changeset="27683350" timestamp="2014-12-25T04:55:09Z" user="EC95" uid="2410326" lat="18.1525429" lon="74.5876783"/>
 <node id="3251590713" visible="true" version="1" changeset="27683350" timestamp="2014-12-25T04:55:09Z" user="EC95" uid="2410326" lat="18.1505192" lon="74.5781244"/>
 <node id="3251590715" visible="true" version="1" changeset="27683350" timestamp="2014-12-25T04:55:09Z" user="EC95" uid="2410326" lat="18.1378462" lon="74.5771316"/>
 <node id="3251590716" visible="true" version="1" changeset="27683350" timestamp="2014-12-25T04:55:09Z" user="EC95" uid="2410326" lat="18.1497537" lon="74.5781075"/>
 <node id="3251590718" visible="true" version="1" changeset="27683350" timestamp="2014-12-25T04:55:09Z" user="EC95" uid="2410326" lat="18.1499534" lon="74.5819652"/>
 <node id="3251590719" visible="true" version="1" changeset="27683350" timestamp="2014-12-25T04:55:09Z" user="EC95" uid="2410326" lat="18.1446672" lon="74.5729422"/>
 <node id="3251590720" visible="true" version="1" changeset="27683350" timestamp="2014-12-25T04:55:09Z" user="EC95" uid="2410326" lat="18.1488217" lon="74.5817291"/>
 <node id="3251590721" visible="true" version="1" changeset="27683350" timestamp="2014-12-25T04:55:09Z" user="EC95" uid="2410326" lat="18.1521252" lon="74.5826338"/>
 <node id="3251590722" visible="true" version="1" changeset="27683350" timestamp="2014-12-25T04:55:09Z" user="EC95" uid="2410326" lat="18.1447232" lon="74.5723253"/>
 <node id="3251590723" visible="true" version="1" changeset="27683350" timestamp="2014-12-25T04:55:09Z" user="EC95" uid="2410326" lat="18.1474352" lon="74.5822031"/>
 <node id="3251590724" visible="true" version="1" changeset="27683350" timestamp="2014-12-25T04:55:09Z" user="EC95" uid="2410326" lat="18.1501216" lon="74.5773571"/>
 <node id="3251590727" visible="true" version="1" changeset="27683350" timestamp="2014-12-25T04:55:09Z" user="EC95" uid="2410326" lat="18.1490256" lon="74.5851945"/>
 <node id="3251590729" visible="true" version="1" changeset="27683350" timestamp="2014-12-25T04:55:09Z" user="EC95" uid="2410326" lat="18.1466376" lon="74.5730896"/>
 <node id="3251590730" visible="true" version="1" changeset="27683350" timestamp="2014-12-25T04:55:09Z" user="EC95" uid="2410326" lat="18.1461302" lon="74.5723414"/>
 <node id="3251590731" visible="true" version="1" changeset="27683350" timestamp="2014-12-25T04:55:09Z" user="EC95" uid="2410326" lat="18.1502256" lon="74.5877105"/>
 <node id="3251590732" visible="true" version="1" changeset="27683350" timestamp="2014-12-25T04:55:09Z" user="EC95" uid="2410326" lat="18.1532481" lon="74.5901513"/>
 <node id="3251590733" visible="true" version="1" changeset="27683350" timestamp="2014-12-25T04:55:09Z" user="EC95" uid="2410326" lat="18.1483446" lon="74.5867395"/>
 <node id="3251590734" visible="true" version="1" changeset="27683350" timestamp="2014-12-25T04:55:09Z" user="EC95" uid="2410326" lat="18.1502450" lon="74.5833417"/>
 <node id="3251590735" visible="true" version="1" changeset="27683350" timestamp="2014-12-25T04:55:09Z" user="EC95" uid="2410326" lat="18.1493009" lon="74.5777434"/>
 <node id="3251590736" visible="true" version="1" changeset="27683350" timestamp="2014-12-25T04:55:09Z" user="EC95" uid="2410326" lat="18.1446213" lon="74.5726418"/>
 <node id="3251590737" visible="true" version="1" changeset="27683350" timestamp="2014-12-25T04:55:09Z" user="EC95" uid="2410326" lat="18.1500043" lon="74.5737308"/>
 <node id="3251590738" visible="true" version="1" changeset="27683350" timestamp="2014-12-25T04:55:09Z" user="EC95" uid="2410326" lat="18.1507880" lon="74.5733464"/>
 <node id="3251590739" visible="true" version="2" changeset="134273747" timestamp="2023-03-29T18:04:17Z" user="PlaneMad" uid="1306" lat="18.1471306" lon="74.5821760"/>
 <node id="3251590740" visible="true" version="1" changeset="27683350" timestamp="2014-12-25T04:55:09Z" user="EC95" uid="2410326" lat="18.1496016" lon="74.5835584"/>
 <node id="3251590741" visible="true" version="1" changeset="27683350" timestamp="2014-12-25T04:55:09Z" user="EC95" uid="2410326" lat="18.1480779" lon="74.5830448"/>
 <node id="3251590743" visible="true" version="1" changeset="27683350" timestamp="2014-12-25T04:55:09Z" user="EC95" uid="2410326" lat="18.1501023" lon="74.5827513"/>
 <node id="3251590746" visible="true" version="1" changeset="27683350" timestamp="2014-12-25T04:55:09Z" user="EC95" uid="2410326" lat="18.1505192" lon="74.5855808"/>
 <node id="3251590747" visible="true" version="1" changeset="27683350" timestamp="2014-12-25T04:55:09Z" user="EC95" uid="2410326" lat="18.1521817" lon="74.5882501"/>
 <node id="3251590748" visible="true" version="1" changeset="27683350" timestamp="2014-12-25T04:55:09Z" user="EC95" uid="2410326" lat="18.1475167" lon="74.5769763"/>
 <node id="3251590749" visible="true" version="1" changeset="27683350" timestamp="2014-12-25T04:55:09Z" user="EC95" uid="2410326" lat="18.1445927" lon="74.5777595"/>
 <node id="3251590750" visible="true" version="1" changeset="27683350" timestamp="2014-12-25T04:55:09Z" user="EC95" uid="2410326" lat="18.1488895" lon="74.5778539"/>
 <node id="3251590751" visible="true" version="1" changeset="27683350" timestamp="2014-12-25T04:55:09Z" user="EC95" uid="2410326" lat="18.1483374" lon="74.5699972"/>
 <node id="3251590754" visible="true" version="1" changeset="27683350" timestamp="2014-12-25T04:55:10Z" user="EC95" uid="2410326" lat="18.1514418" lon="74.5707374"/>
 <node id="3251590756" visible="true" version="1" changeset="27683350" timestamp="2014-12-25T04:55:10Z" user="EC95" uid="2410326" lat="18.1482355" lon="74.5799696"/>
 <node id="3251590757" visible="true" version="1" changeset="27683350" timestamp="2014-12-25T04:55:10Z" user="EC95" uid="2410326" lat="18.1525635" lon="74.5902049"/>
 <node id="3251590761" visible="true" version="1" changeset="27683350" timestamp="2014-12-25T04:55:10Z" user="EC95" uid="2410326" lat="18.1517783" lon="74.5699221"/>
 <node id="3251590763" visible="true" version="1" changeset="27683350" timestamp="2014-12-25T04:55:10Z" user="EC95" uid="2410326" lat="18.1495353" lon="74.5829675"/>
 <node id="3251590764" visible="true" version="1" changeset="27683350" timestamp="2014-12-25T04:55:10Z" user="EC95" uid="2410326" lat="18.1504325" lon="74.5701152"/>
 <node id="3251590765" visible="true" version="1" changeset="27683350" timestamp="2014-12-25T04:55:10Z" user="EC95" uid="2410326" lat="18.1490874" lon="74.5763842"/>
 <node id="3251590766" visible="true" version="1" changeset="27683350" timestamp="2014-12-25T04:55:10Z" user="EC95" uid="2410326" lat="18.1529362" lon="74.5705131"/>
 <node id="3251590768" visible="true" version="1" changeset="27683350" timestamp="2014-12-25T04:55:10Z" user="EC95" uid="2410326" lat="18.1475818" lon="74.5740626"/>
 <node id="3251590771" visible="true" version="1" changeset="27683350" timestamp="2014-12-25T04:55:10Z" user="EC95" uid="2410326" lat="18.1482046" lon="74.5742208"/>
 <node id="3251590772" visible="true" version="1" changeset="27683350" timestamp="2014-12-25T04:55:10Z" user="EC95" uid="2410326" lat="18.1516740" lon="74.5848866"/>
 <node id="3251590773" visible="true" version="1" changeset="27683350" timestamp="2014-12-25T04:55:10Z" user="EC95" uid="2410326" lat="18.1454886" lon="74.5881558"/>
 <node id="3251590775" visible="true" version="1" changeset="27683350" timestamp="2014-12-25T04:55:10Z" user="EC95" uid="2410326" lat="18.1513434" lon="74.5719188"/>
 <node id="3251590777" visible="true" version="1" changeset="27683350" timestamp="2014-12-25T04:55:10Z" user="EC95" uid="2410326" lat="18.1460690" lon="74.5716440"/>
 <node id="3251590778" visible="true" version="1" changeset="27683350" timestamp="2014-12-25T04:55:10Z" user="EC95" uid="2410326" lat="18.1484139" lon="74.5797550"/>
 <node id="3251590779" visible="true" version="1" changeset="27683350" timestamp="2014-12-25T04:55:10Z" user="EC95" uid="2410326" lat="18.1414169" lon="74.5821476"/>
 <node id="3251590780" visible="true" version="1" changeset="27683350" timestamp="2014-12-25T04:55:10Z" user="EC95" uid="2410326" lat="18.1481079" lon="74.5859282"/>
 <node id="3251590781" visible="true" version="1" changeset="27683350" timestamp="2014-12-25T04:55:10Z" user="EC95" uid="2410326" lat="18.1509881" lon="74.5739132"/>
 <node id="3251590782" visible="true" version="1" changeset="27683350" timestamp="2014-12-25T04:55:10Z" user="EC95" uid="2410326" lat="18.1509881" lon="74.5697558"/>
 <node id="3251590783" visible="true" version="1" changeset="27683350" timestamp="2014-12-25T04:55:10Z" user="EC95" uid="2410326" lat="18.1530220" lon="74.5736986"/>
 <node id="3251590784" visible="true" version="1" changeset="27683350" timestamp="2014-12-25T04:55:10Z" user="EC95" uid="2410326" lat="18.1466705" lon="74.5779419"/>
 <node id="3251590785" visible="true" version="1" changeset="27683350" timestamp="2014-12-25T04:55:10Z" user="EC95" uid="2410326" lat="18.1514775" lon="74.5817989"/>
 <node id="3251590787" visible="true" version="1" changeset="27683350" timestamp="2014-12-25T04:55:10Z" user="EC95" uid="2410326" lat="18.1472262" lon="74.5806241"/>
 <node id="3251590788" visible="true" version="1" changeset="27683350" timestamp="2014-12-25T04:55:10Z" user="EC95" uid="2410326" lat="18.1524359" lon="74.5711503"/>
 <node id="3251590789" visible="true" version="1" changeset="27683350" timestamp="2014-12-25T04:55:10Z" user="EC95" uid="2410326" lat="18.1487605" lon="74.5736342"/>
 <node id="3251590790" visible="true" version="1" changeset="27683350" timestamp="2014-12-25T04:55:10Z" user="EC95" uid="2410326" lat="18.1499636" lon="74.5729798"/>
 <node id="3251590792" visible="true" version="1" changeset="27683350" timestamp="2014-12-25T04:55:10Z" user="EC95" uid="2410326" lat="18.1477257" lon="74.5732373"/>
 <node id="3251590794" visible="true" version="1" changeset="27683350" timestamp="2014-12-25T04:55:10Z" user="EC95" uid="2410326" lat="18.1504937" lon="74.5697879"/>
 <node id="3251590795" visible="true" version="1" changeset="27683350" timestamp="2014-12-25T04:55:10Z" user="EC95" uid="2410326" lat="18.1443307" lon="74.5744764"/>
 <node id="3251590796" visible="true" version="1" changeset="27683350" timestamp="2014-12-25T04:55:10Z" user="EC95" uid="2410326" lat="18.1500027" lon="74.5801048"/>
 <node id="3251590798" visible="true" version="1" changeset="27683350" timestamp="2014-12-25T04:55:10Z" user="EC95" uid="2410326" lat="18.1471344" lon="74.5819437"/>
 <node id="3251590799" visible="true" version="1" changeset="27683350" timestamp="2014-12-25T04:55:10Z" user="EC95" uid="2410326" lat="18.1497275" lon="74.5782967"/>
 <node id="3251590800" visible="true" version="1" changeset="27683350" timestamp="2014-12-25T04:55:10Z" user="EC95" uid="2410326" lat="18.1505687" lon="74.5861076"/>
 <node id="3251590801" visible="true" version="1" changeset="27683350" timestamp="2014-12-25T04:55:10Z" user="EC95" uid="2410326" lat="18.1490189" lon="74.5741692"/>
 <node id="3251590802" visible="true" version="1" changeset="27683350" timestamp="2014-12-25T04:55:10Z" user="EC95" uid="2410326" lat="18.1497953" lon="74.5787197"/>
 <node id="3251590803" visible="true" version="1" changeset="27683350" timestamp="2014-12-25T04:55:10Z" user="EC95" uid="2410326" lat="18.1521504" lon="74.5695144"/>
 <node id="3251590805" visible="true" version="3" changeset="58842815" timestamp="2018-05-10T08:54:01Z" user="mottiger" uid="7504544" lat="18.1500604" lon="74.5714562"/>
 <node id="3251590806" visible="true" version="1" changeset="27683350" timestamp="2014-12-25T04:55:10Z" user="EC95" uid="2410326" lat="18.1452432" lon="74.5866108"/>
 <node id="3251590807" visible="true" version="1" changeset="27683350" timestamp="2014-12-25T04:55:10Z" user="EC95" uid="2410326" lat="18.1449190" lon="74.5884776"/>
 <node id="3251590808" visible="true" version="1" changeset="27683350" timestamp="2014-12-25T04:55:10Z" user="EC95" uid="2410326" lat="18.1453464" lon="74.5836050"/>
 <node id="3251590810" visible="true" version="1" changeset="27683350" timestamp="2014-12-25T04:55:11Z" user="EC95" uid="2410326" lat="18.1525276" lon="74.5699757"/>
 <node id="3251590811" visible="true" version="1" changeset="27683350" timestamp="2014-12-25T04:55:11Z" user="EC95" uid="2410326" lat="18.1489334" lon="74.5847310"/>
 <node id="3251590812" visible="true" version="1" changeset="27683350" timestamp="2014-12-25T04:55:11Z" user="EC95" uid="2410326" lat="18.1488065" lon="74.5840471"/>
 <node id="3251590813" visible="true" version="1" changeset="27683350" timestamp="2014-12-25T04:55:11Z" user="EC95" uid="2410326" lat="18.1505753" lon="74.5785695"/>
 <node id="3251590815" visible="true" version="1" changeset="27683350" timestamp="2014-12-25T04:55:11Z" user="EC95" uid="2410326" lat="18.1519516" lon="74.5862996"/>
 <node id="3251590816" visible="true" version="1" changeset="27683350" timestamp="2014-12-25T04:55:11Z" user="EC95" uid="2410326" lat="18.1510136" lon="74.5705068"/>
 <node id="3251590817" visible="true" version="2" changeset="142090833" timestamp="2023-10-03T09:20:45Z" user="alivapanda" uid="19505674" lat="18.1447238" lon="74.5890130"/>
 <node id="3251590818" visible="true" version="1" changeset="27683350" timestamp="2014-12-25T04:55:11Z" user="EC95" uid="2410326" lat="18.1522727" lon="74.5702815"/>
 <node id="3251590819" visible="true" version="1" changeset="27683350" timestamp="2014-12-25T04:55:11Z" user="EC95" uid="2410326" lat="18.1525938" lon="74.5723897"/>
 <node id="3251590820" visible="true" version="1" changeset="27683350" timestamp="2014-12-25T04:55:11Z" user="EC95" uid="2410326" lat="18.1451954" lon="74.5772126"/>
 <node id="3251590821" visible="true" version="1" changeset="27683350" timestamp="2014-12-25T04:55:11Z" user="EC95" uid="2410326" lat="18.1499483" lon="74.5736611"/>
 <node id="3251590822" visible="true" version="1" changeset="27683350" timestamp="2014-12-25T04:55:11Z" user="EC95" uid="2410326" lat="18.1514061" lon="74.5746696"/>
 <node id="3251590824" visible="true" version="1" changeset="27683350" timestamp="2014-12-25T04:55:11Z" user="EC95" uid="2410326" lat="18.1502235" lon="74.5776414"/>
 <node id="3251590825" visible="true" version="1" changeset="27683350" timestamp="2014-12-25T04:55:11Z" user="EC95" uid="2410326" lat="18.1519027" lon="74.5856516"/>
 <node id="3251590826" visible="true" version="1" changeset="27683350" timestamp="2014-12-25T04:55:11Z" user="EC95" uid="2410326" lat="18.1484253" lon="74.5729590"/>
 <node id="3251590827" visible="true" version="1" changeset="27683350" timestamp="2014-12-25T04:55:11Z" user="EC95" uid="2410326" lat="18.1520280" lon="74.5847654"/>
 <node id="3251590828" visible="true" version="1" changeset="27683350" timestamp="2014-12-25T04:55:11Z" user="EC95" uid="2410326" lat="18.1391091" lon="74.5761344"/>
 <node id="3251590829" visible="true" version="2" changeset="27696095" timestamp="2014-12-25T20:43:06Z" user="EC95" uid="2410326" lat="18.1544338" lon="74.5693955"/>
 <node id="3251590830" visible="true" version="1" changeset="27683350" timestamp="2014-12-25T04:55:11Z" user="EC95" uid="2410326" lat="18.1487537" lon="74.5822338"/>
 <node id="3251590831" visible="true" version="1" changeset="27683350" timestamp="2014-12-25T04:55:11Z" user="EC95" uid="2410326" lat="18.1509576" lon="74.5699864"/>
 <node id="3251590832" visible="true" version="1" changeset="27683350" timestamp="2014-12-25T04:55:11Z" user="EC95" uid="2410326" lat="18.1486437" lon="74.5815268"/>
 <node id="3251590833" visible="true" version="1" changeset="27683350" timestamp="2014-12-25T04:55:11Z" user="EC95" uid="2410326" lat="18.1496373" lon="74.5722288"/>
 <node id="3251590834" visible="true" version="1" changeset="27683350" timestamp="2014-12-25T04:55:11Z" user="EC95" uid="2410326" lat="18.1458753" lon="74.5716816"/>
 <node id="3251590835" visible="true" version="1" changeset="27683350" timestamp="2014-12-25T04:55:11Z" user="EC95" uid="2410326" lat="18.1514278" lon="74.5704751"/>
 <node id="3251590836" visible="true" version="1" changeset="27683350" timestamp="2014-12-25T04:55:11Z" user="EC95" uid="2410326" lat="18.1451056" lon="74.5713812"/>
 <node id="3251590837" visible="true" version="1" changeset="27683350" timestamp="2014-12-25T04:55:11Z" user="EC95" uid="2410326" lat="18.1497444" lon="74.5733392"/>
 <node id="3251590838" visible="true" version="1" changeset="27683350" timestamp="2014-12-25T04:55:11Z" user="EC95" uid="2410326" lat="18.1528487" lon="74.5723897"/>
 <node id="3251590840" visible="true" version="1" changeset="27683350" timestamp="2014-12-25T04:55:11Z" user="EC95" uid="2410326" lat="18.1419988" lon="74.5743295"/>
 <node id="3251590841" visible="true" version="1" changeset="27683350" timestamp="2014-12-25T04:55:11Z" user="EC95" uid="2410326" lat="18.1501740" lon="74.5775034"/>
 <node id="3251590844" visible="true" version="1" changeset="27683350" timestamp="2014-12-25T04:55:11Z" user="EC95" uid="2410326" lat="18.1486280" lon="74.5814126"/>
 <node id="3251590845" visible="true" version="1" changeset="27683350" timestamp="2014-12-25T04:55:11Z" user="EC95" uid="2410326" lat="18.1527621" lon="74.5732373"/>
 <node id="3251590846" visible="true" version="1" changeset="27683350" timestamp="2014-12-25T04:55:11Z" user="EC95" uid="2410326" lat="18.1481137" lon="74.5789240"/>
 <node id="3251590848" visible="true" version="1" changeset="27683350" timestamp="2014-12-25T04:55:11Z" user="EC95" uid="2410326" lat="18.1507022" lon="74.5860620"/>
 <node id="3251590849" visible="true" version="1" changeset="27683350" timestamp="2014-12-25T04:55:11Z" user="EC95" uid="2410326" lat="18.1454720" lon="74.5824640"/>
 <node id="3251590850" visible="true" version="1" changeset="27683350" timestamp="2014-12-25T04:55:11Z" user="EC95" uid="2410326" lat="18.1521045" lon="74.5703888"/>
 <node id="3251590851" visible="true" version="1" changeset="27683350" timestamp="2014-12-25T04:55:11Z" user="EC95" uid="2410326" lat="18.1516457" lon="74.5736557"/>
 <node id="3251590853" visible="true" version="1" changeset="27683350" timestamp="2014-12-25T04:55:11Z" user="EC95" uid="2410326" lat="18.1508454" lon="74.5706302"/>
 <node id="3251590854" visible="true" version="1" changeset="27683350" timestamp="2014-12-25T04:55:11Z" user="EC95" uid="2410326" lat="18.1477138" lon="74.5734837"/>
 <node id="3251590855" visible="true" version="1" changeset="27683350" timestamp="2014-12-25T04:55:11Z" user="EC95" uid="2410326" lat="18.1504223" lon="74.5703673"/>
 <node id="3251590856" visible="true" version="1" changeset="27683350" timestamp="2014-12-25T04:55:11Z" user="EC95" uid="2410326" lat="18.1513807" lon="74.5698738"/>
 <node id="3251590857" visible="true" version="1" changeset="27683350" timestamp="2014-12-25T04:55:11Z" user="EC95" uid="2410326" lat="18.1453676" lon="74.5890784"/>
 <node id="3251590858" visible="true" version="1" changeset="27683350" timestamp="2014-12-25T04:55:11Z" user="EC95" uid="2410326" lat="18.1532310" lon="74.5700937"/>
 <node id="3251590859" visible="true" version="1" changeset="27683350" timestamp="2014-12-25T04:55:11Z" user="EC95" uid="2410326" lat="18.1480856" lon="74.5826247"/>
 <node id="3251590860" visible="true" version="1" changeset="27683350" timestamp="2014-12-25T04:55:11Z" user="EC95" uid="2410326" lat="18.1490205" lon="74.5739936"/>
 <node id="3251590861" visible="true" version="1" changeset="27683350" timestamp="2014-12-25T04:55:11Z" user="EC95" uid="2410326" lat="18.1521453" lon="74.5703029"/>
 <node id="3251590862" visible="true" version="1" changeset="27683350" timestamp="2014-12-25T04:55:11Z" user="EC95" uid="2410326" lat="18.1482075" lon="74.5797493"/>
 <node id="3251590863" visible="true" version="1" changeset="27683350" timestamp="2014-12-25T04:55:11Z" user="EC95" uid="2410326" lat="18.1454700" lon="74.5717535"/>
 <node id="3251590865" visible="true" version="1" changeset="27683350" timestamp="2014-12-25T04:55:11Z" user="EC95" uid="2410326" lat="18.1481645" lon="74.5803550"/>
 <node id="3251590867" visible="true" version="1" changeset="27683350" timestamp="2014-12-25T04:55:11Z" user="EC95" uid="2410326" lat="18.1488784" lon="74.5777871"/>
 <node id="3251590868" visible="true" version="1" changeset="27683350" timestamp="2014-12-25T04:55:11Z" user="EC95" uid="2410326" lat="18.1468183" lon="74.5779296"/>
 <node id="3251590870" visible="true" version="1" changeset="27683350" timestamp="2014-12-25T04:55:11Z" user="EC95" uid="2410326" lat="18.1531699" lon="74.5700991"/>
 <node id="3251590871" visible="true" version="1" changeset="27683350" timestamp="2014-12-25T04:55:12Z" user="EC95" uid="2410326" lat="18.1503561" lon="74.5695197"/>
 <node id="3251590872" visible="true" version="1" changeset="27683350" timestamp="2014-12-25T04:55:12Z" user="EC95" uid="2410326" lat="18.1514418" lon="74.5739211"/>
 <node id="3251590873" visible="true" version="1" changeset="27683350" timestamp="2014-12-25T04:55:12Z" user="EC95" uid="2410326" lat="18.1521198" lon="74.5706355"/>
 <node id="3251590874" visible="true" version="1" changeset="27683350" timestamp="2014-12-25T04:55:12Z" user="EC95" uid="2410326" lat="18.1511411" lon="74.5856934"/>
 <node id="3251590876" visible="true" version="1" changeset="27683350" timestamp="2014-12-25T04:55:12Z" user="EC95" uid="2410326" lat="18.1509678" lon="74.5733982"/>
 <node id="3251590877" visible="true" version="1" changeset="27683350" timestamp="2014-12-25T04:55:12Z" user="EC95" uid="2410326" lat="18.1457484" lon="74.5849798"/>
 <node id="3251590878" visible="true" version="1" changeset="27683350" timestamp="2014-12-25T04:55:12Z" user="EC95" uid="2410326" lat="18.1488778" lon="74.5792132"/>
 <node id="3251590879" visible="true" version="1" changeset="27683350" timestamp="2014-12-25T04:55:12Z" user="EC95" uid="2410326" lat="18.1513042" lon="74.5735001"/>
 <node id="3251590880" visible="true" version="1" changeset="27683350" timestamp="2014-12-25T04:55:12Z" user="EC95" uid="2410326" lat="18.1487249" lon="74.5691335"/>
 <node id="3251590881" visible="true" version="1" changeset="27683350" timestamp="2014-12-25T04:55:12Z" user="EC95" uid="2410326" lat="18.1488778" lon="74.5733714"/>
 <node id="3251590884" visible="true" version="1" changeset="27683350" timestamp="2014-12-25T04:55:12Z" user="EC95" uid="2410326" lat="18.1485260" lon="74.5736450"/>
 <node id="3251590885" visible="true" version="1" changeset="27683350" timestamp="2014-12-25T04:55:12Z" user="EC95" uid="2410326" lat="18.1471201" lon="74.5779047"/>
 <node id="3251590886" visible="true" version="1" changeset="27683350" timestamp="2014-12-25T04:55:12Z" user="EC95" uid="2410326" lat="18.1513959" lon="74.5721858"/>
 <node id="3251590887" visible="true" version="1" changeset="27683350" timestamp="2014-12-25T04:55:12Z" user="EC95" uid="2410326" lat="18.1502796" lon="74.5817345"/>
 <node id="3251590888" visible="true" version="1" changeset="27683350" timestamp="2014-12-25T04:55:12Z" user="EC95" uid="2410326" lat="18.1474505" lon="74.5768261"/>
 <node id="3251590889" visible="true" version="1" changeset="27683350" timestamp="2014-12-25T04:55:12Z" user="EC95" uid="2410326" lat="18.1480979" lon="74.5814341"/>
 <node id="3251590890" visible="true" version="1" changeset="27683350" timestamp="2014-12-25T04:55:12Z" user="EC95" uid="2410326" lat="18.1480775" lon="74.5808923"/>
 <node id="3251590891" visible="true" version="1" changeset="27683350" timestamp="2014-12-25T04:55:12Z" user="EC95" uid="2410326" lat="18.1451769" lon="74.5744979"/>
 <node id="3251590892" visible="true" version="1" changeset="27683350" timestamp="2014-12-25T04:55:12Z" user="EC95" uid="2410326" lat="18.1501675" lon="74.5689565"/>
 <node id="3251590893" visible="true" version="1" changeset="27683350" timestamp="2014-12-25T04:55:12Z" user="EC95" uid="2410326" lat="18.1498567" lon="74.5813761"/>
 <node id="3251590894" visible="true" version="1" changeset="27683350" timestamp="2014-12-25T04:55:12Z" user="EC95" uid="2410326" lat="18.1443205" lon="74.5714295"/>
 <node id="3251590897" visible="true" version="1" changeset="27683350" timestamp="2014-12-25T04:55:12Z" user="EC95" uid="2410326" lat="18.1485218" lon="74.5788929"/>
 <node id="3251590898" visible="true" version="1" changeset="27683350" timestamp="2014-12-25T04:55:12Z" user="EC95" uid="2410326" lat="18.1515387" lon="74.5742887"/>
 <node id="3251590900" visible="true" version="2" changeset="142095651" timestamp="2023-10-03T11:22:54Z" user="jyotikatke" uid="19620700" lat="18.1495948" lon="74.5700025"/>
 <node id="3251590901" visible="true" version="1" changeset="27683350" timestamp="2014-12-25T04:55:12Z" user="EC95" uid="2410326" lat="18.1490817" lon="74.5711130"/>
 <node id="3251590903" visible="true" version="1" changeset="27683350" timestamp="2014-12-25T04:55:12Z" user="EC95" uid="2410326" lat="18.1533969" lon="74.5723327"/>
 <node id="3251590904" visible="true" version="1" changeset="27683350" timestamp="2014-12-25T04:55:12Z" user="EC95" uid="2410326" lat="18.1477500" lon="74.5814072"/>
 <node id="3251590905" visible="true" version="1" changeset="27683350" timestamp="2014-12-25T04:55:12Z" user="EC95" uid="2410326" lat="18.1512430" lon="74.5694822"/>
 <node id="3251590907" visible="true" version="1" changeset="27683350" timestamp="2014-12-25T04:55:12Z" user="EC95" uid="2410326" lat="18.1513102" lon="74.5720217"/>
 <node id="3251590909" visible="true" version="1" changeset="27683350" timestamp="2014-12-25T04:55:12Z" user="EC95" uid="2410326" lat="18.1484904" lon="74.5706302"/>
 <node id="3251590910" visible="true" version="1" changeset="27683350" timestamp="2014-12-25T04:55:12Z" user="EC95" uid="2410326" lat="18.1494997" lon="74.5788592"/>
 <node id="3251590911" visible="true" version="1" changeset="27683350" timestamp="2014-12-25T04:55:12Z" user="EC95" uid="2410326" lat="18.1505792" lon="74.5738322"/>
 <node id="3251590912" visible="true" version="1" changeset="27683350" timestamp="2014-12-25T04:55:12Z" user="EC95" uid="2410326" lat="18.1470883" lon="74.5830933"/>
 <node id="3251590914" visible="true" version="1" changeset="27683350" timestamp="2014-12-25T04:55:12Z" user="EC95" uid="2410326" lat="18.1474046" lon="74.5826250"/>
 <node id="3251590915" visible="true" version="1" changeset="27683350" timestamp="2014-12-25T04:55:12Z" user="EC95" uid="2410326" lat="18.1524358" lon="74.5709520"/>
 <node id="3251590917" visible="true" version="1" changeset="27683350" timestamp="2014-12-25T04:55:12Z" user="EC95" uid="2410326" lat="18.1452605" lon="74.5860153"/>
 <node id="3251590918" visible="true" version="1" changeset="27683350" timestamp="2014-12-25T04:55:12Z" user="EC95" uid="2410326" lat="18.1461526" lon="74.5844006"/>
 <node id="3251590919" visible="true" version="1" changeset="27683350" timestamp="2014-12-25T04:55:12Z" user="EC95" uid="2410326" lat="18.1521147" lon="74.5705014"/>
 <node id="3251590920" visible="true" version="1" changeset="27683350" timestamp="2014-12-25T04:55:12Z" user="EC95" uid="2410326" lat="18.1531648" lon="74.5858168"/>
 <node id="3251590923" visible="true" version="1" changeset="27683350" timestamp="2014-12-25T04:55:12Z" user="EC95" uid="2410326" lat="18.1440393" lon="74.5722275"/>
 <node id="3251590925" visible="true" version="1" changeset="27683350" timestamp="2014-12-25T04:55:12Z" user="EC95" uid="2410326" lat="18.1471846" lon="74.5800971"/>
 <node id="3251590927" visible="true" version="1" changeset="27683350" timestamp="2014-12-25T04:55:12Z" user="EC95" uid="2410326" lat="18.1443001" lon="74.5748359"/>
 <node id="3251590930" visible="true" version="1" changeset="27683350" timestamp="2014-12-25T04:55:12Z" user="EC95" uid="2410326" lat="18.1427997" lon="74.5740620"/>
 <node id="3251590931" visible="true" version="1" changeset="27683350" timestamp="2014-12-25T04:55:12Z" user="EC95" uid="2410326" lat="18.1515209" lon="74.5857821"/>
 <node id="3251590932" visible="true" version="1" changeset="27683350" timestamp="2014-12-25T04:55:13Z" user="EC95" uid="2410326" lat="18.1505288" lon="74.5832348"/>
 <node id="3251590933" visible="true" version="1" changeset="27683350" timestamp="2014-12-25T04:55:13Z" user="EC95" uid="2410326" lat="18.1532208" lon="74.5860958"/>
 <node id="3251590934" visible="true" version="1" changeset="27683350" timestamp="2014-12-25T04:55:13Z" user="EC95" uid="2410326" lat="18.1494175" lon="74.5791670"/>
 <node id="3251590935" visible="true" version="1" changeset="27683350" timestamp="2014-12-25T04:55:13Z" user="EC95" uid="2410326" lat="18.1447375" lon="74.5721295"/>
 <node id="3251590936" visible="true" version="1" changeset="27683350" timestamp="2014-12-25T04:55:13Z" user="EC95" uid="2410326" lat="18.1519974" lon="74.5705765"/>
 <node id="3251590937" visible="true" version="1" changeset="27683350" timestamp="2014-12-25T04:55:13Z" user="EC95" uid="2410326" lat="18.1506619" lon="74.5699542"/>
 <node id="3251590939" visible="true" version="1" changeset="27683350" timestamp="2014-12-25T04:55:13Z" user="EC95" uid="2410326" lat="18.1520892" lon="74.5845079"/>
 <node id="3251590940" visible="true" version="1" changeset="27683350" timestamp="2014-12-25T04:55:13Z" user="EC95" uid="2410326" lat="18.1511511" lon="74.5743617"/>
 <node id="3251590941" visible="true" version="1" changeset="27683350" timestamp="2014-12-25T04:55:13Z" user="EC95" uid="2410326" lat="18.1501797" lon="74.5862406"/>
 <node id="3251590942" visible="true" version="1" changeset="27683350" timestamp="2014-12-25T04:55:13Z" user="EC95" uid="2410326" lat="18.1499279" lon="74.5735108"/>
 <node id="3251590944" visible="true" version="1" changeset="27683350" timestamp="2014-12-25T04:55:13Z" user="EC95" uid="2410326" lat="18.1501578" lon="74.5786445"/>
 <node id="3251590946" visible="true" version="1" changeset="27683350" timestamp="2014-12-25T04:55:13Z" user="EC95" uid="2410326" lat="18.1498718" lon="74.5723629"/>
 <node id="3251590947" visible="true" version="1" changeset="27683350" timestamp="2014-12-25T04:55:13Z" user="EC95" uid="2410326" lat="18.1511869" lon="74.5686185"/>
 <node id="3251590948" visible="true" version="1" changeset="27683350" timestamp="2014-12-25T04:55:13Z" user="EC95" uid="2410326" lat="18.1504529" lon="74.5696699"/>
 <node id="3251590949" visible="true" version="1" changeset="27683350" timestamp="2014-12-25T04:55:13Z" user="EC95" uid="2410326" lat="18.1441590" lon="74.5778443"/>
 <node id="3251590952" visible="true" version="1" changeset="27683350" timestamp="2014-12-25T04:55:13Z" user="EC95" uid="2410326" lat="18.1476646" lon="74.5847600"/>
 <node id="3251590956" visible="true" version="1" changeset="27683350" timestamp="2014-12-25T04:55:13Z" user="EC95" uid="2410326" lat="18.1487449" lon="74.5830243"/>
 <node id="3251590957" visible="true" version="1" changeset="27683350" timestamp="2014-12-25T04:55:13Z" user="EC95" uid="2410326" lat="18.1492695" lon="74.5808334"/>
 <node id="3251590958" visible="true" version="1" changeset="27683350" timestamp="2014-12-25T04:55:13Z" user="EC95" uid="2410326" lat="18.1480061" lon="74.5735216"/>
 <node id="3251591061" visible="true" version="1" changeset="27683350" timestamp="2014-12-25T04:55:13Z" user="EC95" uid="2410326" lat="18.1481488" lon="74.5859295"/>
 <node id="3251591062" visible="true" version="1" changeset="27683350" timestamp="2014-12-25T04:55:13Z" user="EC95" uid="2410326" lat="18.1486331" lon="74.5706623"/>
 <node id="3251591063" visible="true" version="1" changeset="27683350" timestamp="2014-12-25T04:55:13Z" user="EC95" uid="2410326" lat="18.1515532" lon="74.5821294"/>
 <node id="3251591064" visible="true" version="1" changeset="27683350" timestamp="2014-12-25T04:55:13Z" user="EC95" uid="2410326" lat="18.1500451" lon="74.5791810"/>
 <node id="3251591065" visible="true" version="1" changeset="27683350" timestamp="2014-12-25T04:55:13Z" user="EC95" uid="2410326" lat="18.1461710" lon="74.5724862"/>
 <node id="3251591066" visible="true" version="1" changeset="27683350" timestamp="2014-12-25T04:55:13Z" user="EC95" uid="2410326" lat="18.1508505" lon="74.5715743"/>
 <node id="3251591067" visible="true" version="1" changeset="27683350" timestamp="2014-12-25T04:55:13Z" user="EC95" uid="2410326" lat="18.1534797" lon="74.5873621"/>
 <node id="3251591068" visible="true" version="1" changeset="27683350" timestamp="2014-12-25T04:55:13Z" user="EC95" uid="2410326" lat="18.1491337" lon="74.5797543"/>
 <node id="3251591069" visible="true" version="1" changeset="27683350" timestamp="2014-12-25T04:55:13Z" user="EC95" uid="2410326" lat="18.1446672" lon="74.5724058"/>
 <node id="3251591070" visible="true" version="1" changeset="27683350" timestamp="2014-12-25T04:55:13Z" user="EC95" uid="2410326" lat="18.1498412" lon="74.5855540"/>
 <node id="3251591071" visible="true" version="1" changeset="27683350" timestamp="2014-12-25T04:55:13Z" user="EC95" uid="2410326" lat="18.1473944" lon="74.5735377"/>
 <node id="3251591072" visible="true" version="1" changeset="27683350" timestamp="2014-12-25T04:55:13Z" user="EC95" uid="2410326" lat="18.1458737" lon="74.5837072"/>
 <node id="3251591073" visible="true" version="1" changeset="27683350" timestamp="2014-12-25T04:55:13Z" user="EC95" uid="2410326" lat="18.1507282" lon="74.5875173"/>
 <node id="3251591074" visible="true" version="1" changeset="27683350" timestamp="2014-12-25T04:55:13Z" user="EC95" uid="2410326" lat="18.1452585" lon="74.5776048"/>
 <node id="3251591075" visible="true" version="1" changeset="27683350" timestamp="2014-12-25T04:55:13Z" user="EC95" uid="2410326" lat="18.1516539" lon="74.5822948"/>
 <node id="3251591077" visible="true" version="1" changeset="27683350" timestamp="2014-12-25T04:55:13Z" user="EC95" uid="2410326" lat="18.1462737" lon="74.5726771"/>
 <node id="3251591079" visible="true" version="1" changeset="27683350" timestamp="2014-12-25T04:55:13Z" user="EC95" uid="2410326" lat="18.1471161" lon="74.5858973"/>
 <node id="3251591080" visible="true" version="1" changeset="27683350" timestamp="2014-12-25T04:55:13Z" user="EC95" uid="2410326" lat="18.1514061" lon="74.5700723"/>
 <node id="3251591081" visible="true" version="1" changeset="27683350" timestamp="2014-12-25T04:55:13Z" user="EC95" uid="2410326" lat="18.1496781" lon="74.5753991"/>
 <node id="3251591082" visible="true" version="1" changeset="27683350" timestamp="2014-12-25T04:55:13Z" user="EC95" uid="2410326" lat="18.1445088" lon="74.5721616"/>
 <node id="3251591083" visible="true" version="1" changeset="27683350" timestamp="2014-12-25T04:55:13Z" user="EC95" uid="2410326" lat="18.1516916" lon="74.5870828"/>
 <node id="3251591086" visible="true" version="1" changeset="27683350" timestamp="2014-12-25T04:55:13Z" user="EC95" uid="2410326" lat="18.1455154" lon="74.5879519"/>
 <node id="3251591087" visible="true" version="1" changeset="27683350" timestamp="2014-12-25T04:55:13Z" user="EC95" uid="2410326" lat="18.1523836" lon="74.5858722"/>
 <node id="3251591088" visible="true" version="1" changeset="27683350" timestamp="2014-12-25T04:55:13Z" user="EC95" uid="2410326" lat="18.1537476" lon="74.5900440"/>
 <node id="3251591089" visible="true" version="1" changeset="27683350" timestamp="2014-12-25T04:55:13Z" user="EC95" uid="2410326" lat="18.1515795" lon="74.5720571"/>
 <node id="3251591090" visible="true" version="1" changeset="27683350" timestamp="2014-12-25T04:55:13Z" user="EC95" uid="2410326" lat="18.1480973" lon="74.5815145"/>
 <node id="3251591091" visible="true" version="1" changeset="27683350" timestamp="2014-12-25T04:55:14Z" user="EC95" uid="2410326" lat="18.1507588" lon="74.5851999"/>
 <node id="3251591092" visible="true" version="1" changeset="27683350" timestamp="2014-12-25T04:55:14Z" user="EC95" uid="2410326" lat="18.1468438" lon="74.5806187"/>
 <node id="3251591095" visible="true" version="1" changeset="27683350" timestamp="2014-12-25T04:55:14Z" user="EC95" uid="2410326" lat="18.1466397" lon="74.5806133"/>
 <node id="3251591096" visible="true" version="1" changeset="27683350" timestamp="2014-12-25T04:55:14Z" user="EC95" uid="2410326" lat="18.1524518" lon="74.5861678"/>
 <node id="3251591098" visible="true" version="1" changeset="27683350" timestamp="2014-12-25T04:55:14Z" user="EC95" uid="2410326" lat="18.1512226" lon="74.5815199"/>
 <node id="3251591100" visible="true" version="1" changeset="27683350" timestamp="2014-12-25T04:55:14Z" user="EC95" uid="2410326" lat="18.1512112" lon="74.5858880"/>
 <node id="3251591101" visible="true" version="1" changeset="27683350" timestamp="2014-12-25T04:55:14Z" user="EC95" uid="2410326" lat="18.1504125" lon="74.5695173"/>
 <node id="3251591102" visible="true" version="1" changeset="27683350" timestamp="2014-12-25T04:55:14Z" user="EC95" uid="2410326" lat="18.1506976" lon="74.5856398"/>
 <node id="3251591104" visible="true" version="1" changeset="27683350" timestamp="2014-12-25T04:55:14Z" user="EC95" uid="2410326" lat="18.1496577" lon="74.5840841"/>
 <node id="3251591105" visible="true" version="1" changeset="27683350" timestamp="2014-12-25T04:55:14Z" user="EC95" uid="2410326" lat="18.1511003" lon="74.5734733"/>
 <node id="3251591106" visible="true" version="1" changeset="27683350" timestamp="2014-12-25T04:55:14Z" user="EC95" uid="2410326" lat="18.1501216" lon="74.5723790"/>
 <node id="3251591107" visible="true" version="1" changeset="27683350" timestamp="2014-12-25T04:55:14Z" user="EC95" uid="2410326" lat="18.1511666" lon="74.5867341"/>
 <node id="3251591108" visible="true" version="1" changeset="27683350" timestamp="2014-12-25T04:55:14Z" user="EC95" uid="2410326" lat="18.1510595" lon="74.5719444"/>
 <node id="3251591111" visible="true" version="1" changeset="27683350" timestamp="2014-12-25T04:55:14Z" user="EC95" uid="2410326" lat="18.1514512" lon="74.5736406"/>
 <node id="3251591112" visible="true" version="1" changeset="27683350" timestamp="2014-12-25T04:55:14Z" user="EC95" uid="2410326" lat="18.1492244" lon="74.5773464"/>
 <node id="3251591114" visible="true" version="1" changeset="27683350" timestamp="2014-12-25T04:55:14Z" user="EC95" uid="2410326" lat="18.1484547" lon="74.5776790"/>
 <node id="3251591115" visible="true" version="1" changeset="27683350" timestamp="2014-12-25T04:55:14Z" user="EC95" uid="2410326" lat="18.1512940" lon="74.5696592"/>
 <node id="3251591116" visible="true" version="1" changeset="27683350" timestamp="2014-12-25T04:55:14Z" user="EC95" uid="2410326" lat="18.1508403" lon="74.5702707"/>
 <node id="3251591117" visible="true" version="1" changeset="27683350" timestamp="2014-12-25T04:55:14Z" user="EC95" uid="2410326" lat="18.1479171" lon="74.5777602"/>
 <node id="3251591118" visible="true" version="1" changeset="27683350" timestamp="2014-12-25T04:55:14Z" user="EC95" uid="2410326" lat="18.1455733" lon="74.5849314"/>
 <node id="3251591119" visible="true" version="1" changeset="27683350" timestamp="2014-12-25T04:55:14Z" user="EC95" uid="2410326" lat="18.1469835" lon="74.5751762"/>
 <node id="3251591121" visible="true" version="1" changeset="27683350" timestamp="2014-12-25T04:55:14Z" user="EC95" uid="2410326" lat="18.1503329" lon="74.5838960"/>
 <node id="3251591122" visible="true" version="1" changeset="27683350" timestamp="2014-12-25T04:55:14Z" user="EC95" uid="2410326" lat="18.1502031" lon="74.5695352"/>
 <node id="3251591123" visible="true" version="1" changeset="27683350" timestamp="2014-12-25T04:55:14Z" user="EC95" uid="2410326" lat="18.1499686" lon="74.5820886"/>
 <node id="3251591124" visible="true" version="1" changeset="27683350" timestamp="2014-12-25T04:55:14Z" user="EC95" uid="2410326" lat="18.1509881" lon="74.5699006"/>
 <node id="3251591125" visible="true" version="1" changeset="27683350" timestamp="2014-12-25T04:55:14Z" user="EC95" uid="2410326" lat="18.1499381" lon="74.5852267"/>
 <node id="3251591126" visible="true" version="1" changeset="27683350" timestamp="2014-12-25T04:55:14Z" user="EC95" uid="2410326" lat="18.1473887" lon="74.5830757"/>
 <node id="3251591128" visible="true" version="1" changeset="27683350" timestamp="2014-12-25T04:55:14Z" user="EC95" uid="2410326" lat="18.1473816" lon="74.5854931"/>
 <node id="3251591129" visible="true" version="1" changeset="27683350" timestamp="2014-12-25T04:55:14Z" user="EC95" uid="2410326" lat="18.1483075" lon="74.5720209"/>
 <node id="3251591131" visible="true" version="1" changeset="27683350" timestamp="2014-12-25T04:55:14Z" user="EC95" uid="2410326" lat="18.1476340" lon="74.5779579"/>
 <node id="3251591133" visible="true" version="1" changeset="27683350" timestamp="2014-12-25T04:55:14Z" user="EC95" uid="2410326" lat="18.1447130" lon="74.5718479"/>
 <node id="3251591135" visible="true" version="1" changeset="27683350" timestamp="2014-12-25T04:55:14Z" user="EC95" uid="2410326" lat="18.1506313" lon="74.5702654"/>
 <node id="3251591136" visible="true" version="1" changeset="27683350" timestamp="2014-12-25T04:55:14Z" user="EC95" uid="2410326" lat="18.1415119" lon="74.5745040"/>
 <node id="3251591137" visible="true" version="1" changeset="27683350" timestamp="2014-12-25T04:55:14Z" user="EC95" uid="2410326" lat="18.1465570" lon="74.5858280"/>
 <node id="3251591139" visible="true" version="1" changeset="27683350" timestamp="2014-12-25T04:55:14Z" user="EC95" uid="2410326" lat="18.1499228" lon="74.5791649"/>
 <node id="3251591140" visible="true" version="1" changeset="27683350" timestamp="2014-12-25T04:55:15Z" user="EC95" uid="2410326" lat="18.1525480" lon="74.5866108"/>
 <node id="3251591141" visible="true" version="1" changeset="27683350" timestamp="2014-12-25T04:55:15Z" user="EC95" uid="2410326" lat="18.1509729" lon="74.5697021"/>
 <node id="3251591142" visible="true" version="1" changeset="27683350" timestamp="2014-12-25T04:55:15Z" user="EC95" uid="2410326" lat="18.1485668" lon="74.5818150"/>
 <node id="3251591143" visible="true" version="1" changeset="27683350" timestamp="2014-12-25T04:55:15Z" user="EC95" uid="2410326" lat="18.1482814" lon="74.5853179"/>
 <node id="3251591144" visible="true" version="1" changeset="27683350" timestamp="2014-12-25T04:55:15Z" user="EC95" uid="2410326" lat="18.1514979" lon="74.5855271"/>
 <node id="3251591145" visible="true" version="1" changeset="27683350" timestamp="2014-12-25T04:55:15Z" user="EC95" uid="2410326" lat="18.1497232" lon="74.5776894"/>
 <node id="3251591146" visible="true" version="1" changeset="27683350" timestamp="2014-12-25T04:55:15Z" user="EC95" uid="2410326" lat="18.1505141" lon="74.5701688"/>
 <node id="3251591147" visible="true" version="1" changeset="27683350" timestamp="2014-12-25T04:55:15Z" user="EC95" uid="2410326" lat="18.1485108" lon="74.5733231"/>
 <node id="3251591148" visible="true" version="1" changeset="27683350" timestamp="2014-12-25T04:55:15Z" user="EC95" uid="2410326" lat="18.1520943" lon="74.5862996"/>
 <node id="3251591149" visible="true" version="1" changeset="27683350" timestamp="2014-12-25T04:55:15Z" user="EC95" uid="2410326" lat="18.1520688" lon="74.5868843"/>
 <node id="3251591152" visible="true" version="1" changeset="27683350" timestamp="2014-12-25T04:55:15Z" user="EC95" uid="2410326" lat="18.1523969" lon="74.5891596"/>
 <node id="3251591153" visible="true" version="1" changeset="27683350" timestamp="2014-12-25T04:55:15Z" user="EC95" uid="2410326" lat="18.1502699" lon="74.5778477"/>
 <node id="3251591154" visible="true" version="1" changeset="27683350" timestamp="2014-12-25T04:55:15Z" user="EC95" uid="2410326" lat="18.1465713" lon="74.5838272"/>
 <node id="3251591155" visible="true" version="1" changeset="27683350" timestamp="2014-12-25T04:55:15Z" user="EC95" uid="2410326" lat="18.1499398" lon="74.5733339"/>
 <node id="3251591156" visible="true" version="1" changeset="27683350" timestamp="2014-12-25T04:55:15Z" user="EC95" uid="2410326" lat="18.1507741" lon="74.5743423"/>
 <node id="3251591157" visible="true" version="1" changeset="27683350" timestamp="2014-12-25T04:55:15Z" user="EC95" uid="2410326" lat="18.1486331" lon="74.5797550"/>
 <node id="3251591158" visible="true" version="1" changeset="27683350" timestamp="2014-12-25T04:55:15Z" user="EC95" uid="2410326" lat="18.1490511" lon="74.5696324"/>
 <node id="3251591159" visible="true" version="1" changeset="27683350" timestamp="2014-12-25T04:55:15Z" user="EC95" uid="2410326" lat="18.1501216" lon="74.5768958"/>
 <node id="3251591160" visible="true" version="1" changeset="27683350" timestamp="2014-12-25T04:55:15Z" user="EC95" uid="2410326" lat="18.1489797" lon="74.5738005"/>
 <node id="3251591163" visible="true" version="1" changeset="27683350" timestamp="2014-12-25T04:55:15Z" user="EC95" uid="2410326" lat="18.1443970" lon="74.5716065"/>
 <node id="3251591166" visible="true" version="1" changeset="27683350" timestamp="2014-12-25T04:55:15Z" user="EC95" uid="2410326" lat="18.1504067" lon="74.5802057"/>
 <node id="3251591167" visible="true" version="1" changeset="27683350" timestamp="2014-12-25T04:55:15Z" user="EC95" uid="2410326" lat="18.1512332" lon="74.5822665"/>
 <node id="3251591168" visible="true" version="1" changeset="27683350" timestamp="2014-12-25T04:55:15Z" user="EC95" uid="2410326" lat="18.1506466" lon="74.5801466"/>
 <node id="3251591169" visible="true" version="1" changeset="27683350" timestamp="2014-12-25T04:55:15Z" user="EC95" uid="2410326" lat="18.1517935" lon="74.5878553"/>
 <node id="3251591170" visible="true" version="1" changeset="27683350" timestamp="2014-12-25T04:55:15Z" user="EC95" uid="2410326" lat="18.1513606" lon="74.5874817"/>
 <node id="3251591171" visible="true" version="1" changeset="27683350" timestamp="2014-12-25T04:55:15Z" user="EC95" uid="2410326" lat="18.1455613" lon="74.5841431"/>
 <node id="3251591172" visible="true" version="1" changeset="27683350" timestamp="2014-12-25T04:55:15Z" user="EC95" uid="2410326" lat="18.1465298" lon="74.5779467"/>
 <node id="3251591173" visible="true" version="1" changeset="27683350" timestamp="2014-12-25T04:55:15Z" user="EC95" uid="2410326" lat="18.1421134" lon="74.5821202"/>
 <node id="3251591174" visible="true" version="1" changeset="27683350" timestamp="2014-12-25T04:55:15Z" user="EC95" uid="2410326" lat="18.1501275" lon="74.5738000"/>
 <node id="3251591175" visible="true" version="1" changeset="27683350" timestamp="2014-12-25T04:55:15Z" user="EC95" uid="2410326" lat="18.1450750" lon="74.5719659"/>
 <node id="3251591176" visible="true" version="1" changeset="27683350" timestamp="2014-12-25T04:55:15Z" user="EC95" uid="2410326" lat="18.1518343" lon="74.5835906"/>
 <node id="3251591177" visible="true" version="1" changeset="27683350" timestamp="2014-12-25T04:55:15Z" user="EC95" uid="2410326" lat="18.1526398" lon="74.5705091"/>
 <node id="3251591181" visible="true" version="1" changeset="27683350" timestamp="2014-12-25T04:55:15Z" user="EC95" uid="2410326" lat="18.1440543" lon="74.5770998"/>
 <node id="3251591182" visible="true" version="1" changeset="27683350" timestamp="2014-12-25T04:55:15Z" user="EC95" uid="2410326" lat="18.1507893" lon="74.5742458"/>
 <node id="3251591183" visible="true" version="1" changeset="27683350" timestamp="2014-12-25T04:55:15Z" user="EC95" uid="2410326" lat="18.1514012" lon="74.5749182"/>
 <node id="3251591184" visible="true" version="1" changeset="27683350" timestamp="2014-12-25T04:55:15Z" user="EC95" uid="2410326" lat="18.1494180" lon="74.5696094"/>
 <node id="3251591186" visible="true" version="1" changeset="27683350" timestamp="2014-12-25T04:55:15Z" user="EC95" uid="2410326" lat="18.1454443" lon="74.5827446"/>
 <node id="3251591187" visible="true" version="1" changeset="27683350" timestamp="2014-12-25T04:55:15Z" user="EC95" uid="2410326" lat="18.1469440" lon="74.5749189"/>
 <node id="3251591189" visible="true" version="1" changeset="27683350" timestamp="2014-12-25T04:55:15Z" user="EC95" uid="2410326" lat="18.1489288" lon="74.5690798"/>
 <node id="3251591190" visible="true" version="1" changeset="27683350" timestamp="2014-12-25T04:55:15Z" user="EC95" uid="2410326" lat="18.1513246" lon="74.5812571"/>
 <node id="3251591191" visible="true" version="1" changeset="27683350" timestamp="2014-12-25T04:55:15Z" user="EC95" uid="2410326" lat="18.1488421" lon="74.5711344"/>
 <node id="3251591193" visible="true" version="1" changeset="27683350" timestamp="2014-12-25T04:55:15Z" user="EC95" uid="2410326" lat="18.1450684" lon="74.5720831"/>
 <node id="3251591194" visible="true" version="1" changeset="27683350" timestamp="2014-12-25T04:55:15Z" user="EC95" uid="2410326" lat="18.1489339" lon="74.5735913"/>
 <node id="3251591195" visible="true" version="1" changeset="27683350" timestamp="2014-12-25T04:55:15Z" user="EC95" uid="2410326" lat="18.1493518" lon="74.5711183"/>
 <node id="3251591196" visible="true" version="1" changeset="27683350" timestamp="2014-12-25T04:55:15Z" user="EC95" uid="2410326" lat="18.1496883" lon="74.5710754"/>
 <node id="3251591197" visible="true" version="1" changeset="27683350" timestamp="2014-12-25T04:55:15Z" user="EC95" uid="2410326" lat="18.1515132" lon="74.5868951"/>
 <node id="3251591198" visible="true" version="1" changeset="27683350" timestamp="2014-12-25T04:55:16Z" user="EC95" uid="2410326" lat="18.1408930" lon="74.5747780"/>
 <node id="3251591199" visible="true" version="1" changeset="27683350" timestamp="2014-12-25T04:55:16Z" user="EC95" uid="2410326" lat="18.1485770" lon="74.5776414"/>
 <node id="3251591200" visible="true" version="1" changeset="27683350" timestamp="2014-12-25T04:55:16Z" user="EC95" uid="2410326" lat="18.1411736" lon="74.5746390"/>
 <node id="3251591201" visible="true" version="1" changeset="27683350" timestamp="2014-12-25T04:55:16Z" user="EC95" uid="2410326" lat="18.1514739" lon="74.5711828"/>
 <node id="3251591203" visible="true" version="1" changeset="27683350" timestamp="2014-12-25T04:55:16Z" user="EC95" uid="2410326" lat="18.1451229" lon="74.5820564"/>
 <node id="3251591204" visible="true" version="1" changeset="27683350" timestamp="2014-12-25T04:55:16Z" user="EC95" uid="2410326" lat="18.1519923" lon="74.5867610"/>
 <node id="3251591208" visible="true" version="1" changeset="27683350" timestamp="2014-12-25T04:55:16Z" user="EC95" uid="2410326" lat="18.1504120" lon="74.5729825"/>
 <node id="3251591210" visible="true" version="1" changeset="27683350" timestamp="2014-12-25T04:55:16Z" user="EC95" uid="2410326" lat="18.1471699" lon="74.5813853"/>
 <node id="3251591211" visible="true" version="1" changeset="27683350" timestamp="2014-12-25T04:55:16Z" user="EC95" uid="2410326" lat="18.1537021" lon="74.5889070"/>
 <node id="3251591212" visible="true" version="1" changeset="27683350" timestamp="2014-12-25T04:55:16Z" user="EC95" uid="2410326" lat="18.1524256" lon="74.5860475"/>
 <node id="3251591213" visible="true" version="1" changeset="27683350" timestamp="2014-12-25T04:55:16Z" user="EC95" uid="2410326" lat="18.1493940" lon="74.5706533"/>
 <node id="3251591215" visible="true" version="2" changeset="134273747" timestamp="2023-03-29T18:04:17Z" user="PlaneMad" uid="1306" lat="18.1523065" lon="74.5818586"/>
 <node id="3251593261" visible="true" version="1" changeset="27683350" timestamp="2014-12-25T05:04:58Z" user="EC95" uid="2410326" lat="18.1521962" lon="74.5801949"/>
 <node id="3251593263" visible="true" version="1" changeset="27683350" timestamp="2014-12-25T05:04:58Z" user="EC95" uid="2410326" lat="18.1573886" lon="74.5818824"/>
 <node id="3251593264" visible="true" version="1" changeset="27683350" timestamp="2014-12-25T05:04:58Z" user="EC95" uid="2410326" lat="18.1548112" lon="74.5862406"/>
 <node id="3251593266" visible="true" version="1" changeset="27683350" timestamp="2014-12-25T05:04:58Z" user="EC95" uid="2410326" lat="18.1575809" lon="74.5847665"/>
 <node id="3251593268" visible="true" version="1" changeset="27683350" timestamp="2014-12-25T05:04:58Z" user="EC95" uid="2410326" lat="18.1541889" lon="74.5799973"/>
 <node id="3251593270" visible="true" version="1" changeset="27683350" timestamp="2014-12-25T05:04:58Z" user="EC95" uid="2410326" lat="18.1573174" lon="74.5849938"/>
 <node id="3251593271" visible="true" version="1" changeset="27683350" timestamp="2014-12-25T05:04:58Z" user="EC95" uid="2410326" lat="18.1548325" lon="74.5859061"/>
 <node id="3251593272" visible="true" version="1" changeset="27683350" timestamp="2014-12-25T05:04:58Z" user="EC95" uid="2410326" lat="18.1585696" lon="74.5849389"/>
 <node id="3251593273" visible="true" version="1" changeset="27683350" timestamp="2014-12-25T05:04:58Z" user="EC95" uid="2410326" lat="18.1578304" lon="74.6003759"/>
 <node id="3251593275" visible="true" version="1" changeset="27683350" timestamp="2014-12-25T05:04:58Z" user="EC95" uid="2410326" lat="18.1522937" lon="74.5806777"/>
 <node id="3251593276" visible="true" version="2" changeset="162238653" timestamp="2025-02-07T10:09:36Z" user="Vaishali Patil" uid="20041977" lat="18.1580003" lon="74.5994148"/>
 <node id="3251593277" visible="true" version="1" changeset="27683350" timestamp="2014-12-25T05:04:58Z" user="EC95" uid="2410326" lat="18.1568756" lon="74.5818150"/>
 <node id="3251593279" visible="true" version="1" changeset="27683350" timestamp="2014-12-25T05:04:58Z" user="EC95" uid="2410326" lat="18.1571476" lon="74.5902800"/>
 <node id="3251593281" visible="true" version="1" changeset="27683350" timestamp="2014-12-25T05:04:58Z" user="EC95" uid="2410326" lat="18.1529545" lon="74.5801528"/>
 <node id="3251593282" visible="true" version="1" changeset="27683350" timestamp="2014-12-25T05:04:58Z" user="EC95" uid="2410326" lat="18.1545003" lon="74.5820295"/>
 <node id="3251593283" visible="true" version="1" changeset="27683350" timestamp="2014-12-25T05:04:58Z" user="EC95" uid="2410326" lat="18.1558664" lon="74.5893091"/>
 <node id="3251593284" visible="true" version="1" changeset="27683350" timestamp="2014-12-25T05:04:58Z" user="EC95" uid="2410326" lat="18.1540568" lon="74.5818364"/>
 <node id="3251593288" visible="true" version="1" changeset="27683350" timestamp="2014-12-25T05:04:58Z" user="EC95" uid="2410326" lat="18.1551639" lon="74.5843848"/>
 <node id="3251593289" visible="true" version="1" changeset="27683350" timestamp="2014-12-25T05:04:58Z" user="EC95" uid="2410326" lat="18.1583752" lon="74.5847062"/>
 <node id="3251593290" visible="true" version="1" changeset="27683350" timestamp="2014-12-25T05:04:58Z" user="EC95" uid="2410326" lat="18.1581566" lon="74.5967817"/>
 <node id="3251593291" visible="true" version="1" changeset="27683350" timestamp="2014-12-25T05:04:58Z" user="EC95" uid="2410326" lat="18.1529850" lon="74.5804217"/>
 <node id="3251593292" visible="true" version="1" changeset="27683350" timestamp="2014-12-25T05:04:58Z" user="EC95" uid="2410326" lat="18.1527621" lon="74.5806187"/>
 <node id="3251593294" visible="true" version="1" changeset="27683350" timestamp="2014-12-25T05:04:58Z" user="EC95" uid="2410326" lat="18.1579970" lon="74.5890516"/>
 <node id="3251593295" visible="true" version="1" changeset="27683350" timestamp="2014-12-25T05:04:58Z" user="EC95" uid="2410326" lat="18.1549692" lon="74.5823299"/>
 <node id="3251593297" visible="true" version="1" changeset="27683350" timestamp="2014-12-25T05:04:58Z" user="EC95" uid="2410326" lat="18.1540466" lon="74.5847278"/>
 <node id="3251593300" visible="true" version="1" changeset="27683350" timestamp="2014-12-25T05:04:58Z" user="EC95" uid="2410326" lat="18.1566870" lon="74.5889282"/>
 <node id="3251593301" visible="true" version="1" changeset="27683350" timestamp="2014-12-25T05:04:58Z" user="EC95" uid="2410326" lat="18.1543122" lon="74.5874358"/>
 <node id="3251593302" visible="true" version="1" changeset="27683350" timestamp="2014-12-25T05:04:58Z" user="EC95" uid="2410326" lat="18.1571662" lon="74.5880270"/>
 <node id="3251593304" visible="true" version="1" changeset="27683350" timestamp="2014-12-25T05:04:58Z" user="EC95" uid="2410326" lat="18.1542352" lon="74.5898455"/>
 <node id="3251593306" visible="true" version="1" changeset="27683350" timestamp="2014-12-25T05:04:58Z" user="EC95" uid="2410326" lat="18.1574312" lon="74.5814502"/>
 <node id="3251593309" visible="true" version="1" changeset="27683350" timestamp="2014-12-25T05:04:58Z" user="EC95" uid="2410326" lat="18.1542811" lon="74.5832526"/>
 <node id="3251593310" visible="true" version="2" changeset="162238653" timestamp="2025-02-07T10:09:36Z" user="Vaishali Patil" uid="20041977" lat="18.1580522" lon="74.5997333"/>
 <node id="3251593311" visible="true" version="1" changeset="27683350" timestamp="2014-12-25T05:04:59Z" user="EC95" uid="2410326" lat="18.1567074" lon="74.5898240"/>
 <node id="3251593312" visible="true" version="1" changeset="27683350" timestamp="2014-12-25T05:04:59Z" user="EC95" uid="2410326" lat="18.1530087" lon="74.5835611"/>
 <node id="3251593313" visible="true" version="1" changeset="27683350" timestamp="2014-12-25T05:04:59Z" user="EC95" uid="2410326" lat="18.1545156" lon="74.5821261"/>
 <node id="3251593314" visible="true" version="1" changeset="27683350" timestamp="2014-12-25T05:04:59Z" user="EC95" uid="2410326" lat="18.1530832" lon="74.5821637"/>
 <node id="3251593316" visible="true" version="2" changeset="162238653" timestamp="2025-02-07T10:09:36Z" user="Vaishali Patil" uid="20041977" lat="18.1567005" lon="74.6014112"/>
 <node id="3251593317" visible="true" version="1" changeset="27683350" timestamp="2014-12-25T05:04:59Z" user="EC95" uid="2410326" lat="18.1572579" lon="74.5815575"/>
 <node id="3251593318" visible="true" version="1" changeset="27683350" timestamp="2014-12-25T05:04:59Z" user="EC95" uid="2410326" lat="18.1570813" lon="74.5889123"/>
 <node id="3251593319" visible="true" version="1" changeset="27683350" timestamp="2014-12-25T05:04:59Z" user="EC95" uid="2410326" lat="18.1578304" lon="74.5951831"/>
 <node id="3251593320" visible="true" version="1" changeset="27683350" timestamp="2014-12-25T05:04:59Z" user="EC95" uid="2410326" lat="18.1567380" lon="74.5817238"/>
 <node id="3251593322" visible="true" version="1" changeset="27683350" timestamp="2014-12-25T05:04:59Z" user="EC95" uid="2410326" lat="18.1568591" lon="74.5839355"/>
 <node id="3251593323" visible="true" version="1" changeset="27683350" timestamp="2014-12-25T05:04:59Z" user="EC95" uid="2410326" lat="18.1554790" lon="74.5850658"/>
 <node id="3251593324" visible="true" version="1" changeset="27683350" timestamp="2014-12-25T05:04:59Z" user="EC95" uid="2410326" lat="18.1541195" lon="74.5894110"/>
 <node id="3251593325" visible="true" version="1" changeset="27683350" timestamp="2014-12-25T05:04:59Z" user="EC95" uid="2410326" lat="18.1587922" lon="74.5856344"/>
 <node id="3251593326" visible="true" version="1" changeset="27683350" timestamp="2014-12-25T05:04:59Z" user="EC95" uid="2410326" lat="18.1611039" lon="74.5878322"/>
 <node id="3251593327" visible="true" version="1" changeset="27683350" timestamp="2014-12-25T05:04:59Z" user="EC95" uid="2410326" lat="18.1539905" lon="74.5831883"/>
 <node id="3251593328" visible="true" version="2" changeset="134273747" timestamp="2023-03-29T18:04:17Z" user="PlaneMad" uid="1306" lat="18.1517061" lon="74.5797218"/>
 <node id="3251593329" visible="true" version="1" changeset="27683350" timestamp="2014-12-25T05:04:59Z" user="EC95" uid="2410326" lat="18.1573104" lon="74.6055257"/>
 <node id="3251593330" visible="true" version="1" changeset="27683350" timestamp="2014-12-25T05:04:59Z" user="EC95" uid="2410326" lat="18.1550661" lon="74.5823514"/>
 <node id="3251593331" visible="true" version="1" changeset="27683350" timestamp="2014-12-25T05:04:59Z" user="EC95" uid="2410326" lat="18.1561161" lon="74.5842236"/>
 <node id="3251593333" visible="true" version="1" changeset="27683350" timestamp="2014-12-25T05:04:59Z" user="EC95" uid="2410326" lat="18.1572070" lon="74.5875227"/>
 <node id="3251593334" visible="true" version="1" changeset="27683350" timestamp="2014-12-25T05:04:59Z" user="EC95" uid="2410326" lat="18.1557580" lon="74.5845134"/>
 <node id="3251593335" visible="true" version="1" changeset="27683350" timestamp="2014-12-25T05:04:59Z" user="EC95" uid="2410326" lat="18.1563251" lon="74.5848620"/>
 <node id="3251593336" visible="true" version="1" changeset="27683350" timestamp="2014-12-25T05:04:59Z" user="EC95" uid="2410326" lat="18.1557885" lon="74.5834512"/>
 <node id="3251593337" visible="true" version="1" changeset="27683350" timestamp="2014-12-25T05:04:59Z" user="EC95" uid="2410326" lat="18.1550788" lon="74.5828463"/>
 <node id="3251593339" visible="true" version="1" changeset="27683350" timestamp="2014-12-25T05:04:59Z" user="EC95" uid="2410326" lat="18.1551620" lon="74.5858080"/>
 <node id="3251593340" visible="true" version="1" changeset="27683350" timestamp="2014-12-25T05:04:59Z" user="EC95" uid="2410326" lat="18.1590688" lon="74.5855366"/>
 <node id="3251593341" visible="true" version="1" changeset="27683350" timestamp="2014-12-25T05:04:59Z" user="EC95" uid="2410326" lat="18.1541007" lon="74.5860695"/>
 <node id="3251593342" visible="true" version="1" changeset="27683350" timestamp="2014-12-25T05:04:59Z" user="EC95" uid="2410326" lat="18.1524409" lon="74.5800608"/>
 <node id="3251593343" visible="true" version="1" changeset="27683350" timestamp="2014-12-25T05:04:59Z" user="EC95" uid="2410326" lat="18.1568403" lon="74.5874866"/>
 <node id="3251593345" visible="true" version="2" changeset="162238653" timestamp="2025-02-07T10:09:36Z" user="Vaishali Patil" uid="20041977" lat="18.1541636" lon="74.5888164"/>
 <node id="3251593346" visible="true" version="1" changeset="27683350" timestamp="2014-12-25T05:04:59Z" user="EC95" uid="2410326" lat="18.1572595" lon="74.6009552"/>
 <node id="3251593347" visible="true" version="1" changeset="27683350" timestamp="2014-12-25T05:04:59Z" user="EC95" uid="2410326" lat="18.1566361" lon="74.5841431"/>
 <node id="3251593348" visible="true" version="1" changeset="27683350" timestamp="2014-12-25T05:04:59Z" user="EC95" uid="2410326" lat="18.1563302" lon="74.5849532"/>
 <node id="3251593350" visible="true" version="1" changeset="27683350" timestamp="2014-12-25T05:04:59Z" user="EC95" uid="2410326" lat="18.1534687" lon="74.5833864"/>
 <node id="3251593351" visible="true" version="1" changeset="27683350" timestamp="2014-12-25T05:04:59Z" user="EC95" uid="2410326" lat="18.1528997" lon="74.5796692"/>
 <node id="3251593354" visible="true" version="1" changeset="27683350" timestamp="2014-12-25T05:04:59Z" user="EC95" uid="2410326" lat="18.1546481" lon="74.5827913"/>
 <node id="3251593355" visible="true" version="1" changeset="27683350" timestamp="2014-12-25T05:04:59Z" user="EC95" uid="2410326" lat="18.1573038" lon="74.5948022"/>
 <node id="3251593356" visible="true" version="2" changeset="134273747" timestamp="2023-03-29T18:04:17Z" user="PlaneMad" uid="1306" lat="18.1517549" lon="74.5799378"/>
 <node id="3251593357" visible="true" version="1" changeset="27683350" timestamp="2014-12-25T05:04:59Z" user="EC95" uid="2410326" lat="18.1582876" lon="74.5906823"/>
 <node id="3251593358" visible="true" version="1" changeset="27683350" timestamp="2014-12-25T05:04:59Z" user="EC95" uid="2410326" lat="18.1524358" lon="74.5798838"/>
 <node id="3251593359" visible="true" version="1" changeset="27683350" timestamp="2014-12-25T05:04:59Z" user="EC95" uid="2410326" lat="18.1571247" lon="74.5898083"/>
 <node id="3251593360" visible="true" version="1" changeset="27683350" timestamp="2014-12-25T05:04:59Z" user="EC95" uid="2410326" lat="18.1545818" lon="74.5890784"/>
 <node id="3251593361" visible="true" version="1" changeset="27683350" timestamp="2014-12-25T05:04:59Z" user="EC95" uid="2410326" lat="18.1540874" lon="74.5809567"/>
 <node id="3251593362" visible="true" version="1" changeset="27683350" timestamp="2014-12-25T05:04:59Z" user="EC95" uid="2410326" lat="18.1576471" lon="74.5900440"/>
 <node id="3251593363" visible="true" version="1" changeset="27683350" timestamp="2014-12-25T05:04:59Z" user="EC95" uid="2410326" lat="18.1557843" lon="74.5886353"/>
 <node id="3251593365" visible="true" version="1" changeset="27683350" timestamp="2014-12-25T05:04:59Z" user="EC95" uid="2410326" lat="18.1550150" lon="74.5818472"/>
 <node id="3251593366" visible="true" version="1" changeset="27683350" timestamp="2014-12-25T05:04:59Z" user="EC95" uid="2410326" lat="18.1533198" lon="74.5846018"/>
 <node id="3251593369" visible="true" version="1" changeset="27683350" timestamp="2014-12-25T05:04:59Z" user="EC95" uid="2410326" lat="18.1571272" lon="74.5909667"/>
 <node id="3251593370" visible="true" version="1" changeset="27683350" timestamp="2014-12-25T05:04:59Z" user="EC95" uid="2410326" lat="18.1561656" lon="74.5831370"/>
 <node id="3251593371" visible="true" version="1" changeset="27683350" timestamp="2014-12-25T05:04:59Z" user="EC95" uid="2410326" lat="18.1570640" lon="74.5885533"/>
 <node id="3251593372" visible="true" version="1" changeset="27683350" timestamp="2014-12-25T05:04:59Z" user="EC95" uid="2410326" lat="18.1550202" lon="74.5874852"/>
 <node id="3251593373" visible="true" version="1" changeset="27683350" timestamp="2014-12-25T05:04:59Z" user="EC95" uid="2410326" lat="18.1555872" lon="74.5875645"/>
 <node id="3251593374" visible="true" version="1" changeset="27683350" timestamp="2014-12-25T05:04:59Z" user="EC95" uid="2410326" lat="18.1546985" lon="74.5874524"/>
 <node id="3251593375" visible="true" version="1" changeset="27683350" timestamp="2014-12-25T05:05:00Z" user="EC95" uid="2410326" lat="18.1541333" lon="74.5855647"/>
 <node id="3251593376" visible="true" version="1" changeset="27683350" timestamp="2014-12-25T05:05:00Z" user="EC95" uid="2410326" lat="18.1558055" lon="74.5828607"/>
 <node id="3251593378" visible="true" version="1" changeset="27683350" timestamp="2014-12-25T05:05:00Z" user="EC95" uid="2410326" lat="18.1563422" lon="74.5842292"/>
 <node id="3251593379" visible="true" version="1" changeset="27683350" timestamp="2014-12-25T05:05:00Z" user="EC95" uid="2410326" lat="18.1570479" lon="74.5846670"/>
 <node id="3251593380" visible="true" version="1" changeset="27683350" timestamp="2014-12-25T05:05:00Z" user="EC95" uid="2410326" lat="18.1560957" lon="74.5847976"/>
 <node id="3251593383" visible="true" version="1" changeset="27683350" timestamp="2014-12-25T05:05:00Z" user="EC95" uid="2410326" lat="18.1558090" lon="74.5827373"/>
 <node id="3251593384" visible="true" version="1" changeset="27683350" timestamp="2014-12-25T05:05:00Z" user="EC95" uid="2410326" lat="18.1564984" lon="74.5874530"/>
 <node id="3251593385" visible="true" version="1" changeset="27683350" timestamp="2014-12-25T05:05:00Z" user="EC95" uid="2410326" lat="18.1574430" lon="74.6065878"/>
 <node id="3251593386" visible="true" version="1" changeset="27683350" timestamp="2014-12-25T05:05:00Z" user="EC95" uid="2410326" lat="18.1568652" lon="74.5879993"/>
 <node id="3251593389" visible="true" version="1" changeset="27683350" timestamp="2014-12-25T05:05:00Z" user="EC95" uid="2410326" lat="18.1578288" lon="74.5819759"/>
 <node id="3251593391" visible="true" version="1" changeset="27683350" timestamp="2014-12-25T05:05:00Z" user="EC95" uid="2410326" lat="18.1583084" lon="74.5846262"/>
 <node id="3251593392" visible="true" version="1" changeset="27683350" timestamp="2014-12-25T05:05:00Z" user="EC95" uid="2410326" lat="18.1571083" lon="74.5894698"/>
 <node id="3251593394" visible="true" version="1" changeset="27683350" timestamp="2014-12-25T05:05:00Z" user="EC95" uid="2410326" lat="18.1584558" lon="74.5908486"/>
 <node id="3251593395" visible="true" version="1" changeset="27683350" timestamp="2014-12-25T05:05:00Z" user="EC95" uid="2410326" lat="18.1551731" lon="74.5841109"/>
 <node id="3251593396" visible="true" version="1" changeset="27683350" timestamp="2014-12-25T05:05:00Z" user="EC95" uid="2410326" lat="18.1576117" lon="74.5816888"/>
 <node id="3251593397" visible="true" version="1" changeset="27683350" timestamp="2014-12-25T05:05:00Z" user="EC95" uid="2410326" lat="18.1562126" lon="74.5823194"/>
 <node id="3251593399" visible="true" version="1" changeset="27683350" timestamp="2014-12-25T05:05:00Z" user="EC95" uid="2410326" lat="18.1577218" lon="74.5878660"/>
 <node id="3251593400" visible="true" version="1" changeset="27683350" timestamp="2014-12-25T05:05:00Z" user="EC95" uid="2410326" lat="18.1570591" lon="74.5855862"/>
 <node id="3251593401" visible="true" version="1" changeset="27683350" timestamp="2014-12-25T05:05:00Z" user="EC95" uid="2410326" lat="18.1550862" lon="74.5886679"/>
 <node id="3251593402" visible="true" version="1" changeset="27683350" timestamp="2014-12-25T05:05:00Z" user="EC95" uid="2410326" lat="18.1557409" lon="74.5851088"/>
 <node id="3251593404" visible="true" version="1" changeset="27683350" timestamp="2014-12-25T05:05:00Z" user="EC95" uid="2410326" lat="18.1542743" lon="74.5832100"/>
 <node id="3251593405" visible="true" version="2" changeset="134273747" timestamp="2023-03-29T18:04:17Z" user="PlaneMad" uid="1306" lat="18.1529982" lon="74.5805724"/>
 <node id="3251593406" visible="true" version="1" changeset="27683350" timestamp="2014-12-25T05:05:00Z" user="EC95" uid="2410326" lat="18.1530268" lon="74.5796646"/>
 <node id="3251593407" visible="true" version="2" changeset="162238653" timestamp="2025-02-07T10:09:36Z" user="Vaishali Patil" uid="20041977" lat="18.1570522" lon="74.6031922"/>
 <node id="3251593408" visible="true" version="1" changeset="27683350" timestamp="2014-12-25T05:05:00Z" user="EC95" uid="2410326" lat="18.1543666" lon="74.5837644"/>
 <node id="3251593410" visible="true" version="1" changeset="27683350" timestamp="2014-12-25T05:05:00Z" user="EC95" uid="2410326" lat="18.1536207" lon="74.5803891"/>
 <node id="3251593411" visible="true" version="1" changeset="27683350" timestamp="2014-12-25T05:05:00Z" user="EC95" uid="2410326" lat="18.1580546" lon="74.5954084"/>
 <node id="3251593412" visible="true" version="1" changeset="27683350" timestamp="2014-12-25T05:05:00Z" user="EC95" uid="2410326" lat="18.1583640" lon="74.5825821"/>
 <node id="3251593413" visible="true" version="1" changeset="27683350" timestamp="2014-12-25T05:05:00Z" user="EC95" uid="2410326" lat="18.1557950" lon="74.5832253"/>
 <node id="3251593414" visible="true" version="1" changeset="27683350" timestamp="2014-12-25T05:05:00Z" user="EC95" uid="2410326" lat="18.1549386" lon="74.5837676"/>
 <node id="3251593415" visible="true" version="1" changeset="27683350" timestamp="2014-12-25T05:05:00Z" user="EC95" uid="2410326" lat="18.1563274" lon="74.5847760"/>
 <node id="3251593416" visible="true" version="1" changeset="27683350" timestamp="2014-12-25T05:05:00Z" user="EC95" uid="2410326" lat="18.1576726" lon="74.5902049"/>
 <node id="3251593417" visible="true" version="1" changeset="27683350" timestamp="2014-12-25T05:05:00Z" user="EC95" uid="2410326" lat="18.1558455" lon="74.5891900"/>
 <node id="3251593418" visible="true" version="1" changeset="27683350" timestamp="2014-12-25T05:05:00Z" user="EC95" uid="2410326" lat="18.1553006" lon="74.5890677"/>
 <node id="3251593419" visible="true" version="1" changeset="27683350" timestamp="2014-12-25T05:05:00Z" user="EC95" uid="2410326" lat="18.1571723" lon="74.5816151"/>
 <node id="3251593420" visible="true" version="1" changeset="27683350" timestamp="2014-12-25T05:05:00Z" user="EC95" uid="2410326" lat="18.1540109" lon="74.5810854"/>
 <node id="3251593422" visible="true" version="1" changeset="27683350" timestamp="2014-12-25T05:05:00Z" user="EC95" uid="2410326" lat="18.1555197" lon="74.5893091"/>
 <node id="3251593423" visible="true" version="1" changeset="27683350" timestamp="2014-12-25T05:05:00Z" user="EC95" uid="2410326" lat="18.1538251" lon="74.5832511"/>
 <node id="3251593424" visible="true" version="1" changeset="27683350" timestamp="2014-12-25T05:05:00Z" user="EC95" uid="2410326" lat="18.1559138" lon="74.5933914"/>
 <node id="3251593425" visible="true" version="1" changeset="27683350" timestamp="2014-12-25T05:05:00Z" user="EC95" uid="2410326" lat="18.1554841" lon="74.5818525"/>
 <node id="3251593427" visible="true" version="1" changeset="27683350" timestamp="2014-12-25T05:05:00Z" user="EC95" uid="2410326" lat="18.1571822" lon="74.5878290"/>
 <node id="3251593429" visible="true" version="1" changeset="27683350" timestamp="2014-12-25T05:05:00Z" user="EC95" uid="2410326" lat="18.1577677" lon="74.5894217"/>
 <node id="3251593431" visible="true" version="1" changeset="27683350" timestamp="2014-12-25T05:05:00Z" user="EC95" uid="2410326" lat="18.1582386" lon="74.5824399"/>
 <node id="3251593433" visible="true" version="2" changeset="134273747" timestamp="2023-03-29T18:04:17Z" user="PlaneMad" uid="1306" lat="18.1520023" lon="74.5807941"/>
 <node id="3251593434" visible="true" version="1" changeset="27683350" timestamp="2014-12-25T05:05:00Z" user="EC95" uid="2410326" lat="18.1539803" lon="74.5843631"/>
 <node id="3251593436" visible="true" version="1" changeset="27683350" timestamp="2014-12-25T05:05:01Z" user="EC95" uid="2410326" lat="18.1569062" lon="74.5869273"/>
 <node id="3251593437" visible="true" version="1" changeset="27683350" timestamp="2014-12-25T05:05:01Z" user="EC95" uid="2410326" lat="18.1564235" lon="74.6019530"/>
 <node id="3251593438" visible="true" version="1" changeset="27683350" timestamp="2014-12-25T05:05:01Z" user="EC95" uid="2410326" lat="18.1564723" lon="74.5814323"/>
 <node id="3251593439" visible="true" version="1" changeset="27683350" timestamp="2014-12-25T05:05:01Z" user="EC95" uid="2410326" lat="18.1577422" lon="74.5904141"/>
 <node id="3251593440" visible="true" version="1" changeset="27683350" timestamp="2014-12-25T05:05:01Z" user="EC95" uid="2410326" lat="18.1566886" lon="74.5942926"/>
 <node id="3251593441" visible="true" version="2" changeset="162238653" timestamp="2025-02-07T10:09:36Z" user="Vaishali Patil" uid="20041977" lat="18.1541516" lon="74.5889780"/>
 <node id="3251593442" visible="true" version="1" changeset="27683350" timestamp="2014-12-25T05:05:01Z" user="EC95" uid="2410326" lat="18.1549590" lon="74.5820939"/>
 <node id="3251593443" visible="true" version="1" changeset="27683350" timestamp="2014-12-25T05:05:01Z" user="EC95" uid="2410326" lat="18.1548367" lon="74.5874583"/>
 <node id="3251593444" visible="true" version="1" changeset="27683350" timestamp="2014-12-25T05:05:01Z" user="EC95" uid="2410326" lat="18.1564628" lon="74.5841860"/>
 <node id="3251593445" visible="true" version="1" changeset="27683350" timestamp="2014-12-25T05:05:01Z" user="EC95" uid="2410326" lat="18.1544442" lon="74.5842290"/>
 <node id="3251593446" visible="true" version="1" changeset="27683350" timestamp="2014-12-25T05:05:01Z" user="EC95" uid="2410326" lat="18.1537764" lon="74.5803934"/>
 <node id="3251593447" visible="true" version="1" changeset="27683350" timestamp="2014-12-25T05:05:01Z" user="EC95" uid="2410326" lat="18.1582060" lon="74.5856291"/>
 <node id="3251593448" visible="true" version="1" changeset="27683350" timestamp="2014-12-25T05:05:01Z" user="EC95" uid="2410326" lat="18.1542106" lon="74.5847665"/>
 <node id="3251593449" visible="true" version="1" changeset="27683350" timestamp="2014-12-25T05:05:01Z" user="EC95" uid="2410326" lat="18.1538755" lon="74.5796340"/>
 <node id="3251593450" visible="true" version="1" changeset="27683350" timestamp="2014-12-25T05:05:01Z" user="EC95" uid="2410326" lat="18.1578512" lon="74.5841028"/>
 <node id="3251593452" visible="true" version="1" changeset="27683350" timestamp="2014-12-25T05:05:01Z" user="EC95" uid="2410326" lat="18.1581805" lon="74.5959287"/>
 <node id="3251593454" visible="true" version="2" changeset="162238653" timestamp="2025-02-07T10:09:36Z" user="Vaishali Patil" uid="20041977" lat="18.1571509" lon="74.6033692"/>
 <node id="3251593455" visible="true" version="1" changeset="27683350" timestamp="2014-12-25T05:05:01Z" user="EC95" uid="2410326" lat="18.1544951" lon="74.5818414"/>
 <node id="3251593457" visible="true" version="1" changeset="27683350" timestamp="2014-12-25T05:05:01Z" user="EC95" uid="2410326" lat="18.1577411" lon="74.5897773"/>
 <node id="3251593458" visible="true" version="1" changeset="27683350" timestamp="2014-12-25T05:05:01Z" user="EC95" uid="2410326" lat="18.1536952" lon="74.5804797"/>
 <node id="3251593460" visible="true" version="2" changeset="162238653" timestamp="2025-02-07T10:09:36Z" user="Vaishali Patil" uid="20041977" lat="18.1576826" lon="74.5990712"/>
 <node id="3252641522" visible="true" version="1" changeset="27696095" timestamp="2014-12-25T20:42:47Z" user="EC95" uid="2410326" lat="18.1555956" lon="74.5716234"/>
 <node id="3252641523" visible="true" version="1" changeset="27696095" timestamp="2014-12-25T20:42:47Z" user="EC95" uid="2410326" lat="18.1555654" lon="74.5788814"/>
 <node id="3252641525" visible="true" version="1" changeset="27696095" timestamp="2014-12-25T20:42:48Z" user="EC95" uid="2410326" lat="18.1538705" lon="74.5716931"/>
 <node id="3252641534" visible="true" version="1" changeset="27696095" timestamp="2014-12-25T20:42:48Z" user="EC95" uid="2410326" lat="18.1574310" lon="74.5809414"/>
 <node id="3252641535" visible="true" version="1" changeset="27696095" timestamp="2014-12-25T20:42:48Z" user="EC95" uid="2410326" lat="18.1554380" lon="74.5704378"/>
 <node id="3252641536" visible="true" version="1" changeset="27696095" timestamp="2014-12-25T20:42:48Z" user="EC95" uid="2410326" lat="18.1535520" lon="74.5711527"/>
 <node id="3252641538" visible="true" version="1" changeset="27696095" timestamp="2014-12-25T20:42:48Z" user="EC95" uid="2410326" lat="18.1548467" lon="74.5742090"/>
 <node id="3252641539" visible="true" version="1" changeset="27696095" timestamp="2014-12-25T20:42:48Z" user="EC95" uid="2410326" lat="18.1558305" lon="74.5786615"/>
 <node id="3252641541" visible="true" version="1" changeset="27696095" timestamp="2014-12-25T20:42:48Z" user="EC95" uid="2410326" lat="18.1543777" lon="74.5762368"/>
 <node id="3252641544" visible="true" version="1" changeset="27696095" timestamp="2014-12-25T20:42:48Z" user="EC95" uid="2410326" lat="18.1553972" lon="74.5686837"/>
 <node id="3252641547" visible="true" version="1" changeset="27696095" timestamp="2014-12-25T20:42:48Z" user="EC95" uid="2410326" lat="18.1559222" lon="74.5710440"/>
 <node id="3252641548" visible="true" version="1" changeset="27696095" timestamp="2014-12-25T20:42:48Z" user="EC95" uid="2410326" lat="18.1542605" lon="74.5688822"/>
 <node id="3252641552" visible="true" version="1" changeset="27696095" timestamp="2014-12-25T20:42:48Z" user="EC95" uid="2410326" lat="18.1538565" lon="74.5715594"/>
 <node id="3252641556" visible="true" version="1" changeset="27696095" timestamp="2014-12-25T20:42:48Z" user="EC95" uid="2410326" lat="18.1537252" lon="74.5711552"/>
 <node id="3252641559" visible="true" version="1" changeset="27696095" timestamp="2014-12-25T20:42:48Z" user="EC95" uid="2410326" lat="18.1559605" lon="74.5708079"/>
 <node id="3252641861" visible="true" version="1" changeset="27696095" timestamp="2014-12-25T20:42:48Z" user="EC95" uid="2410326" lat="18.1543828" lon="74.5700731"/>
 <node id="3252641863" visible="true" version="1" changeset="27696095" timestamp="2014-12-25T20:42:48Z" user="EC95" uid="2410326" lat="18.1620953" lon="74.5733257"/>
 <node id="3252641867" visible="true" version="1" changeset="27696095" timestamp="2014-12-25T20:42:48Z" user="EC95" uid="2410326" lat="18.1535876" lon="74.5769663"/>
 <node id="3252641875" visible="true" version="1" changeset="27696095" timestamp="2014-12-25T20:42:48Z" user="EC95" uid="2410326" lat="18.1559936" lon="74.5716287"/>
 <node id="3252641879" visible="true" version="1" changeset="27696095" timestamp="2014-12-25T20:42:48Z" user="EC95" uid="2410326" lat="18.1576173" lon="74.5804181"/>
 <node id="3252641882" visible="true" version="1" changeset="27696095" timestamp="2014-12-25T20:42:48Z" user="EC95" uid="2410326" lat="18.1550251" lon="74.5706363"/>
 <node id="3252641883" visible="true" version="1" changeset="27696095" timestamp="2014-12-25T20:42:48Z" user="EC95" uid="2410326" lat="18.1550811" lon="74.5717253"/>
 <node id="3252641890" visible="true" version="1" changeset="27696095" timestamp="2014-12-25T20:42:49Z" user="EC95" uid="2410326" lat="18.1569570" lon="74.5800294"/>
 <node id="3252641894" visible="true" version="1" changeset="27696095" timestamp="2014-12-25T20:42:49Z" user="EC95" uid="2410326" lat="18.1573262" lon="74.5796615"/>
 <node id="3252641905" visible="true" version="1" changeset="27696095" timestamp="2014-12-25T20:42:49Z" user="EC95" uid="2410326" lat="18.1555755" lon="74.5711817"/>
 <node id="3252641910" visible="true" version="1" changeset="27696095" timestamp="2014-12-25T20:42:49Z" user="EC95" uid="2410326" lat="18.1567429" lon="74.5803674"/>
 <node id="3252641912" visible="true" version="1" changeset="27696095" timestamp="2014-12-25T20:42:49Z" user="EC95" uid="2410326" lat="18.1540617" lon="74.5702769"/>
 <node id="3252641913" visible="true" version="1" changeset="27696095" timestamp="2014-12-25T20:42:49Z" user="EC95" uid="2410326" lat="18.1548212" lon="74.5765407"/>
 <node id="3252641914" visible="true" version="1" changeset="27696095" timestamp="2014-12-25T20:42:49Z" user="EC95" uid="2410326" lat="18.1562586" lon="74.5719560"/>
 <node id="3252641923" visible="true" version="2" changeset="93028868" timestamp="2020-10-25T20:47:41Z" user="mottiger" uid="7504544" lat="18.1550196" lon="74.5755225"/>
 <node id="3252641926" visible="true" version="1" changeset="27696095" timestamp="2014-12-25T20:42:49Z" user="EC95" uid="2410326" lat="18.1617586" lon="74.5731708"/>
 <node id="3252641933" visible="true" version="1" changeset="27696095" timestamp="2014-12-25T20:42:49Z" user="EC95" uid="2410326" lat="18.1581753" lon="74.5709368"/>
 <node id="3252641934" visible="true" version="1" changeset="27696095" timestamp="2014-12-25T20:42:49Z" user="EC95" uid="2410326" lat="18.1536998" lon="74.5710226"/>
 <node id="3252641935" visible="true" version="2" changeset="93028868" timestamp="2020-10-25T20:47:41Z" user="mottiger" uid="7504544" lat="18.1550241" lon="74.5747206"/>
 <node id="3252641936" visible="true" version="1" changeset="27696095" timestamp="2014-12-25T20:42:49Z" user="EC95" uid="2410326" lat="18.1580784" lon="74.5811935"/>
 <node id="3252641938" visible="true" version="1" changeset="27696095" timestamp="2014-12-25T20:42:49Z" user="EC95" uid="2410326" lat="18.1579699" lon="74.5801637"/>
 <node id="3252641943" visible="true" version="1" changeset="27696095" timestamp="2014-12-25T20:42:49Z" user="EC95" uid="2410326" lat="18.1548577" lon="74.5771204"/>
 <node id="3252641947" visible="true" version="1" changeset="27696095" timestamp="2014-12-25T20:42:49Z" user="EC95" uid="2410326" lat="18.1621612" lon="74.5733561"/>
 <node id="3252641948" visible="true" version="1" changeset="27696095" timestamp="2014-12-25T20:42:49Z" user="EC95" uid="2410326" lat="18.1553572" lon="74.5701333"/>
 <node id="3252641949" visible="true" version="1" changeset="27696095" timestamp="2014-12-25T20:42:49Z" user="EC95" uid="2410326" lat="18.1558610" lon="74.5776315"/>
 <node id="3252641950" visible="true" version="1" changeset="27696095" timestamp="2014-12-25T20:42:49Z" user="EC95" uid="2410326" lat="18.1566736" lon="74.5697407"/>
 <node id="3252641954" visible="true" version="2" changeset="93028868" timestamp="2020-10-25T20:47:41Z" user="mottiger" uid="7504544" lat="18.1551751" lon="74.5753683"/>
 <node id="3252641957" visible="true" version="1" changeset="27696095" timestamp="2014-12-25T20:42:49Z" user="EC95" uid="2410326" lat="18.1548416" lon="74.5686998"/>
 <node id="3252641959" visible="true" version="1" changeset="27696095" timestamp="2014-12-25T20:42:50Z" user="EC95" uid="2410326" lat="18.1535114" lon="74.5697109"/>
 <node id="3252641960" visible="true" version="1" changeset="27696095" timestamp="2014-12-25T20:42:50Z" user="EC95" uid="2410326" lat="18.1545051" lon="74.5693998"/>
 <node id="3252641961" visible="true" version="1" changeset="27696095" timestamp="2014-12-25T20:42:50Z" user="EC95" uid="2410326" lat="18.1588638" lon="74.5781957"/>
 <node id="3252641963" visible="true" version="1" changeset="27696095" timestamp="2014-12-25T20:42:50Z" user="EC95" uid="2410326" lat="18.1592943" lon="74.5697306"/>
 <node id="3252641964" visible="true" version="1" changeset="27696095" timestamp="2014-12-25T20:42:50Z" user="EC95" uid="2410326" lat="18.1529096" lon="74.5706900"/>
 <node id="3252641973" visible="true" version="1" changeset="27696095" timestamp="2014-12-25T20:42:50Z" user="EC95" uid="2410326" lat="18.1546835" lon="74.5697887"/>
 <node id="3252641976" visible="true" version="1" changeset="27696095" timestamp="2014-12-25T20:42:50Z" user="EC95" uid="2410326" lat="18.1556928" lon="74.5787795"/>
 <node id="3252641978" visible="true" version="2" changeset="93028868" timestamp="2020-10-25T20:47:41Z" user="mottiger" uid="7504544" lat="18.1539810" lon="74.5761153"/>
 <node id="3252641979" visible="true" version="1" changeset="27696095" timestamp="2014-12-25T20:42:50Z" user="EC95" uid="2410326" lat="18.1585473" lon="74.5717038"/>
 <node id="3252641980" visible="true" version="1" changeset="27696095" timestamp="2014-12-25T20:42:50Z" user="EC95" uid="2410326" lat="18.1566613" lon="74.5691023"/>
 <node id="3252641981" visible="true" version="1" changeset="27696095" timestamp="2014-12-25T20:42:50Z" user="EC95" uid="2410326" lat="18.1581089" lon="74.5715161"/>
 <node id="3252641983" visible="true" version="1" changeset="27696095" timestamp="2014-12-25T20:42:50Z" user="EC95" uid="2410326" lat="18.1567851" lon="74.5791181"/>
 <node id="3252641992" visible="true" version="1" changeset="27696095" timestamp="2014-12-25T20:42:50Z" user="EC95" uid="2410326" lat="18.1534653" lon="74.5695286"/>
 <node id="3252641993" visible="true" version="1" changeset="27696095" timestamp="2014-12-25T20:42:50Z" user="EC95" uid="2410326" lat="18.1550608" lon="74.5762743"/>
 <node id="3252641994" visible="true" version="1" changeset="27696095" timestamp="2014-12-25T20:42:50Z" user="EC95" uid="2410326" lat="18.1549614" lon="74.5700891"/>
 <node id="3252641995" visible="true" version="1" changeset="27696095" timestamp="2014-12-25T20:42:50Z" user="EC95" uid="2410326" lat="18.1569315" lon="74.5793535"/>
 <node id="3252641999" visible="true" version="1" changeset="27696095" timestamp="2014-12-25T20:42:50Z" user="EC95" uid="2410326" lat="18.1564625" lon="74.5707865"/>
 <node id="3252642000" visible="true" version="1" changeset="27696095" timestamp="2014-12-25T20:42:50Z" user="EC95" uid="2410326" lat="18.1552965" lon="74.5717406"/>
 <node id="3252642001" visible="true" version="1" changeset="27696095" timestamp="2014-12-25T20:42:50Z" user="EC95" uid="2410326" lat="18.1524917" lon="74.5758774"/>
 <node id="3252642002" visible="true" version="1" changeset="27696095" timestamp="2014-12-25T20:42:50Z" user="EC95" uid="2410326" lat="18.1535366" lon="74.5702072"/>
 <node id="3252642004" visible="true" version="1" changeset="27696095" timestamp="2014-12-25T20:42:50Z" user="EC95" uid="2410326" lat="18.1552798" lon="74.5711775"/>
 <node id="3252642009" visible="true" version="1" changeset="27696095" timestamp="2014-12-25T20:42:50Z" user="EC95" uid="2410326" lat="18.1552341" lon="74.5780714"/>
 <node id="3252642012" visible="true" version="1" changeset="27696095" timestamp="2014-12-25T20:42:50Z" user="EC95" uid="2410326" lat="18.1536921" lon="74.5715751"/>
 <node id="3252642018" visible="true" version="1" changeset="27696095" timestamp="2014-12-25T20:42:50Z" user="EC95" uid="2410326" lat="18.1619711" lon="74.5732686"/>
 <node id="3252642019" visible="true" version="1" changeset="27696095" timestamp="2014-12-25T20:42:50Z" user="EC95" uid="2410326" lat="18.1556164" lon="74.5720793"/>
 <node id="3252642023" visible="true" version="1" changeset="27696095" timestamp="2014-12-25T20:42:51Z" user="EC95" uid="2410326" lat="18.1540258" lon="74.5711595"/>
 <node id="3252642025" visible="true" version="1" changeset="27696095" timestamp="2014-12-25T20:42:51Z" user="EC95" uid="2410326" lat="18.1526497" lon="74.5757218"/>
 <node id="3252642026" visible="true" version="1" changeset="27696095" timestamp="2014-12-25T20:42:51Z" user="EC95" uid="2410326" lat="18.1547141" lon="74.5772185"/>
 <node id="3252642027" visible="true" version="1" changeset="27696095" timestamp="2014-12-25T20:42:51Z" user="EC95" uid="2410326" lat="18.1592433" lon="74.5720199"/>
 <node id="3252642036" visible="true" version="1" changeset="27696095" timestamp="2014-12-25T20:42:51Z" user="EC95" uid="2410326" lat="18.1538143" lon="74.5711564"/>
 <node id="3252642039" visible="true" version="1" changeset="27696095" timestamp="2014-12-25T20:42:51Z" user="EC95" uid="2410326" lat="18.1580988" lon="74.5689894"/>
 <node id="3252642041" visible="true" version="1" changeset="27696095" timestamp="2014-12-25T20:42:51Z" user="EC95" uid="2410326" lat="18.1530167" lon="74.5757003"/>
 <node id="3252642048" visible="true" version="1" changeset="27696095" timestamp="2014-12-25T20:42:51Z" user="EC95" uid="2410326" lat="18.1566891" lon="74.5705453"/>
 <node id="3252642050" visible="true" version="2" changeset="93028868" timestamp="2020-10-25T20:47:41Z" user="mottiger" uid="7504544" lat="18.1586502" lon="74.5751162"/>
 <node id="3252642051" visible="true" version="1" changeset="27696095" timestamp="2014-12-25T20:42:51Z" user="EC95" uid="2410326" lat="18.1566874" lon="74.5704596"/>
 <node id="3252642052" visible="true" version="1" changeset="27696095" timestamp="2014-12-25T20:42:51Z" user="EC95" uid="2410326" lat="18.1602957" lon="74.5724978"/>
 <node id="3252642053" visible="true" version="1" changeset="27696095" timestamp="2014-12-25T20:42:51Z" user="EC95" uid="2410326" lat="18.1566824" lon="74.5701965"/>
 <node id="3252642054" visible="true" version="1" changeset="27696095" timestamp="2014-12-25T20:42:51Z" user="EC95" uid="2410326" lat="18.1527261" lon="74.5760329"/>
 <node id="3252642055" visible="true" version="1" changeset="27696095" timestamp="2014-12-25T20:42:51Z" user="EC95" uid="2410326" lat="18.1588837" lon="74.5798631"/>
 <node id="3252642056" visible="true" version="1" changeset="27696095" timestamp="2014-12-25T20:42:51Z" user="EC95" uid="2410326" lat="18.1563358" lon="74.5716867"/>
 <node id="3252642058" visible="true" version="1" changeset="27696095" timestamp="2014-12-25T20:42:51Z" user="EC95" uid="2410326" lat="18.1531696" lon="74.5761724"/>
 <node id="3252642060" visible="true" version="1" changeset="27696095" timestamp="2014-12-25T20:42:51Z" user="EC95" uid="2410326" lat="18.1578235" lon="74.5806678"/>
 <node id="3252642061" visible="true" version="1" changeset="27696095" timestamp="2014-12-25T20:42:51Z" user="EC95" uid="2410326" lat="18.1557336" lon="74.5701160"/>
 <node id="3252642062" visible="true" version="1" changeset="27696095" timestamp="2014-12-25T20:42:51Z" user="EC95" uid="2410326" lat="18.1549435" lon="74.5767142"/>
 <node id="3252642066" visible="true" version="1" changeset="27696095" timestamp="2014-12-25T20:42:51Z" user="EC95" uid="2410326" lat="18.1547702" lon="74.5701187"/>
 <node id="3252642068" visible="true" version="2" changeset="93028868" timestamp="2020-10-25T20:47:41Z" user="mottiger" uid="7504544" lat="18.1550701" lon="74.5747900"/>
 <node id="3252642069" visible="true" version="1" changeset="27696095" timestamp="2014-12-25T20:42:52Z" user="EC95" uid="2410326" lat="18.1541738" lon="74.5754804"/>
 <node id="3252642070" visible="true" version="1" changeset="27696095" timestamp="2014-12-25T20:42:52Z" user="EC95" uid="2410326" lat="18.1562122" lon="74.5721793"/>
 <node id="3252642073" visible="true" version="1" changeset="27696095" timestamp="2014-12-25T20:42:52Z" user="EC95" uid="2410326" lat="18.1581599" lon="74.5693650"/>
 <node id="3252642074" visible="true" version="1" changeset="27696095" timestamp="2014-12-25T20:42:52Z" user="EC95" uid="2410326" lat="18.1548976" lon="74.5697566"/>
 <node id="3252642083" visible="true" version="1" changeset="27696095" timestamp="2014-12-25T20:42:52Z" user="EC95" uid="2410326" lat="18.1625027" lon="74.5734956"/>
 <node id="3252642086" visible="true" version="1" changeset="27696095" timestamp="2014-12-25T20:42:52Z" user="EC95" uid="2410326" lat="18.1604735" lon="74.5725796"/>
 <node id="3252642107" visible="true" version="1" changeset="27696095" timestamp="2014-12-25T20:42:52Z" user="EC95" uid="2410326" lat="18.1541279" lon="74.5701642"/>
 <node id="3252642111" visible="true" version="1" changeset="27696095" timestamp="2014-12-25T20:42:52Z" user="EC95" uid="2410326" lat="18.1531324" lon="74.5692083"/>
 <node id="3252642119" visible="true" version="1" changeset="27696095" timestamp="2014-12-25T20:42:52Z" user="EC95" uid="2410326" lat="18.1586910" lon="74.5800094"/>
 <node id="3252642120" visible="true" version="1" changeset="27696095" timestamp="2014-12-25T20:42:52Z" user="EC95" uid="2410326" lat="18.1538132" lon="74.5697595"/>
 <node id="3252642123" visible="true" version="1" changeset="27696095" timestamp="2014-12-25T20:42:52Z" user="EC95" uid="2410326" lat="18.1537660" lon="74.5701803"/>
 <node id="3252642127" visible="true" version="1" changeset="27696095" timestamp="2014-12-25T20:42:52Z" user="EC95" uid="2410326" lat="18.1566659" lon="74.5693436"/>
 <node id="3252642138" visible="true" version="1" changeset="27696095" timestamp="2014-12-25T20:42:53Z" user="EC95" uid="2410326" lat="18.1632633" lon="74.5713522"/>
 <node id="3252642139" visible="true" version="1" changeset="27696095" timestamp="2014-12-25T20:42:53Z" user="EC95" uid="2410326" lat="18.1537201" lon="74.5704968"/>
 <node id="3252642141" visible="true" version="1" changeset="27696095" timestamp="2014-12-25T20:42:53Z" user="EC95" uid="2410326" lat="18.1566933" lon="74.5707650"/>
 <node id="3252642148" visible="true" version="1" changeset="27696095" timestamp="2014-12-25T20:42:53Z" user="EC95" uid="2410326" lat="18.1637576" lon="74.5722428"/>
 <node id="3252642164" visible="true" version="1" changeset="27696095" timestamp="2014-12-25T20:42:53Z" user="EC95" uid="2410326" lat="18.1521043" lon="74.5759525"/>
 <node id="3252642171" visible="true" version="1" changeset="27696095" timestamp="2014-12-25T20:42:53Z" user="EC95" uid="2410326" lat="18.1550970" lon="74.5769570"/>
 <node id="3252642172" visible="true" version="1" changeset="27696095" timestamp="2014-12-25T20:42:53Z" user="EC95" uid="2410326" lat="18.1535880" lon="74.5698915"/>
 <node id="3252642174" visible="true" version="2" changeset="93028868" timestamp="2020-10-25T20:47:41Z" user="mottiger" uid="7504544" lat="18.1550024" lon="74.5746904"/>
 <node id="3252642177" visible="true" version="1" changeset="27696095" timestamp="2014-12-25T20:42:53Z" user="EC95" uid="2410326" lat="18.1532384" lon="74.5697646"/>
 <node id="3252642179" visible="true" version="1" changeset="27696095" timestamp="2014-12-25T20:42:53Z" user="EC95" uid="2410326" lat="18.1551066" lon="74.5720793"/>
 <node id="3252642180" visible="true" version="1" changeset="27696095" timestamp="2014-12-25T20:42:53Z" user="EC95" uid="2410326" lat="18.1546122" lon="74.5767303"/>
 <node id="3252642183" visible="true" version="1" changeset="27696095" timestamp="2014-12-25T20:42:53Z" user="EC95" uid="2410326" lat="18.1559579" lon="74.5708992"/>
 <node id="3252642185" visible="true" version="1" changeset="27696095" timestamp="2014-12-25T20:42:53Z" user="EC95" uid="2410326" lat="18.1563198" lon="74.5721974"/>
 <node id="3252642186" visible="true" version="2" changeset="93028868" timestamp="2020-10-25T20:47:41Z" user="mottiger" uid="7504544" lat="18.1583380" lon="74.5749982"/>
 <node id="3252642187" visible="true" version="1" changeset="27696095" timestamp="2014-12-25T20:42:53Z" user="EC95" uid="2410326" lat="18.1582313" lon="74.5697458"/>
 <node id="3252642192" visible="true" version="1" changeset="27696095" timestamp="2014-12-25T20:42:53Z" user="EC95" uid="2410326" lat="18.1544032" lon="74.5690538"/>
 <node id="3252642193" visible="true" version="2" changeset="93028868" timestamp="2020-10-25T20:47:41Z" user="mottiger" uid="7504544" lat="18.1551598" lon="74.5749137"/>
 <node id="3252642194" visible="true" version="1" changeset="27696095" timestamp="2014-12-25T20:42:53Z" user="EC95" uid="2410326" lat="18.1552188" lon="74.5736082"/>
 <node id="3252642195" visible="true" version="1" changeset="27696095" timestamp="2014-12-25T20:42:53Z" user="EC95" uid="2410326" lat="18.1548671" lon="74.5749439"/>
 <node id="3252642196" visible="true" version="1" changeset="27696095" timestamp="2014-12-25T20:42:53Z" user="EC95" uid="2410326" lat="18.1553258" lon="74.5720311"/>
 <node id="3252642199" visible="true" version="1" changeset="27696095" timestamp="2014-12-25T20:42:54Z" user="EC95" uid="2410326" lat="18.1571824" lon="74.5808033"/>
 <node id="3252642201" visible="true" version="1" changeset="27696095" timestamp="2014-12-25T20:42:54Z" user="EC95" uid="2410326" lat="18.1535213" lon="74.5704378"/>
 <node id="3252642206" visible="true" version="1" changeset="27696095" timestamp="2014-12-25T20:42:54Z" user="EC95" uid="2410326" lat="18.1626832" lon="74.5735326"/>
 <node id="3252642209" visible="true" version="1" changeset="27696095" timestamp="2014-12-25T20:42:54Z" user="EC95" uid="2410326" lat="18.1549817" lon="74.5702340"/>
 <node id="3252642212" visible="true" version="2" changeset="93028868" timestamp="2020-10-25T20:47:41Z" user="mottiger" uid="7504544" lat="18.1601195" lon="74.5761529"/>
 <node id="3252642213" visible="true" version="1" changeset="27696095" timestamp="2014-12-25T20:42:54Z" user="EC95" uid="2410326" lat="18.1601488" lon="74.5772399"/>
 <node id="3252642215" visible="true" version="1" changeset="27696095" timestamp="2014-12-25T20:42:54Z" user="EC95" uid="2410326" lat="18.1578388" lon="74.5703520"/>
 <node id="3252642227" visible="true" version="1" changeset="27696095" timestamp="2014-12-25T20:42:54Z" user="EC95" uid="2410326" lat="18.1552547" lon="74.5706119"/>
 <node id="3252642230" visible="true" version="2" changeset="134273747" timestamp="2023-03-29T18:04:17Z" user="PlaneMad" uid="1306" lat="18.1589028" lon="74.5788449"/>
 <node id="3252642235" visible="true" version="1" changeset="27696095" timestamp="2014-12-25T20:42:54Z" user="EC95" uid="2410326" lat="18.1542171" lon="74.5715107"/>
 <node id="3252642236" visible="true" version="1" changeset="27696095" timestamp="2014-12-25T20:42:54Z" user="EC95" uid="2410326" lat="18.1510080" lon="74.5763552"/>
 <node id="3252642241" visible="true" version="1" changeset="27696095" timestamp="2014-12-25T20:42:54Z" user="EC95" uid="2410326" lat="18.1544348" lon="74.5763569"/>
 <node id="3252642242" visible="true" version="1" changeset="27696095" timestamp="2014-12-25T20:42:54Z" user="EC95" uid="2410326" lat="18.1565951" lon="74.5791818"/>
 <node id="3252642245" visible="true" version="1" changeset="27696095" timestamp="2014-12-25T20:42:54Z" user="EC95" uid="2410326" lat="18.1542554" lon="74.5764835"/>
 <node id="3252642249" visible="true" version="1" changeset="27696095" timestamp="2014-12-25T20:42:54Z" user="EC95" uid="2410326" lat="18.1535610" lon="74.5699068"/>
 <node id="3252642251" visible="true" version="1" changeset="27696095" timestamp="2014-12-25T20:42:54Z" user="EC95" uid="2410326" lat="18.1536921" lon="74.5693328"/>
 <node id="3252642253" visible="true" version="1" changeset="27696095" timestamp="2014-12-25T20:42:54Z" user="EC95" uid="2410326" lat="18.1544287" lon="74.5689036"/>
 <node id="3252642255" visible="true" version="1" changeset="27696095" timestamp="2014-12-25T20:42:54Z" user="EC95" uid="2410326" lat="18.1545459" lon="74.5688017"/>
 <node id="3252642364" visible="true" version="1" changeset="27696095" timestamp="2014-12-25T20:42:55Z" user="EC95" uid="2410326" lat="18.1536998" lon="74.5761778"/>
 <node id="3252642368" visible="true" version="2" changeset="93028868" timestamp="2020-10-25T20:47:41Z" user="mottiger" uid="7504544" lat="18.1552069" lon="74.5751591"/>
 <node id="3252642370" visible="true" version="1" changeset="27696095" timestamp="2014-12-25T20:42:55Z" user="EC95" uid="2410326" lat="18.1559682" lon="74.5705361"/>
 <node id="3252642374" visible="true" version="1" changeset="27696095" timestamp="2014-12-25T20:42:55Z" user="EC95" uid="2410326" lat="18.1564045" lon="74.5790259"/>
 <node id="3252642380" visible="true" version="1" changeset="27696095" timestamp="2014-12-25T20:42:55Z" user="EC95" uid="2410326" lat="18.1537660" lon="74.5756306"/>
 <node id="3252642384" visible="true" version="1" changeset="27696095" timestamp="2014-12-25T20:42:55Z" user="EC95" uid="2410326" lat="18.1547600" lon="74.5721437"/>
 <node id="3252642388" visible="true" version="1" changeset="27696095" timestamp="2014-12-25T20:42:55Z" user="EC95" uid="2410326" lat="18.1551933" lon="74.5695152"/>
 <node id="3252642401" visible="true" version="2" changeset="142225649" timestamp="2023-10-06T10:14:28Z" user="kunalchhapre" uid="19795114" lat="18.1548862" lon="74.5696126"/>
 <node id="3252642409" visible="true" version="1" changeset="27696095" timestamp="2014-12-25T20:42:55Z" user="EC95" uid="2410326" lat="18.1550997" lon="74.5719837"/>
 <node id="3252642412" visible="true" version="1" changeset="27696095" timestamp="2014-12-25T20:42:55Z" user="EC95" uid="2410326" lat="18.1552134" lon="74.5765333"/>
 <node id="3252642413" visible="true" version="1" changeset="27696095" timestamp="2014-12-25T20:42:55Z" user="EC95" uid="2410326" lat="18.1536590" lon="74.5690592"/>
 <node id="3252642414" visible="true" version="1" changeset="27696095" timestamp="2014-12-25T20:42:55Z" user="EC95" uid="2410326" lat="18.1552596" lon="74.5704539"/>
 <node id="3252642415" visible="true" version="1" changeset="27696095" timestamp="2014-12-25T20:42:55Z" user="EC95" uid="2410326" lat="18.1643159" lon="74.5735534"/>
 <node id="3252642420" visible="true" version="1" changeset="27696095" timestamp="2014-12-25T20:42:55Z" user="EC95" uid="2410326" lat="18.1577929" lon="74.5811238"/>
 <node id="3252642423" visible="true" version="1" changeset="27696095" timestamp="2014-12-25T20:42:55Z" user="EC95" uid="2410326" lat="18.1552698" lon="74.5686874"/>
 <node id="3252642426" visible="true" version="1" changeset="27696095" timestamp="2014-12-25T20:42:56Z" user="EC95" uid="2410326" lat="18.1535264" lon="74.5707061"/>
 <node id="3252642430" visible="true" version="2" changeset="93028868" timestamp="2020-10-25T20:47:41Z" user="mottiger" uid="7504544" lat="18.1546947" lon="74.5757331"/>
 <node id="3254589556" visible="true" version="1" changeset="27721326" timestamp="2014-12-27T00:26:55Z" user="EC95" uid="2410326" lat="18.1455460" lon="74.5950488"/>
 <node id="3254590474" visible="true" version="1" changeset="27721326" timestamp="2014-12-27T00:26:55Z" user="EC95" uid="2410326" lat="18.1453625" lon="74.5922754"/>
 <node id="3254590475" visible="true" version="1" changeset="27721326" timestamp="2014-12-27T00:26:55Z" user="EC95" uid="2410326" lat="18.1464335" lon="74.5692052"/>
 <node id="3254590478" visible="true" version="1" changeset="27721326" timestamp="2014-12-27T00:26:55Z" user="EC95" uid="2410326" lat="18.1456765" lon="74.5697872"/>
 <node id="3254590482" visible="true" version="1" changeset="27721326" timestamp="2014-12-27T00:26:55Z" user="EC95" uid="2410326" lat="18.1486178" lon="74.5935677"/>
 <node id="3254590484" visible="true" version="1" changeset="27721326" timestamp="2014-12-27T00:26:55Z" user="EC95" uid="2410326" lat="18.1456281" lon="74.5697604"/>
 <node id="3254590493" visible="true" version="1" changeset="27721326" timestamp="2014-12-27T00:26:55Z" user="EC95" uid="2410326" lat="18.1448493" lon="74.5694228"/>
 <node id="3254590495" visible="true" version="1" changeset="27721326" timestamp="2014-12-27T00:26:55Z" user="EC95" uid="2410326" lat="18.1472109" lon="74.5718015"/>
 <node id="3254590497" visible="true" version="1" changeset="27721326" timestamp="2014-12-27T00:26:55Z" user="EC95" uid="2410326" lat="18.1459997" lon="74.5951024"/>
 <node id="3254590509" visible="true" version="1" changeset="27721326" timestamp="2014-12-27T00:26:56Z" user="EC95" uid="2410326" lat="18.1453503" lon="74.5690174"/>
 <node id="3254590510" visible="true" version="1" changeset="27721326" timestamp="2014-12-27T00:26:56Z" user="EC95" uid="2410326" lat="18.1455593" lon="74.5696772"/>
 <node id="3254590514" visible="true" version="1" changeset="27721326" timestamp="2014-12-27T00:26:56Z" user="EC95" uid="2410326" lat="18.1458576" lon="74.5690917"/>
 <node id="3254590525" visible="true" version="1" changeset="27721326" timestamp="2014-12-27T00:26:56Z" user="EC95" uid="2410326" lat="18.1453668" lon="74.5944537"/>
 <node id="3254590528" visible="true" version="1" changeset="27721326" timestamp="2014-12-27T00:26:56Z" user="EC95" uid="2410326" lat="18.1452595" lon="74.5946250"/>
 <node id="3254590539" visible="true" version="1" changeset="27721326" timestamp="2014-12-27T00:26:56Z" user="EC95" uid="2410326" lat="18.1466338" lon="74.5932466"/>
 <node id="3254590541" visible="true" version="1" changeset="27721326" timestamp="2014-12-27T00:26:56Z" user="EC95" uid="2410326" lat="18.1439025" lon="74.5928810"/>
 <node id="3254590545" visible="true" version="1" changeset="27721326" timestamp="2014-12-27T00:26:56Z" user="EC95" uid="2410326" lat="18.1459390" lon="74.5693017"/>
 <node id="3254590551" visible="true" version="1" changeset="27721326" timestamp="2014-12-27T00:26:56Z" user="EC95" uid="2410326" lat="18.1467496" lon="74.5692856"/>
 <node id="3254590556" visible="true" version="1" changeset="27721326" timestamp="2014-12-27T00:26:56Z" user="EC95" uid="2410326" lat="18.1462621" lon="74.5931740"/>
 <node id="3254590565" visible="true" version="1" changeset="27721326" timestamp="2014-12-27T00:26:56Z" user="EC95" uid="2410326" lat="18.1472619" lon="74.5714770"/>
 <node id="3254590569" visible="true" version="1" changeset="27721326" timestamp="2014-12-27T00:26:57Z" user="EC95" uid="2410326" lat="18.1463341" lon="74.5686714"/>
 <node id="3254590594" visible="true" version="1" changeset="27721326" timestamp="2014-12-27T00:26:57Z" user="EC95" uid="2410326" lat="18.1466420" lon="74.5936755"/>
 <node id="3254590603" visible="true" version="1" changeset="27721326" timestamp="2014-12-27T00:26:57Z" user="EC95" uid="2410326" lat="18.1448347" lon="74.5693690"/>
 <node id="3254590609" visible="true" version="1" changeset="27721326" timestamp="2014-12-27T00:26:57Z" user="EC95" uid="2410326" lat="18.1458958" lon="74.5690998"/>
 <node id="3254590611" visible="true" version="1" changeset="27721326" timestamp="2014-12-27T00:26:57Z" user="EC95" uid="2410326" lat="18.1464641" lon="74.5692695"/>
 <node id="3254590615" visible="true" version="1" changeset="27721326" timestamp="2014-12-27T00:26:57Z" user="EC95" uid="2410326" lat="18.1460048" lon="74.5946840"/>
 <node id="3254590617" visible="true" version="1" changeset="27721326" timestamp="2014-12-27T00:26:57Z" user="EC95" uid="2410326" lat="18.1449381" lon="74.5697513"/>
 <node id="3254590619" visible="true" version="1" changeset="27721326" timestamp="2014-12-27T00:26:57Z" user="EC95" uid="2410326" lat="18.1542719" lon="74.5925752"/>
 <node id="3254590629" visible="true" version="1" changeset="27721326" timestamp="2014-12-27T00:26:58Z" user="EC95" uid="2410326" lat="18.1557807" lon="74.5985190"/>
 <node id="3254590637" visible="true" version="1" changeset="27721326" timestamp="2014-12-27T00:26:58Z" user="EC95" uid="2410326" lat="18.1455919" lon="74.5937667"/>
 <node id="3254590639" visible="true" version="1" changeset="27721326" timestamp="2014-12-27T00:26:58Z" user="EC95" uid="2410326" lat="18.1457754" lon="74.5923827"/>
 <node id="3254590645" visible="true" version="1" changeset="27721326" timestamp="2014-12-27T00:26:58Z" user="EC95" uid="2410326" lat="18.1455746" lon="74.5697872"/>
 <node id="3254590673" visible="true" version="1" changeset="27721326" timestamp="2014-12-27T00:26:58Z" user="EC95" uid="2410326" lat="18.1460665" lon="74.5696987"/>
 <node id="3254590676" visible="true" version="1" changeset="27721326" timestamp="2014-12-27T00:26:58Z" user="EC95" uid="2410326" lat="18.1455108" lon="74.5696129"/>
 <node id="3254590685" visible="true" version="1" changeset="27721326" timestamp="2014-12-27T00:26:58Z" user="EC95" uid="2410326" lat="18.1457555" lon="74.5693259"/>
 <node id="3254590686" visible="true" version="1" changeset="27721326" timestamp="2014-12-27T00:26:58Z" user="EC95" uid="2410326" lat="18.1458466" lon="74.5933859"/>
 <node id="3254590714" visible="true" version="1" changeset="27721326" timestamp="2014-12-27T00:26:59Z" user="EC95" uid="2410326" lat="18.1454318" lon="74.5692803"/>
 <node id="3254590728" visible="true" version="1" changeset="27721326" timestamp="2014-12-27T00:26:59Z" user="EC95" uid="2410326" lat="18.1463468" lon="74.5694117"/>
 <node id="3254590735" visible="true" version="1" changeset="27721326" timestamp="2014-12-27T00:26:59Z" user="EC95" uid="2410326" lat="18.1430027" lon="74.5684529"/>
 <node id="3254590743" visible="true" version="1" changeset="27721326" timestamp="2014-12-27T00:26:59Z" user="EC95" uid="2410326" lat="18.1454288" lon="74.5948878"/>
 <node id="3254590747" visible="true" version="1" changeset="27721326" timestamp="2014-12-27T00:26:59Z" user="EC95" uid="2410326" lat="18.1452565" lon="74.5690293"/>
 <node id="3254590750" visible="true" version="1" changeset="27721326" timestamp="2014-12-27T00:26:59Z" user="EC95" uid="2410326" lat="18.1459467" lon="74.5924148"/>
 <node id="3254590758" visible="true" version="1" changeset="27721326" timestamp="2014-12-27T00:27:00Z" user="EC95" uid="2410326" lat="18.1455154" lon="74.5945123"/>
 <node id="3254590760" visible="true" version="1" changeset="27721326" timestamp="2014-12-27T00:27:00Z" user="EC95" uid="2410326" lat="18.1454542" lon="74.5949951"/>
 <node id="3254590761" visible="true" version="1" changeset="27721326" timestamp="2014-12-27T00:27:00Z" user="EC95" uid="2410326" lat="18.1466349" lon="74.5687089"/>
 <node id="3254590774" visible="true" version="1" changeset="27721326" timestamp="2014-12-27T00:27:00Z" user="EC95" uid="2410326" lat="18.1443731" lon="74.5959663"/>
 <node id="3254590787" visible="true" version="1" changeset="27721326" timestamp="2014-12-27T00:27:00Z" user="EC95" uid="2410326" lat="18.1458855" lon="74.5931005"/>
 <node id="3254590796" visible="true" version="1" changeset="27721326" timestamp="2014-12-27T00:27:00Z" user="EC95" uid="2410326" lat="18.1451973" lon="74.5689155"/>
 <node id="3254590803" visible="true" version="2" changeset="134273747" timestamp="2023-03-29T18:04:17Z" user="PlaneMad" uid="1306" lat="18.1442082" lon="74.5688603"/>
 <node id="3254590806" visible="true" version="1" changeset="27721326" timestamp="2014-12-27T00:27:00Z" user="EC95" uid="2410326" lat="18.1446035" lon="74.5693661"/>
 <node id="3254590814" visible="true" version="1" changeset="27721326" timestamp="2014-12-27T00:27:00Z" user="EC95" uid="2410326" lat="18.1444021" lon="74.5693124"/>
 <node id="3254590819" visible="true" version="1" changeset="27721326" timestamp="2014-12-27T00:27:01Z" user="EC95" uid="2410326" lat="18.1453982" lon="74.5947752"/>
 <node id="3254590820" visible="true" version="1" changeset="27721326" timestamp="2014-12-27T00:27:01Z" user="EC95" uid="2410326" lat="18.1433978" lon="74.5924948"/>
 <node id="3254590824" visible="true" version="1" changeset="27721326" timestamp="2014-12-27T00:27:01Z" user="EC95" uid="2410326" lat="18.1430832" lon="74.5705679"/>
 <node id="3254590842" visible="true" version="1" changeset="27721326" timestamp="2014-12-27T00:27:01Z" user="EC95" uid="2410326" lat="18.1435430" lon="74.5972172"/>
 <node id="3254590850" visible="true" version="1" changeset="27721326" timestamp="2014-12-27T00:27:01Z" user="EC95" uid="2410326" lat="18.1451719" lon="74.5686667"/>
 <node id="3254590851" visible="true" version="1" changeset="27721326" timestamp="2014-12-27T00:27:01Z" user="EC95" uid="2410326" lat="18.1463749" lon="74.5689638"/>
 <node id="3254590855" visible="true" version="1" changeset="27721326" timestamp="2014-12-27T00:27:01Z" user="EC95" uid="2410326" lat="18.1470172" lon="74.5689101"/>
 <node id="3254590859" visible="true" version="1" changeset="27721326" timestamp="2014-12-27T00:27:01Z" user="EC95" uid="2410326" lat="18.1458039" lon="74.5693205"/>
 <node id="3254590865" visible="true" version="1" changeset="27721326" timestamp="2014-12-27T00:27:01Z" user="EC95" uid="2410326" lat="18.1460767" lon="74.5694868"/>
 <node id="3254590876" visible="true" version="1" changeset="27721326" timestamp="2014-12-27T00:27:02Z" user="EC95" uid="2410326" lat="18.1448097" lon="74.5690594"/>
 <node id="3254590878" visible="true" version="1" changeset="27721326" timestamp="2014-12-27T00:27:02Z" user="EC95" uid="2410326" lat="18.1435747" lon="74.5926205"/>
 <node id="3254590922" visible="true" version="1" changeset="27721326" timestamp="2014-12-27T00:27:02Z" user="EC95" uid="2410326" lat="18.1451718" lon="74.5688082"/>
 <node id="3254590942" visible="true" version="1" changeset="27721326" timestamp="2014-12-27T00:27:03Z" user="EC95" uid="2410326" lat="18.1459747" lon="74.5691166"/>
 <node id="3254590944" visible="true" version="1" changeset="27721326" timestamp="2014-12-27T00:27:03Z" user="EC95" uid="2410326" lat="18.1421149" lon="74.5915916"/>
 <node id="3254590964" visible="true" version="1" changeset="27721326" timestamp="2014-12-27T00:27:03Z" user="EC95" uid="2410326" lat="18.1472721" lon="74.5720429"/>
 <node id="3254590968" visible="true" version="3" changeset="134273747" timestamp="2023-03-29T18:04:17Z" user="PlaneMad" uid="1306" lat="18.1450492" lon="74.5682357"/>
 <node id="3254590983" visible="true" version="1" changeset="27721326" timestamp="2014-12-27T00:27:03Z" user="EC95" uid="2410326" lat="18.1539141" lon="74.5899038"/>
 <node id="3254590984" visible="true" version="1" changeset="27721326" timestamp="2014-12-27T00:27:03Z" user="EC95" uid="2410326" lat="18.1460864" lon="74.5935467"/>
 <node id="3254590995" visible="true" version="1" changeset="27721326" timestamp="2014-12-27T00:27:03Z" user="EC95" uid="2410326" lat="18.1465533" lon="74.5693339"/>
 <node id="3254590998" visible="true" version="1" changeset="27721326" timestamp="2014-12-27T00:27:04Z" user="EC95" uid="2410326" lat="18.1458345" lon="74.5691649"/>
 <node id="3254591001" visible="true" version="1" changeset="27721326" timestamp="2014-12-27T00:27:04Z" user="EC95" uid="2410326" lat="18.1551487" lon="74.5954291"/>
 <node id="3254591006" visible="true" version="1" changeset="27721326" timestamp="2014-12-27T00:27:04Z" user="EC95" uid="2410326" lat="18.1433684" lon="74.5974803"/>
 <node id="3254591007" visible="true" version="1" changeset="27721326" timestamp="2014-12-27T00:27:04Z" user="EC95" uid="2410326" lat="18.1456102" lon="74.5690389"/>
 <node id="3254591009" visible="true" version="1" changeset="27721326" timestamp="2014-12-27T00:27:04Z" user="EC95" uid="2410326" lat="18.1540273" lon="74.5907513"/>
 <node id="3254591013" visible="true" version="1" changeset="27721326" timestamp="2014-12-27T00:27:04Z" user="EC95" uid="2410326" lat="18.1453827" lon="74.5692784"/>
 <node id="3254591021" visible="true" version="1" changeset="27721326" timestamp="2014-12-27T00:27:04Z" user="EC95" uid="2410326" lat="18.1467852" lon="74.5694010"/>
 <node id="3254591035" visible="true" version="1" changeset="27721326" timestamp="2014-12-27T00:27:04Z" user="EC95" uid="2410326" lat="18.1462908" lon="74.5692025"/>
 <node id="3254591045" visible="true" version="1" changeset="27721326" timestamp="2014-12-27T00:27:04Z" user="EC95" uid="2410326" lat="18.1470172" lon="74.5689450"/>
 <node id="3254591047" visible="true" version="1" changeset="27721326" timestamp="2014-12-27T00:27:04Z" user="EC95" uid="2410326" lat="18.1395460" lon="74.5901028"/>
 <node id="3254591050" visible="true" version="1" changeset="27721326" timestamp="2014-12-27T00:27:05Z" user="EC95" uid="2410326" lat="18.1386539" lon="74.5896468"/>
 <node id="3254591051" visible="true" version="1" changeset="27721326" timestamp="2014-12-27T00:27:05Z" user="EC95" uid="2410326" lat="18.1463259" lon="74.5936218"/>
 <node id="3254591055" visible="true" version="1" changeset="27721326" timestamp="2014-12-27T00:27:05Z" user="EC95" uid="2410326" lat="18.1417737" lon="74.5913849"/>
 <node id="3254591059" visible="true" version="1" changeset="27721326" timestamp="2014-12-27T00:27:05Z" user="EC95" uid="2410326" lat="18.1449598" lon="74.5920769"/>
 <node id="3254591062" visible="true" version="1" changeset="27721326" timestamp="2014-12-27T00:27:05Z" user="EC95" uid="2410326" lat="18.1422026" lon="74.5916448"/>
 <node id="3254591066" visible="true" version="1" changeset="27721326" timestamp="2014-12-27T00:27:05Z" user="EC95" uid="2410326" lat="18.1467172" lon="74.5932629"/>
 <node id="3254591077" visible="true" version="1" changeset="27721326" timestamp="2014-12-27T00:27:05Z" user="EC95" uid="2410326" lat="18.1464845" lon="74.5693473"/>
 <node id="3254591079" visible="true" version="1" changeset="27721326" timestamp="2014-12-27T00:27:05Z" user="EC95" uid="2410326" lat="18.1470325" lon="74.5687680"/>
 <node id="3254591080" visible="true" version="1" changeset="27721326" timestamp="2014-12-27T00:27:05Z" user="EC95" uid="2410326" lat="18.1437751" lon="74.5927630"/>
 <node id="3254591081" visible="true" version="1" changeset="27721326" timestamp="2014-12-27T00:27:05Z" user="EC95" uid="2410326" lat="18.1466675" lon="74.5935146"/>
 <node id="3254591082" visible="true" version="1" changeset="27721326" timestamp="2014-12-27T00:27:05Z" user="EC95" uid="2410326" lat="18.1472338" lon="74.5713667"/>
 <node id="3254591084" visible="true" version="1" changeset="27721326" timestamp="2014-12-27T00:27:05Z" user="EC95" uid="2410326" lat="18.1443154" lon="74.5692561"/>
 <node id="3254591089" visible="true" version="1" changeset="27721326" timestamp="2014-12-27T00:27:05Z" user="EC95" uid="2410326" lat="18.1442645" lon="74.5690979"/>
 <node id="3254591092" visible="true" version="1" changeset="27721326" timestamp="2014-12-27T00:27:05Z" user="EC95" uid="2410326" lat="18.1459709" lon="74.5697232"/>
 <node id="3254591097" visible="true" version="1" changeset="27721326" timestamp="2014-12-27T00:27:05Z" user="EC95" uid="2410326" lat="18.1457007" lon="74.5938573"/>
 <node id="3254591098" visible="true" version="1" changeset="27721326" timestamp="2014-12-27T00:27:05Z" user="EC95" uid="2410326" lat="18.1452840" lon="74.5935516"/>
 <node id="3254591102" visible="true" version="1" changeset="27721326" timestamp="2014-12-27T00:27:05Z" user="EC95" uid="2410326" lat="18.1458677" lon="74.5697496"/>
 <node id="3254591103" visible="true" version="1" changeset="27721326" timestamp="2014-12-27T00:27:05Z" user="EC95" uid="2410326" lat="18.1460843" lon="74.5693366"/>
 <node id="3254591107" visible="true" version="1" changeset="27721326" timestamp="2014-12-27T00:27:05Z" user="EC95" uid="2410326" lat="18.1461224" lon="74.5691574"/>
 <node id="3254591114" visible="true" version="1" changeset="27721326" timestamp="2014-12-27T00:27:06Z" user="EC95" uid="2410326" lat="18.1445418" lon="74.5931712"/>
 <node id="3254591116" visible="true" version="1" changeset="27721326" timestamp="2014-12-27T00:27:06Z" user="EC95" uid="2410326" lat="18.1472894" lon="74.5936433"/>
 <node id="3254591117" visible="true" version="1" changeset="27721326" timestamp="2014-12-27T00:27:06Z" user="EC95" uid="2410326" lat="18.1449715" lon="74.5698750"/>
 <node id="3254591120" visible="true" version="1" changeset="27721326" timestamp="2014-12-27T00:27:06Z" user="EC95" uid="2410326" lat="18.1469071" lon="74.5933000"/>
 <node id="3254591128" visible="true" version="1" changeset="27721326" timestamp="2014-12-27T00:27:06Z" user="EC95" uid="2410326" lat="18.1547093" lon="74.5940451"/>
 <node id="3254591129" visible="true" version="1" changeset="27721326" timestamp="2014-12-27T00:27:06Z" user="EC95" uid="2410326" lat="18.1451973" lon="74.5693580"/>
 <node id="3254591132" visible="true" version="1" changeset="27721326" timestamp="2014-12-27T00:27:06Z" user="EC95" uid="2410326" lat="18.1470172" lon="74.5691140"/>
 <node id="3254591133" visible="true" version="1" changeset="27721326" timestamp="2014-12-27T00:27:06Z" user="EC95" uid="2410326" lat="18.1469688" lon="74.5693151"/>
 <node id="3254591135" visible="true" version="1" changeset="27721326" timestamp="2014-12-27T00:27:06Z" user="EC95" uid="2410326" lat="18.1429156" lon="74.5920769"/>
 <node id="3254591136" visible="true" version="1" changeset="27721326" timestamp="2014-12-27T00:27:06Z" user="EC95" uid="2410326" lat="18.1453732" lon="74.5692534"/>
 <node id="3254591137" visible="true" version="1" changeset="27721326" timestamp="2014-12-27T00:27:06Z" user="EC95" uid="2410326" lat="18.1450515" lon="74.5918677"/>
 <node id="3254591141" visible="true" version="1" changeset="27721326" timestamp="2014-12-27T00:27:06Z" user="EC95" uid="2410326" lat="18.1462372" lon="74.5691891"/>
 <node id="3254591142" visible="true" version="1" changeset="27721326" timestamp="2014-12-27T00:27:06Z" user="EC95" uid="2410326" lat="18.1444072" lon="74.5698355"/>
 <node id="3254591145" visible="true" version="1" changeset="27721326" timestamp="2014-12-27T00:27:06Z" user="EC95" uid="2410326" lat="18.1473052" lon="74.5717613"/>
 <node id="3254591146" visible="true" version="1" changeset="27721326" timestamp="2014-12-27T00:27:06Z" user="EC95" uid="2410326" lat="18.1434488" lon="74.5705194"/>
 <node id="3254591159" visible="true" version="1" changeset="27721326" timestamp="2014-12-27T00:27:06Z" user="EC95" uid="2410326" lat="18.1459365" lon="74.5695887"/>
 <node id="3254591161" visible="true" version="1" changeset="27721326" timestamp="2014-12-27T00:27:06Z" user="EC95" uid="2410326" lat="18.1465297" lon="74.5693385"/>
 <node id="3254591169" visible="true" version="1" changeset="27721326" timestamp="2014-12-27T00:27:06Z" user="EC95" uid="2410326" lat="18.1459237" lon="74.5694734"/>
 <node id="3254591171" visible="true" version="1" changeset="27721326" timestamp="2014-12-27T00:27:06Z" user="EC95" uid="2410326" lat="18.1470427" lon="74.5693205"/>
 <node id="3254591176" visible="true" version="1" changeset="27721326" timestamp="2014-12-27T00:27:07Z" user="EC95" uid="2410326" lat="18.1466369" lon="74.5926992"/>
 <node id="3254591226" visible="true" version="1" changeset="27721326" timestamp="2014-12-27T00:27:07Z" user="EC95" uid="2410326" lat="18.1443027" lon="74.5703022"/>
 <node id="3254591240" visible="true" version="2" changeset="134273747" timestamp="2023-03-29T18:04:17Z" user="PlaneMad" uid="1306" lat="18.1449119" lon="74.5701306"/>
 <node id="3254591244" visible="true" version="1" changeset="27721326" timestamp="2014-12-27T00:27:08Z" user="EC95" uid="2410326" lat="18.1463157" lon="74.5928225"/>
 <node id="3254617911" visible="true" version="2" changeset="162238653" timestamp="2025-02-07T10:09:36Z" user="Vaishali Patil" uid="20041977" lat="18.1580821" lon="74.5996235"/>
 <node id="3254622984" visible="true" version="1" changeset="27721326" timestamp="2014-12-27T01:12:05Z" user="EC95" uid="2410326" lat="18.1611436" lon="74.5900116"/>
 <node id="3266805230" visible="true" version="1" changeset="27883784" timestamp="2015-01-03T12:04:08Z" user="Heinz_V" uid="91490" lat="18.1566253" lon="74.5841300"/>
 <node id="4275829648" visible="true" version="1" changeset="40419477" timestamp="2016-07-01T15:02:52Z" user="indigomc" uid="136860" lat="18.1500115" lon="74.5749454"/>
 <node id="4275829649" visible="true" version="1" changeset="40419477" timestamp="2016-07-01T15:02:52Z" user="indigomc" uid="136860" lat="18.1500128" lon="74.5751243"/>
 <node id="4275829650" visible="true" version="1" changeset="40419477" timestamp="2016-07-01T15:02:52Z" user="indigomc" uid="136860" lat="18.1500174" lon="74.5750915"/>
 <node id="4275829651" visible="true" version="1" changeset="40419477" timestamp="2016-07-01T15:02:52Z" user="indigomc" uid="136860" lat="18.1500218" lon="74.5751561"/>
 <node id="4275829652" visible="true" version="1" changeset="40419477" timestamp="2016-07-01T15:02:52Z" user="indigomc" uid="136860" lat="18.1500348" lon="74.5750639"/>
 <node id="4275829653" visible="true" version="1" changeset="40419477" timestamp="2016-07-01T15:02:52Z" user="indigomc" uid="136860" lat="18.1500427" lon="74.5751808"/>
 <node id="4275829654" visible="true" version="1" changeset="40419477" timestamp="2016-07-01T15:02:52Z" user="indigomc" uid="136860" lat="18.1500617" lon="74.5750466"/>
 <node id="4275829655" visible="true" version="1" changeset="40419477" timestamp="2016-07-01T15:02:52Z" user="indigomc" uid="136860" lat="18.1500717" lon="74.5751939"/>
 <node id="4275829656" visible="true" version="1" changeset="40419477" timestamp="2016-07-01T15:02:52Z" user="indigomc" uid="136860" lat="18.1500847" lon="74.5750426"/>
 <node id="4275829657" visible="true" version="1" changeset="40419477" timestamp="2016-07-01T15:02:52Z" user="indigomc" uid="136860" lat="18.1501031" lon="74.5751928"/>
 <node id="4275829658" visible="true" version="1" changeset="40419477" timestamp="2016-07-01T15:02:52Z" user="indigomc" uid="136860" lat="18.1501078" lon="74.5750464"/>
 <node id="4275829659" visible="true" version="1" changeset="40419477" timestamp="2016-07-01T15:02:52Z" user="indigomc" uid="136860" lat="18.1501285" lon="74.5750578"/>
 <node id="4275829660" visible="true" version="1" changeset="40419477" timestamp="2016-07-01T15:02:52Z" user="indigomc" uid="136860" lat="18.1501291" lon="74.5751796"/>
 <node id="4275829661" visible="true" version="1" changeset="40419477" timestamp="2016-07-01T15:02:52Z" user="indigomc" uid="136860" lat="18.1501447" lon="74.5750754"/>
 <node id="4275829662" visible="true" version="1" changeset="40419477" timestamp="2016-07-01T15:02:52Z" user="indigomc" uid="136860" lat="18.1501481" lon="74.5751567"/>
 <node id="4275829663" visible="true" version="1" changeset="40419477" timestamp="2016-07-01T15:02:52Z" user="indigomc" uid="136860" lat="18.1501548" lon="74.5750976"/>
 <node id="4275829664" visible="true" version="1" changeset="40419477" timestamp="2016-07-01T15:02:52Z" user="indigomc" uid="136860" lat="18.1501571" lon="74.5751279"/>
 <node id="4275829665" visible="true" version="1" changeset="40419477" timestamp="2016-07-01T15:02:52Z" user="indigomc" uid="136860" lat="18.1501970" lon="74.5750741"/>
 <node id="4275829666" visible="true" version="1" changeset="40419477" timestamp="2016-07-01T15:02:52Z" user="indigomc" uid="136860" lat="18.1502645" lon="74.5754087"/>
 <node id="4440125612" visible="true" version="1" changeset="42769497" timestamp="2016-10-10T06:50:44Z" user="mapusdotin" uid="3754246" lat="18.1464024" lon="74.5872896"/>
 <node id="4440125613" visible="true" version="1" changeset="42769497" timestamp="2016-10-10T06:50:44Z" user="mapusdotin" uid="3754246" lat="18.1457769" lon="74.5867077"/>
 <node id="4440125614" visible="true" version="1" changeset="42769497" timestamp="2016-10-10T06:50:44Z" user="mapusdotin" uid="3754246" lat="18.1427817" lon="74.5868988"/>
 <node id="4440125615" visible="true" version="1" changeset="42769497" timestamp="2016-10-10T06:50:44Z" user="mapusdotin" uid="3754246" lat="18.1405564" lon="74.5848498"/>
 <node id="4440125616" visible="true" version="1" changeset="42769497" timestamp="2016-10-10T06:50:44Z" user="mapusdotin" uid="3754246" lat="18.1422872" lon="74.5823129"/>
 <node id="4440125617" visible="true" version="1" changeset="42769497" timestamp="2016-10-10T06:50:44Z" user="mapusdotin" uid="3754246" lat="18.1432762" lon="74.5808494"/>
 <node id="4440125618" visible="true" version="1" changeset="42769497" timestamp="2016-10-10T06:50:44Z" user="mapusdotin" uid="3754246" lat="18.1437244" lon="74.5805079"/>
 <node id="4440125619" visible="true" version="1" changeset="42769497" timestamp="2016-10-10T06:50:44Z" user="mapusdotin" uid="3754246" lat="18.1436818" lon="74.5802250"/>
 <node id="4440125620" visible="true" version="1" changeset="42769497" timestamp="2016-10-10T06:50:44Z" user="mapusdotin" uid="3754246" lat="18.1445033" lon="74.5802936"/>
 <node id="4440125621" visible="true" version="1" changeset="42769497" timestamp="2016-10-10T06:50:44Z" user="mapusdotin" uid="3754246" lat="18.1436476" lon="74.5793275"/>
 <node id="4440125622" visible="true" version="1" changeset="42769497" timestamp="2016-10-10T06:50:44Z" user="mapusdotin" uid="3754246" lat="18.1435661" lon="74.5786408"/>
 <node id="4440125623" visible="true" version="1" changeset="42769497" timestamp="2016-10-10T06:50:44Z" user="mapusdotin" uid="3754246" lat="18.1429747" lon="74.5782761"/>
 <node id="4440125624" visible="true" version="1" changeset="42769497" timestamp="2016-10-10T06:50:45Z" user="mapusdotin" uid="3754246" lat="18.1410376" lon="74.5784048"/>
 <node id="4440125625" visible="true" version="1" changeset="42769497" timestamp="2016-10-10T06:50:45Z" user="mapusdotin" uid="3754246" lat="18.1398753" lon="74.5786194"/>
 <node id="4440125626" visible="true" version="1" changeset="42769497" timestamp="2016-10-10T06:50:45Z" user="mapusdotin" uid="3754246" lat="18.1382440" lon="74.5791773"/>
 <node id="4440125627" visible="true" version="1" changeset="42769497" timestamp="2016-10-10T06:50:45Z" user="mapusdotin" uid="3754246" lat="18.1366738" lon="74.5794562"/>
 <node id="4440125628" visible="true" version="1" changeset="42769497" timestamp="2016-10-10T06:50:45Z" user="mapusdotin" uid="3754246" lat="18.1357562" lon="74.5793919"/>
 <node id="4440125629" visible="true" version="1" changeset="42769497" timestamp="2016-10-10T06:50:45Z" user="mapusdotin" uid="3754246" lat="18.1356543" lon="74.5787052"/>
 <node id="4440125630" visible="true" version="1" changeset="42769497" timestamp="2016-10-10T06:50:45Z" user="mapusdotin" uid="3754246" lat="18.1362660" lon="74.5775036"/>
 <node id="4440125631" visible="true" version="1" changeset="42769497" timestamp="2016-10-10T06:50:45Z" user="mapusdotin" uid="3754246" lat="18.1393247" lon="74.5754651"/>
 <node id="4440125632" visible="true" version="1" changeset="42769497" timestamp="2016-10-10T06:50:45Z" user="mapusdotin" uid="3754246" lat="18.1423630" lon="74.5740060"/>
 <node id="4440125633" visible="true" version="1" changeset="42769497" timestamp="2016-10-10T06:50:45Z" user="mapusdotin" uid="3754246" lat="18.1476226" lon="74.5669794"/>
 <node id="4440125634" visible="true" version="1" changeset="42769497" timestamp="2016-10-10T06:50:45Z" user="mapusdotin" uid="3754246" lat="18.1483171" lon="74.5684055"/>
 <node id="4440125635" visible="true" version="1" changeset="42769497" timestamp="2016-10-10T06:50:45Z" user="mapusdotin" uid="3754246" lat="18.1474823" lon="74.5692382"/>
 <node id="4440125636" visible="true" version="2" changeset="42769559" timestamp="2016-10-10T06:54:40Z" user="mapusdotin" uid="3754246" lat="18.1431364" lon="74.5711453"/>
 <node id="4440125637" visible="true" version="1" changeset="42769497" timestamp="2016-10-10T06:50:45Z" user="mapusdotin" uid="3754246" lat="18.1389781" lon="74.5679120"/>
 <node id="4440125638" visible="true" version="1" changeset="42769497" timestamp="2016-10-10T06:50:45Z" user="mapusdotin" uid="3754246" lat="18.1387334" lon="74.5660023"/>
 <node id="4440125639" visible="true" version="1" changeset="42769497" timestamp="2016-10-10T06:50:45Z" user="mapusdotin" uid="3754246" lat="18.1410172" lon="74.5627622"/>
 <node id="4440125640" visible="true" version="1" changeset="42769497" timestamp="2016-10-10T06:50:45Z" user="mapusdotin" uid="3754246" lat="18.1398141" lon="74.5586208"/>
 <node id="4440125641" visible="true" version="1" changeset="42769497" timestamp="2016-10-10T06:50:45Z" user="mapusdotin" uid="3754246" lat="18.1413638" lon="74.5578054"/>
 <node id="4440125642" visible="true" version="1" changeset="42769497" timestamp="2016-10-10T06:50:45Z" user="mapusdotin" uid="3754246" lat="18.1437904" lon="74.5602731"/>
 <node id="4440125643" visible="true" version="1" changeset="42769497" timestamp="2016-10-10T06:50:45Z" user="mapusdotin" uid="3754246" lat="18.1483578" lon="74.5609812"/>
 <node id="4440125644" visible="true" version="1" changeset="42769497" timestamp="2016-10-10T06:50:45Z" user="mapusdotin" uid="3754246" lat="18.1471752" lon="74.5661739"/>
 <node id="4440125645" visible="true" version="1" changeset="42769497" timestamp="2016-10-10T06:50:45Z" user="mapusdotin" uid="3754246" lat="18.1474199" lon="74.5666245"/>
 <node id="4440128398" visible="true" version="1" changeset="42769559" timestamp="2016-10-10T06:54:40Z" user="mapusdotin" uid="3754246" lat="18.1450970" lon="74.5604757"/>
 <node id="4440128401" visible="true" version="1" changeset="42769559" timestamp="2016-10-10T06:54:40Z" user="mapusdotin" uid="3754246" lat="18.1463867" lon="74.5606756"/>
 <node id="4440128404" visible="true" version="1" changeset="42769559" timestamp="2016-10-10T06:54:40Z" user="mapusdotin" uid="3754246" lat="18.1473863" lon="74.5652470"/>
 <node id="4440128406" visible="true" version="1" changeset="42769559" timestamp="2016-10-10T06:54:40Z" user="mapusdotin" uid="3754246" lat="18.1451487" lon="74.5705609"/>
 <node id="4440136007" visible="true" version="1" changeset="42769646" timestamp="2016-10-10T06:59:23Z" user="mapusdotin" uid="3754246" lat="18.1466027" lon="74.5797166"/>
 <node id="4440136008" visible="true" version="1" changeset="42769646" timestamp="2016-10-10T06:59:23Z" user="mapusdotin" uid="3754246" lat="18.1533534" lon="74.5886187"/>
 <node id="4440136009" visible="true" version="1" changeset="42769646" timestamp="2016-10-10T06:59:23Z" user="mapusdotin" uid="3754246" lat="18.1505600" lon="74.5887474"/>
 <node id="4440136010" visible="true" version="1" changeset="42769646" timestamp="2016-10-10T06:59:23Z" user="mapusdotin" uid="3754246" lat="18.1482559" lon="74.5882753"/>
 <node id="4440136011" visible="true" version="1" changeset="42769646" timestamp="2016-10-10T06:59:23Z" user="mapusdotin" uid="3754246" lat="18.1463676" lon="74.5876183"/>
 <node id="4440136012" visible="true" version="1" changeset="42769646" timestamp="2016-10-10T06:59:23Z" user="mapusdotin" uid="3754246" lat="18.1524766" lon="74.5827607"/>
 <node id="4440149516" visible="true" version="1" changeset="42769724" timestamp="2016-10-10T07:03:43Z" user="mapusdotin" uid="3754246" lat="18.1545326" lon="74.5752028"/>
 <node id="4440149517" visible="true" version="2" changeset="113387441" timestamp="2021-11-04T21:57:33Z" user="jaimemd" uid="404532" lat="18.1556641" lon="74.5794993"/>
 <node id="4440149518" visible="true" version="1" changeset="42769724" timestamp="2016-10-10T07:03:43Z" user="mapusdotin" uid="3754246" lat="18.1543728" lon="74.5778040"/>
 <node id="4440149519" visible="true" version="1" changeset="42769724" timestamp="2016-10-10T07:03:43Z" user="mapusdotin" uid="3754246" lat="18.1605047" lon="74.5738937"/>
 <node id="4440149520" visible="true" version="2" changeset="93028868" timestamp="2020-10-25T20:47:41Z" user="mottiger" uid="7504544" lat="18.1551228" lon="74.5746904"/>
 <node id="4440149523" visible="true" version="1" changeset="42769724" timestamp="2016-10-10T07:03:43Z" user="mapusdotin" uid="3754246" lat="18.1630992" lon="74.5735579"/>
 <node id="4440149524" visible="true" version="1" changeset="42769724" timestamp="2016-10-10T07:03:43Z" user="mapusdotin" uid="3754246" lat="18.1600191" lon="74.5723722"/>
 <node id="4440153354" visible="true" version="1" changeset="42769830" timestamp="2016-10-10T07:10:33Z" user="mapusdotin" uid="3754246" lat="18.1618363" lon="74.5847505"/>
 <node id="4440160284" visible="true" version="1" changeset="42769908" timestamp="2016-10-10T07:15:52Z" user="mapusdotin" uid="3754246" lat="18.1597199" lon="74.5822602"/>
 <node id="4440160285" visible="true" version="1" changeset="42769908" timestamp="2016-10-10T07:15:52Z" user="mapusdotin" uid="3754246" lat="18.1567898" lon="74.5853415"/>
 <node id="4440160286" visible="true" version="1" changeset="42769908" timestamp="2016-10-10T07:15:52Z" user="mapusdotin" uid="3754246" lat="18.1539372" lon="74.5861047"/>
 <node id="4440160287" visible="true" version="1" changeset="42769908" timestamp="2016-10-10T07:15:52Z" user="mapusdotin" uid="3754246" lat="18.1552410" lon="74.5919701"/>
 <node id="4440160288" visible="true" version="1" changeset="42769908" timestamp="2016-10-10T07:15:52Z" user="mapusdotin" uid="3754246" lat="18.1562494" lon="74.5937831"/>
 <node id="4440160389" visible="true" version="1" changeset="42769908" timestamp="2016-10-10T07:15:52Z" user="mapusdotin" uid="3754246" lat="18.1571063" lon="74.5946386"/>
 <node id="4440160390" visible="true" version="1" changeset="42769908" timestamp="2016-10-10T07:15:52Z" user="mapusdotin" uid="3754246" lat="18.1598697" lon="74.5912082"/>
 <node id="4440160391" visible="true" version="1" changeset="42769908" timestamp="2016-10-10T07:15:52Z" user="mapusdotin" uid="3754246" lat="18.1604406" lon="74.5897705"/>
 <node id="4440160392" visible="true" version="1" changeset="42769908" timestamp="2016-10-10T07:15:53Z" user="mapusdotin" uid="3754246" lat="18.1618613" lon="74.5885282"/>
 <node id="4440160393" visible="true" version="1" changeset="42769908" timestamp="2016-10-10T07:15:53Z" user="mapusdotin" uid="3754246" lat="18.1615045" lon="74.5882811"/>
 <node id="4440160394" visible="true" version="1" changeset="42769908" timestamp="2016-10-10T07:15:53Z" user="mapusdotin" uid="3754246" lat="18.1618678" lon="74.5855004"/>
 <node id="4440176646" visible="true" version="1" changeset="42770273" timestamp="2016-10-10T07:37:38Z" user="mapusdotin" uid="3754246" lat="18.1649142" lon="74.5995080"/>
 <node id="4440176647" visible="true" version="1" changeset="42770273" timestamp="2016-10-10T07:37:38Z" user="mapusdotin" uid="3754246" lat="18.1655230" lon="74.5994377"/>
 <node id="4440176648" visible="true" version="1" changeset="42770273" timestamp="2016-10-10T07:37:38Z" user="mapusdotin" uid="3754246" lat="18.1674339" lon="74.5993731"/>
 <node id="4440176649" visible="true" version="1" changeset="42770273" timestamp="2016-10-10T07:37:38Z" user="mapusdotin" uid="3754246" lat="18.1679982" lon="74.5993091"/>
 <node id="4440176695" visible="true" version="1" changeset="42770273" timestamp="2016-10-10T07:37:39Z" user="mapusdotin" uid="3754246" lat="18.1611492" lon="74.5876939"/>
 <node id="4440176697" visible="true" version="1" changeset="42770273" timestamp="2016-10-10T07:37:39Z" user="mapusdotin" uid="3754246" lat="18.1663068" lon="74.5892387"/>
 <node id="4440176698" visible="true" version="1" changeset="42770273" timestamp="2016-10-10T07:37:39Z" user="mapusdotin" uid="3754246" lat="18.1635155" lon="74.5873910"/>
 <node id="4440176699" visible="true" version="1" changeset="42770273" timestamp="2016-10-10T07:37:39Z" user="mapusdotin" uid="3754246" lat="18.1595173" lon="74.5696198"/>
 <node id="4440176700" visible="true" version="1" changeset="42770273" timestamp="2016-10-10T07:37:39Z" user="mapusdotin" uid="3754246" lat="18.1584761" lon="74.5693164"/>
 <node id="4440176701" visible="true" version="1" changeset="42770273" timestamp="2016-10-10T07:37:39Z" user="mapusdotin" uid="3754246" lat="18.1583334" lon="74.5703893"/>
 <node id="4440176702" visible="true" version="1" changeset="42770273" timestamp="2016-10-10T07:37:39Z" user="mapusdotin" uid="3754246" lat="18.1578237" lon="74.5710759"/>
 <node id="4440176703" visible="true" version="1" changeset="42770273" timestamp="2016-10-10T07:37:39Z" user="mapusdotin" uid="3754246" lat="18.1572324" lon="74.5718055"/>
 <node id="4440176704" visible="true" version="1" changeset="42770273" timestamp="2016-10-10T07:37:39Z" user="mapusdotin" uid="3754246" lat="18.1564984" lon="74.5721059"/>
 <node id="4440176705" visible="true" version="1" changeset="42770273" timestamp="2016-10-10T07:37:39Z" user="mapusdotin" uid="3754246" lat="18.1567838" lon="74.5685010"/>
 <node id="4510263195" visible="true" version="1" changeset="43796535" timestamp="2016-11-19T11:32:51Z" user="Sghatule" uid="4863745" lat="18.1447782" lon="74.5845804">
  <tag k="name:en" v="Garg"/>
  <tag k="tourism" v="guest_house"/>
 </node>
 <node id="4558841190" visible="true" version="2" changeset="78132266" timestamp="2019-12-09T06:34:25Z" user="R6_harish" uid="10410602" lat="18.1461841" lon="74.5772973">
  <tag k="addr:district" v="Pune"/>
  <tag k="addr:full" v="Indapur Road, Near S. T. Stand, Baramati"/>
  <tag k="addr:postcode" v="413102"/>
  <tag k="addr:state" v="Maharashtra"/>
  <tag k="amenity" v="hospital"/>
  <tag k="name" v="Giri Raj Hospital and Intensive Care Unit"/>
  <tag k="source" v="OpenGovernmentData"/>
 </node>
 <node id="4631655177" visible="true" version="1" changeset="45467321" timestamp="2017-01-25T08:53:23Z" user="parambyte" uid="715224" lat="18.1868481" lon="74.5411247"/>
 <node id="4631655204" visible="true" version="1" changeset="45467321" timestamp="2017-01-25T08:53:23Z" user="parambyte" uid="715224" lat="18.1745979" lon="74.5560528"/>
 <node id="4631655206" visible="true" version="1" changeset="45467321" timestamp="2017-01-25T08:53:23Z" user="parambyte" uid="715224" lat="18.2089040" lon="74.4876060"/>
 <node id="4631655207" visible="true" version="1" changeset="45467321" timestamp="2017-01-25T08:53:23Z" user="parambyte" uid="715224" lat="18.2084658" lon="74.4981063"/>
 <node id="4631655238" visible="true" version="1" changeset="45467321" timestamp="2017-01-25T08:53:24Z" user="parambyte" uid="715224" lat="18.2576058" lon="74.4216344"/>
 <node id="4631655240" visible="true" version="1" changeset="45467321" timestamp="2017-01-25T08:53:24Z" user="parambyte" uid="715224" lat="18.1793093" lon="74.5434807"/>
 <node id="4631655241" visible="true" version="1" changeset="45467321" timestamp="2017-01-25T08:53:24Z" user="parambyte" uid="715224" lat="18.2471101" lon="74.4436253"/>
 <node id="4631655243" visible="true" version="2" changeset="58771024" timestamp="2018-05-07T21:19:09Z" user="mottiger" uid="7504544" lat="18.1953682" lon="74.5359331"/>
 <node id="4631655245" visible="true" version="1" changeset="45467321" timestamp="2017-01-25T08:53:24Z" user="parambyte" uid="715224" lat="18.2015741" lon="74.5315234"/>
 <node id="4631655260" visible="true" version="1" changeset="45467321" timestamp="2017-01-25T08:53:24Z" user="parambyte" uid="715224" lat="18.1879744" lon="74.5407342"/>
 <node id="4631655266" visible="true" version="2" changeset="59017219" timestamp="2018-05-16T12:56:53Z" user="mottiger" uid="7504544" lat="18.2075426" lon="74.4888443"/>
 <node id="4631655270" visible="true" version="1" changeset="45467321" timestamp="2017-01-25T08:53:24Z" user="parambyte" uid="715224" lat="18.1816394" lon="74.5424315"/>
 <node id="4631655271" visible="true" version="1" changeset="45467321" timestamp="2017-01-25T08:53:24Z" user="parambyte" uid="715224" lat="18.2046317" lon="74.4982093"/>
 <node id="4631655285" visible="true" version="1" changeset="45467321" timestamp="2017-01-25T08:53:24Z" user="parambyte" uid="715224" lat="18.2046684" lon="74.5238341"/>
 <node id="4631655291" visible="true" version="2" changeset="58771024" timestamp="2018-05-07T21:19:09Z" user="mottiger" uid="7504544" lat="18.1996184" lon="74.5177102"/>
 <node id="4631655298" visible="true" version="2" changeset="59017219" timestamp="2018-05-16T12:56:53Z" user="mottiger" uid="7504544" lat="18.2394497" lon="74.4516045"/>
 <node id="4631655317" visible="true" version="1" changeset="45467321" timestamp="2017-01-25T08:53:25Z" user="parambyte" uid="715224" lat="18.2190729" lon="74.4760521"/>
 <node id="4631655319" visible="true" version="1" changeset="45467321" timestamp="2017-01-25T08:53:25Z" user="parambyte" uid="715224" lat="18.1998741" lon="74.5206111"/>
 <node id="4631655321" visible="true" version="2" changeset="58771024" timestamp="2018-05-07T21:19:09Z" user="mottiger" uid="7504544" lat="18.1993840" lon="74.5189172"/>
 <node id="4631655326" visible="true" version="1" changeset="45467321" timestamp="2017-01-25T08:53:25Z" user="parambyte" uid="715224" lat="18.1780025" lon="74.5475695"/>
 <node id="4631655344" visible="true" version="1" changeset="45467321" timestamp="2017-01-25T08:53:25Z" user="parambyte" uid="715224" lat="18.2038765" lon="74.5253329"/>
 <node id="4631655350" visible="true" version="2" changeset="59017219" timestamp="2018-05-16T12:56:53Z" user="mottiger" uid="7504544" lat="18.2469696" lon="74.4450009"/>
 <node id="4631655352" visible="true" version="1" changeset="45467321" timestamp="2017-01-25T08:53:25Z" user="parambyte" uid="715224" lat="18.2009361" lon="74.5218986"/>
 <node id="4631655353" visible="true" version="2" changeset="59017219" timestamp="2018-05-16T12:56:53Z" user="mottiger" uid="7504544" lat="18.2522374" lon="74.4362193"/>
 <node id="4631655355" visible="true" version="1" changeset="45467321" timestamp="2017-01-25T08:53:25Z" user="parambyte" uid="715224" lat="18.2043208" lon="74.5248501"/>
 <node id="4631655358" visible="true" version="1" changeset="45467321" timestamp="2017-01-25T08:53:25Z" user="parambyte" uid="715224" lat="18.1762839" lon="74.5507688"/>
 <node id="4631655362" visible="true" version="1" changeset="45467321" timestamp="2017-01-25T08:53:25Z" user="parambyte" uid="715224" lat="18.2029714" lon="74.5096334"/>
 <node id="4631655363" visible="true" version="1" changeset="45467321" timestamp="2017-01-25T08:53:25Z" user="parambyte" uid="715224" lat="18.1751045" lon="74.5514319"/>
 <node id="4631655369" visible="true" version="1" changeset="45467321" timestamp="2017-01-25T08:53:25Z" user="parambyte" uid="715224" lat="18.2117750" lon="74.4860761"/>
 <node id="4631655378" visible="true" version="1" changeset="45467321" timestamp="2017-01-25T08:53:25Z" user="parambyte" uid="715224" lat="18.2021795" lon="74.5083502"/>
 <node id="4631655394" visible="true" version="1" changeset="45467321" timestamp="2017-01-25T08:53:26Z" user="parambyte" uid="715224" lat="18.2143442" lon="74.4806677"/>
 <node id="4631655417" visible="true" version="1" changeset="45467321" timestamp="2017-01-25T08:53:26Z" user="parambyte" uid="715224" lat="18.2184981" lon="74.4791002"/>
 <node id="4631655418" visible="true" version="1" changeset="45467321" timestamp="2017-01-25T08:53:26Z" user="parambyte" uid="715224" lat="18.2044085" lon="74.5228706"/>
 <node id="4631655420" visible="true" version="1" changeset="45467321" timestamp="2017-01-25T08:53:26Z" user="parambyte" uid="715224" lat="18.2018136" lon="74.5071926"/>
 <node id="4631655421" visible="true" version="1" changeset="45467321" timestamp="2017-01-25T08:53:26Z" user="parambyte" uid="715224" lat="18.2057772" lon="74.4982844"/>
 <node id="4631655433" visible="true" version="1" changeset="45467321" timestamp="2017-01-25T08:53:26Z" user="parambyte" uid="715224" lat="18.2010686" lon="74.5048998"/>
 <node id="4631655436" visible="true" version="1" changeset="45467321" timestamp="2017-01-25T08:53:26Z" user="parambyte" uid="715224" lat="18.2076046" lon="74.4992254"/>
 <node id="4631655440" visible="true" version="2" changeset="58771024" timestamp="2018-05-07T21:19:09Z" user="mottiger" uid="7504544" lat="18.1970143" lon="74.5342380"/>
 <node id="4631655448" visible="true" version="1" changeset="45467321" timestamp="2017-01-25T08:53:26Z" user="parambyte" uid="715224" lat="18.2310397" lon="74.4566469"/>
 <node id="4631655449" visible="true" version="2" changeset="59017219" timestamp="2018-05-16T12:56:53Z" user="mottiger" uid="7504544" lat="18.2434797" lon="74.4494480"/>
 <node id="4631655450" visible="true" version="1" changeset="45467321" timestamp="2017-01-25T08:53:26Z" user="parambyte" uid="715224" lat="18.2071980" lon="74.4957696"/>
 <node id="4631655457" visible="true" version="2" changeset="59017219" timestamp="2018-05-16T12:56:53Z" user="mottiger" uid="7504544" lat="18.2582641" lon="74.4282693"/>
 <node id="4631655460" visible="true" version="2" changeset="59017219" timestamp="2018-05-16T12:56:53Z" user="mottiger" uid="7504544" lat="18.2315626" lon="74.4561374"/>
 <node id="4631655462" visible="true" version="1" changeset="45467321" timestamp="2017-01-25T08:53:26Z" user="parambyte" uid="715224" lat="18.2121021" lon="74.4850257"/>
 <node id="4631655474" visible="true" version="1" changeset="45467321" timestamp="2017-01-25T08:53:27Z" user="parambyte" uid="715224" lat="18.2080612" lon="74.4990945"/>
 <node id="4631655500" visible="true" version="1" changeset="45467321" timestamp="2017-01-25T08:53:27Z" user="parambyte" uid="715224" lat="18.1740678" lon="74.5532247"/>
 <node id="4631655530" visible="true" version="1" changeset="45467321" timestamp="2017-01-25T08:53:28Z" user="parambyte" uid="715224" lat="18.1851764" lon="74.5410431"/>
 <node id="4631655561" visible="true" version="2" changeset="59017219" timestamp="2018-05-16T12:56:53Z" user="mottiger" uid="7504544" lat="18.2449521" lon="74.4459987"/>
 <node id="4631655570" visible="true" version="1" changeset="45467321" timestamp="2017-01-25T08:53:28Z" user="parambyte" uid="715224" lat="18.1842254" lon="74.5408811"/>
 <node id="4631655572" visible="true" version="1" changeset="45467321" timestamp="2017-01-25T08:53:28Z" user="parambyte" uid="715224" lat="18.2196670" lon="74.4748784"/>
 <node id="4631655592" visible="true" version="1" changeset="45467321" timestamp="2017-01-25T08:53:28Z" user="parambyte" uid="715224" lat="18.2084189" lon="74.4988928"/>
 <node id="4631655595" visible="true" version="1" changeset="45467321" timestamp="2017-01-25T08:53:29Z" user="parambyte" uid="715224" lat="18.2034637" lon="74.5122008"/>
 <node id="4631655602" visible="true" version="2" changeset="59017219" timestamp="2018-05-16T12:56:53Z" user="mottiger" uid="7504544" lat="18.2579992" lon="74.4294655"/>
 <node id="4631655604" visible="true" version="2" changeset="59017219" timestamp="2018-05-16T12:56:53Z" user="mottiger" uid="7504544" lat="18.2293310" lon="74.4636100"/>
 <node id="4631655606" visible="true" version="1" changeset="45467321" timestamp="2017-01-25T08:53:29Z" user="parambyte" uid="715224" lat="18.2035310" lon="74.5108554"/>
 <node id="4631655610" visible="true" version="2" changeset="59017219" timestamp="2018-05-16T12:56:53Z" user="mottiger" uid="7504544" lat="18.2079961" lon="74.4971859"/>
 <node id="4631655611" visible="true" version="1" changeset="45467321" timestamp="2017-01-25T08:53:29Z" user="parambyte" uid="715224" lat="18.1801859" lon="74.5430451"/>
 <node id="4631655612" visible="true" version="1" changeset="45467321" timestamp="2017-01-25T08:53:29Z" user="parambyte" uid="715224" lat="18.2023487" lon="74.5261837"/>
 <node id="4631655613" visible="true" version="1" changeset="45467321" timestamp="2017-01-25T08:53:29Z" user="parambyte" uid="715224" lat="18.2178377" lon="74.4796527"/>
 <node id="4631655614" visible="true" version="1" changeset="45467321" timestamp="2017-01-25T08:53:29Z" user="parambyte" uid="715224" lat="18.2544014" lon="74.4342161"/>
 <node id="4631655617" visible="true" version="1" changeset="45467321" timestamp="2017-01-25T08:53:29Z" user="parambyte" uid="715224" lat="18.2065997" lon="74.4987683"/>
 <node id="4631655621" visible="true" version="1" changeset="45467321" timestamp="2017-01-25T08:53:29Z" user="parambyte" uid="715224" lat="18.2038775" lon="74.5222913"/>
 <node id="4631655625" visible="true" version="1" changeset="45467321" timestamp="2017-01-25T08:53:29Z" user="parambyte" uid="715224" lat="18.1774449" lon="74.5492550"/>
 <node id="4631655626" visible="true" version="1" changeset="45467321" timestamp="2017-01-25T08:53:29Z" user="parambyte" uid="715224" lat="18.2067006" lon="74.4944972"/>
 <node id="4631655628" visible="true" version="1" changeset="45467321" timestamp="2017-01-25T08:53:29Z" user="parambyte" uid="715224" lat="18.2104766" lon="74.4868797"/>
 <node id="4631655636" visible="true" version="2" changeset="59017219" timestamp="2018-05-16T12:56:53Z" user="mottiger" uid="7504544" lat="18.2068444" lon="74.4935328"/>
 <node id="4631655659" visible="true" version="2" changeset="59017219" timestamp="2018-05-16T12:56:53Z" user="mottiger" uid="7504544" lat="18.2473976" lon="74.4421416"/>
 <node id="4631655661" visible="true" version="2" changeset="59017219" timestamp="2018-05-16T12:56:53Z" user="mottiger" uid="7504544" lat="18.2383034" lon="74.4520444"/>
 <node id="4631655663" visible="true" version="1" changeset="45467321" timestamp="2017-01-25T08:53:29Z" user="parambyte" uid="715224" lat="18.2017586" lon="74.5059598"/>
 <node id="4631655667" visible="true" version="1" changeset="45467321" timestamp="2017-01-25T08:53:29Z" user="parambyte" uid="715224" lat="18.2019940" lon="74.5011083"/>
 <node id="4631655673" visible="true" version="1" changeset="45467321" timestamp="2017-01-25T08:53:29Z" user="parambyte" uid="715224" lat="18.2009249" lon="74.5324815"/>
 <node id="4631655675" visible="true" version="1" changeset="45467321" timestamp="2017-01-25T08:53:30Z" user="parambyte" uid="715224" lat="18.2158953" lon="74.4798459"/>
 <node id="5149040329" visible="true" version="2" changeset="78374123" timestamp="2019-12-13T13:05:06Z" user="R4_shubham" uid="10142759" lat="18.1463322" lon="74.5830157">
  <tag k="addr:district" v="Pune"/>
  <tag k="addr:full" v="Indapur Road, Opposite Market Yard"/>
  <tag k="addr:postcode" v="413102"/>
  <tag k="addr:state" v="Maharashtra"/>
  <tag k="amenity" v="hospital"/>
  <tag k="name" v="Bhagyajaya Hospital - Baramati"/>
  <tag k="source" v="OpenGovernmentData"/>
 </node>
 <node id="5149040330" visible="true" version="1" changeset="52644695" timestamp="2017-10-05T06:25:55Z" user="Hanish" uid="6755263" lat="18.1466054" lon="74.5859538"/>
 <node id="5149040331" visible="true" version="1" changeset="52644695" timestamp="2017-10-05T06:25:55Z" user="Hanish" uid="6755263" lat="18.1465559" lon="74.5863048"/>
 <node id="5149040332" visible="true" version="1" changeset="52644695" timestamp="2017-10-05T06:25:55Z" user="Hanish" uid="6755263" lat="18.1470745" lon="74.5863185"/>
 <node id="5149040333" visible="true" version="1" changeset="52644695" timestamp="2017-10-05T06:25:55Z" user="Hanish" uid="6755263" lat="18.1471318" lon="74.5860059"/>
 <node id="5149040334" visible="true" version="1" changeset="52644695" timestamp="2017-10-05T06:25:55Z" user="Hanish" uid="6755263" lat="18.1466782" lon="74.5841277"/>
 <node id="5149040335" visible="true" version="1" changeset="52644695" timestamp="2017-10-05T06:25:55Z" user="Hanish" uid="6755263" lat="18.1469809" lon="74.5841149"/>
 <node id="5149040336" visible="true" version="1" changeset="52644695" timestamp="2017-10-05T06:25:55Z" user="Hanish" uid="6755263" lat="18.1469615" lon="74.5843901"/>
 <node id="5149040337" visible="true" version="1" changeset="52644695" timestamp="2017-10-05T06:25:55Z" user="Hanish" uid="6755263" lat="18.1466734" lon="74.5843927"/>
 <node id="5149094866" visible="true" version="1" changeset="52645299" timestamp="2017-10-05T06:55:40Z" user="Hanish" uid="6755263" lat="18.1573257" lon="74.5894539"/>
 <node id="5149101023" visible="true" version="1" changeset="52645479" timestamp="2017-10-05T07:05:27Z" user="Hanish" uid="6755263" lat="18.1579421" lon="74.5821042"/>
 <node id="5149101024" visible="true" version="1" changeset="52645479" timestamp="2017-10-05T07:05:27Z" user="Hanish" uid="6755263" lat="18.1581032" lon="74.5835687"/>
 <node id="5149101025" visible="true" version="1" changeset="52645479" timestamp="2017-10-05T07:05:27Z" user="Hanish" uid="6755263" lat="18.1571305" lon="74.5828112"/>
 <node id="5149101026" visible="true" version="1" changeset="52645479" timestamp="2017-10-05T07:05:27Z" user="Hanish" uid="6755263" lat="18.1572960" lon="74.5817680"/>
 <node id="5149485802" visible="true" version="1" changeset="52650423" timestamp="2017-10-05T10:37:29Z" user="Hanish" uid="6755263" lat="18.1446116" lon="74.5741237">
  <tag k="name" v="Baramati Bus Stand"/>
 </node>
 <node id="5595323855" visible="true" version="2" changeset="65794944" timestamp="2018-12-26T20:32:24Z" user="PlaneMad" uid="1306" lat="18.3151293" lon="74.5783609">
  <tag k="railway" v="level_crossing"/>
 </node>
 <node id="5602979567" visible="true" version="1" changeset="58770119" timestamp="2018-05-07T20:33:42Z" user="mottiger" uid="7504544" lat="18.2066406" lon="74.4917250"/>
 <node id="5602979568" visible="true" version="1" changeset="58770119" timestamp="2018-05-07T20:33:42Z" user="mottiger" uid="7504544" lat="18.2065591" lon="74.4910437"/>
 <node id="5603022293" visible="true" version="1" changeset="58771024" timestamp="2018-05-07T21:18:54Z" user="mottiger" uid="7504544" lat="18.2012509" lon="74.5320004"/>
 <node id="5603022371" visible="true" version="1" changeset="58771024" timestamp="2018-05-07T21:18:55Z" user="mottiger" uid="7504544" lat="18.2002588" lon="74.5170478"/>
 <node id="5603022375" visible="true" version="1" changeset="58771024" timestamp="2018-05-07T21:18:55Z" user="mottiger" uid="7504544" lat="18.1963161" lon="74.5348442"/>
 <node id="5603022376" visible="true" version="1" changeset="58771024" timestamp="2018-05-07T21:18:55Z" user="mottiger" uid="7504544" lat="18.1990170" lon="74.5336747"/>
 <node id="5603022377" visible="true" version="1" changeset="58771024" timestamp="2018-05-07T21:18:55Z" user="mottiger" uid="7504544" lat="18.2016772" lon="74.5220500"/>
 <node id="5603022378" visible="true" version="1" changeset="58771024" timestamp="2018-05-07T21:18:55Z" user="mottiger" uid="7504544" lat="18.2003675" lon="74.5213687"/>
 <node id="5603022379" visible="true" version="1" changeset="58771024" timestamp="2018-05-07T21:18:55Z" user="mottiger" uid="7504544" lat="18.1993942" lon="74.5182896"/>
 <node id="5608835515" visible="true" version="2" changeset="93028868" timestamp="2020-10-25T20:47:41Z" user="mottiger" uid="7504544" lat="18.1549280" lon="74.5745749"/>
 <node id="5608835518" visible="true" version="1" changeset="58842815" timestamp="2018-05-10T08:53:47Z" user="mottiger" uid="7504544" lat="18.1508332" lon="74.5761677"/>
 <node id="5608835519" visible="true" version="3" changeset="113387441" timestamp="2021-11-04T21:57:33Z" user="jaimemd" uid="404532" lat="18.1570882" lon="74.5808867">
  <tag k="railway" v="level_crossing"/>
 </node>
 <node id="5608836867" visible="true" version="1" changeset="58842815" timestamp="2018-05-10T08:53:48Z" user="mottiger" uid="7504544" lat="18.2977230" lon="74.5612080">
  <tag k="railway" v="level_crossing"/>
 </node>
 <node id="5609005148" visible="true" version="2" changeset="65794944" timestamp="2018-12-26T20:32:24Z" user="PlaneMad" uid="1306" lat="18.3198794" lon="74.5803720">
  <tag k="railway" v="level_crossing"/>
 </node>
 <node id="5622076051" visible="true" version="1" changeset="59017219" timestamp="2018-05-16T12:56:30Z" user="mottiger" uid="7504544" lat="18.2068292" lon="74.4951636"/>
 <node id="5622076052" visible="true" version="1" changeset="59017219" timestamp="2018-05-16T12:56:30Z" user="mottiger" uid="7504544" lat="18.2081897" lon="74.4882649"/>
 <node id="5622077578" visible="true" version="1" changeset="59017219" timestamp="2018-05-16T12:56:46Z" user="mottiger" uid="7504544" lat="18.2234001" lon="74.4704711"/>
 <node id="5622077579" visible="true" version="1" changeset="59017219" timestamp="2018-05-16T12:56:46Z" user="mottiger" uid="7504544" lat="18.2274916" lon="74.4661581"/>
 <node id="5622077580" visible="true" version="1" changeset="59017219" timestamp="2018-05-16T12:56:46Z" user="mottiger" uid="7504544" lat="18.2284291" lon="74.4648546"/>
 <node id="5622077581" visible="true" version="1" changeset="59017219" timestamp="2018-05-16T12:56:46Z" user="mottiger" uid="7504544" lat="18.2308137" lon="74.4616198"/>
 <node id="5622077582" visible="true" version="1" changeset="59017219" timestamp="2018-05-16T12:56:46Z" user="mottiger" uid="7504544" lat="18.2312773" lon="74.4610083"/>
 <node id="5622077583" visible="true" version="1" changeset="59017219" timestamp="2018-05-16T12:56:46Z" user="mottiger" uid="7504544" lat="18.2314047" lon="74.4600964"/>
 <node id="5622077584" visible="true" version="1" changeset="59017219" timestamp="2018-05-16T12:56:46Z" user="mottiger" uid="7504544" lat="18.2311092" lon="74.4584709"/>
 <node id="5622077585" visible="true" version="1" changeset="59017219" timestamp="2018-05-16T12:56:46Z" user="mottiger" uid="7504544" lat="18.2309512" lon="74.4570386"/>
 <node id="5622077586" visible="true" version="1" changeset="59017219" timestamp="2018-05-16T12:56:46Z" user="mottiger" uid="7504544" lat="18.2326887" lon="74.4553488"/>
 <node id="5622077587" visible="true" version="1" changeset="59017219" timestamp="2018-05-16T12:56:46Z" user="mottiger" uid="7504544" lat="18.2338809" lon="74.4551128"/>
 <node id="5622077588" visible="true" version="1" changeset="59017219" timestamp="2018-05-16T12:56:46Z" user="mottiger" uid="7504544" lat="18.2350681" lon="74.4544262"/>
 <node id="5622077589" visible="true" version="1" changeset="59017219" timestamp="2018-05-16T12:56:46Z" user="mottiger" uid="7504544" lat="18.2359291" lon="74.4537771"/>
 <node id="5622077590" visible="true" version="1" changeset="59017219" timestamp="2018-05-16T12:56:46Z" user="mottiger" uid="7504544" lat="18.2365558" lon="74.4530582"/>
 <node id="5622077591" visible="true" version="1" changeset="59017219" timestamp="2018-05-16T12:56:46Z" user="mottiger" uid="7504544" lat="18.2413144" lon="74.4505423"/>
 <node id="5622077592" visible="true" version="1" changeset="59017219" timestamp="2018-05-16T12:56:46Z" user="mottiger" uid="7504544" lat="18.2424098" lon="74.4502151"/>
 <node id="5622077593" visible="true" version="1" changeset="59017219" timestamp="2018-05-16T12:56:46Z" user="mottiger" uid="7504544" lat="18.2429448" lon="74.4499469"/>
 <node id="5622077594" visible="true" version="1" changeset="59017219" timestamp="2018-05-16T12:56:46Z" user="mottiger" uid="7504544" lat="18.2445547" lon="74.4476992"/>
 <node id="5622077595" visible="true" version="1" changeset="59017219" timestamp="2018-05-16T12:56:47Z" user="mottiger" uid="7504544" lat="18.2448706" lon="74.4466960"/>
 <node id="5622077596" visible="true" version="1" changeset="59017219" timestamp="2018-05-16T12:56:47Z" user="mottiger" uid="7504544" lat="18.2453750" lon="74.4453657"/>
 <node id="5622077597" visible="true" version="1" changeset="59017219" timestamp="2018-05-16T12:56:47Z" user="mottiger" uid="7504544" lat="18.2461901" lon="74.4451511"/>
 <node id="5622077598" visible="true" version="1" changeset="59017219" timestamp="2018-05-16T12:56:47Z" user="mottiger" uid="7504544" lat="18.2471326" lon="74.4447058"/>
 <node id="5622077599" visible="true" version="1" changeset="59017219" timestamp="2018-05-16T12:56:47Z" user="mottiger" uid="7504544" lat="18.2471275" lon="74.4442713"/>
 <node id="5622077600" visible="true" version="1" changeset="59017219" timestamp="2018-05-16T12:56:47Z" user="mottiger" uid="7504544" lat="18.2471530" lon="74.4430697"/>
 <node id="5622077601" visible="true" version="1" changeset="59017219" timestamp="2018-05-16T12:56:47Z" user="mottiger" uid="7504544" lat="18.2481974" lon="74.4403285"/>
 <node id="5622077602" visible="true" version="1" changeset="59017219" timestamp="2018-05-16T12:56:47Z" user="mottiger" uid="7504544" lat="18.2477644" lon="74.4412887"/>
 <node id="5622077603" visible="true" version="1" changeset="59017219" timestamp="2018-05-16T12:56:47Z" user="mottiger" uid="7504544" lat="18.2484420" lon="74.4396418"/>
 <node id="5622077604" visible="true" version="1" changeset="59017219" timestamp="2018-05-16T12:56:47Z" user="mottiger" uid="7504544" lat="18.2487935" lon="74.4385046"/>
 <node id="5622077605" visible="true" version="1" changeset="59017219" timestamp="2018-05-16T12:56:47Z" user="mottiger" uid="7504544" lat="18.2514834" lon="74.4368201"/>
 <node id="5622077606" visible="true" version="1" changeset="59017219" timestamp="2018-05-16T12:56:47Z" user="mottiger" uid="7504544" lat="18.2533990" lon="74.4351894"/>
 <node id="5622077607" visible="true" version="1" changeset="59017219" timestamp="2018-05-16T12:56:47Z" user="mottiger" uid="7504544" lat="18.2549273" lon="74.4328290"/>
 <node id="5622077608" visible="true" version="1" changeset="59017219" timestamp="2018-05-16T12:56:47Z" user="mottiger" uid="7504544" lat="18.2551515" lon="74.4324106"/>
 <node id="5622077609" visible="true" version="1" changeset="59017219" timestamp="2018-05-16T12:56:47Z" user="mottiger" uid="7504544" lat="18.2562468" lon="74.4312894"/>
 <node id="5622077610" visible="true" version="1" changeset="59017219" timestamp="2018-05-16T12:56:47Z" user="mottiger" uid="7504544" lat="18.2572351" lon="74.4303292"/>
 <node id="5622077611" visible="true" version="1" changeset="59017219" timestamp="2018-05-16T12:56:47Z" user="mottiger" uid="7504544" lat="18.2580247" lon="74.4246751"/>
 <node id="5622077612" visible="true" version="1" changeset="59017219" timestamp="2018-05-16T12:56:47Z" user="mottiger" uid="7504544" lat="18.2579687" lon="74.4228110"/>
 <node id="5658355162" visible="true" version="2" changeset="59512762" timestamp="2018-06-03T16:22:01Z" user="mottiger" uid="7504544" lat="18.1411899" lon="74.6008882"/>
 <node id="5658355648" visible="true" version="1" changeset="59481710" timestamp="2018-06-02T09:54:40Z" user="mottiger" uid="7504544" lat="18.1339883" lon="74.6143254"/>
 <node id="5658355651" visible="true" version="1" changeset="59481710" timestamp="2018-06-02T09:54:40Z" user="mottiger" uid="7504544" lat="18.1354803" lon="74.6101177"/>
 <node id="5658355657" visible="true" version="1" changeset="59481710" timestamp="2018-06-02T09:54:40Z" user="mottiger" uid="7504544" lat="18.1336323" lon="74.6166636"/>
 <node id="5658355658" visible="true" version="1" changeset="59481710" timestamp="2018-06-02T09:54:41Z" user="mottiger" uid="7504544" lat="18.1334896" lon="74.6159247"/>
 <node id="5658355659" visible="true" version="1" changeset="59481710" timestamp="2018-06-02T09:54:41Z" user="mottiger" uid="7504544" lat="18.1334896" lon="74.6157959"/>
 <node id="5658356747" visible="true" version="1" changeset="59481710" timestamp="2018-06-02T09:54:49Z" user="mottiger" uid="7504544" lat="18.1486954" lon="74.6407789"/>
 <node id="5658356750" visible="true" version="1" changeset="59481710" timestamp="2018-06-02T09:54:49Z" user="mottiger" uid="7504544" lat="18.1484694" lon="74.6381307"/>
 <node id="5658356751" visible="true" version="1" changeset="59481710" timestamp="2018-06-02T09:54:49Z" user="mottiger" uid="7504544" lat="18.1487931" lon="74.6394557"/>
 <node id="5658356752" visible="true" version="1" changeset="59481710" timestamp="2018-06-02T09:54:49Z" user="mottiger" uid="7504544" lat="18.1488441" lon="74.6397614"/>
 <node id="5658356753" visible="true" version="1" changeset="59481710" timestamp="2018-06-02T09:54:49Z" user="mottiger" uid="7504544" lat="18.1377209" lon="74.6453404"/>
 <node id="5658356754" visible="true" version="1" changeset="59481710" timestamp="2018-06-02T09:54:49Z" user="mottiger" uid="7504544" lat="18.1376622" lon="74.6452197"/>
 <node id="5658356755" visible="true" version="1" changeset="59481710" timestamp="2018-06-02T09:54:49Z" user="mottiger" uid="7504544" lat="18.1376342" lon="74.6449301"/>
 <node id="5658356756" visible="true" version="1" changeset="59481710" timestamp="2018-06-02T09:54:49Z" user="mottiger" uid="7504544" lat="18.1382307" lon="74.6441630"/>
 <node id="5658356757" visible="true" version="1" changeset="59481710" timestamp="2018-06-02T09:54:49Z" user="mottiger" uid="7504544" lat="18.1385671" lon="74.6440154"/>
 <node id="5658356758" visible="true" version="1" changeset="59481710" timestamp="2018-06-02T09:54:49Z" user="mottiger" uid="7504544" lat="18.1388628" lon="74.6439967"/>
 <node id="5658356759" visible="true" version="1" changeset="59481710" timestamp="2018-06-02T09:54:49Z" user="mottiger" uid="7504544" lat="18.1389851" lon="74.6439376"/>
 <node id="5658356760" visible="true" version="1" changeset="59481710" timestamp="2018-06-02T09:54:49Z" user="mottiger" uid="7504544" lat="18.1391661" lon="74.6437338"/>
 <node id="5658356761" visible="true" version="1" changeset="59481710" timestamp="2018-06-02T09:54:49Z" user="mottiger" uid="7504544" lat="18.1395739" lon="74.6426851"/>
 <node id="5658356762" visible="true" version="1" changeset="59481710" timestamp="2018-06-02T09:54:49Z" user="mottiger" uid="7504544" lat="18.1396963" lon="74.6424168"/>
 <node id="5658356763" visible="true" version="1" changeset="59481710" timestamp="2018-06-02T09:54:49Z" user="mottiger" uid="7504544" lat="18.1399282" lon="74.6421754"/>
 <node id="5658356764" visible="true" version="1" changeset="59481710" timestamp="2018-06-02T09:54:49Z" user="mottiger" uid="7504544" lat="18.1404253" lon="74.6419018"/>
 <node id="5658356765" visible="true" version="1" changeset="59481710" timestamp="2018-06-02T09:54:49Z" user="mottiger" uid="7504544" lat="18.1425714" lon="74.6409926"/>
 <node id="5658356766" visible="true" version="1" changeset="59481710" timestamp="2018-06-02T09:54:49Z" user="mottiger" uid="7504544" lat="18.1428212" lon="74.6409282"/>
 <node id="5658356767" visible="true" version="1" changeset="59481710" timestamp="2018-06-02T09:54:49Z" user="mottiger" uid="7504544" lat="18.1433335" lon="74.6408638"/>
 <node id="5658356768" visible="true" version="1" changeset="59481710" timestamp="2018-06-02T09:54:49Z" user="mottiger" uid="7504544" lat="18.1439096" lon="74.6408102"/>
 <node id="5658356769" visible="true" version="1" changeset="59481710" timestamp="2018-06-02T09:54:49Z" user="mottiger" uid="7504544" lat="18.1442384" lon="74.6408290"/>
 <node id="5658356770" visible="true" version="1" changeset="59481710" timestamp="2018-06-02T09:54:49Z" user="mottiger" uid="7504544" lat="18.1460073" lon="74.6417865"/>
 <node id="5658356771" visible="true" version="1" changeset="59481710" timestamp="2018-06-02T09:54:49Z" user="mottiger" uid="7504544" lat="18.1480667" lon="74.6418804"/>
 <node id="5658356772" visible="true" version="1" changeset="59481710" timestamp="2018-06-02T09:54:49Z" user="mottiger" uid="7504544" lat="18.1482731" lon="74.6418589"/>
 <node id="5658356773" visible="true" version="1" changeset="59481710" timestamp="2018-06-02T09:54:49Z" user="mottiger" uid="7504544" lat="18.1484872" lon="74.6416685"/>
 <node id="5661464638" visible="true" version="1" changeset="59512762" timestamp="2018-06-03T16:21:50Z" user="mottiger" uid="7504544" lat="18.1360641" lon="74.6077520"/>
 <node id="5661464639" visible="true" version="1" changeset="59512762" timestamp="2018-06-03T16:21:50Z" user="mottiger" uid="7504544" lat="18.1363521" lon="74.6068507"/>
 <node id="5661464640" visible="true" version="1" changeset="59512762" timestamp="2018-06-03T16:21:50Z" user="mottiger" uid="7504544" lat="18.1372748" lon="74.6045065"/>
 <node id="5661464641" visible="true" version="1" changeset="59512762" timestamp="2018-06-03T16:21:50Z" user="mottiger" uid="7504544" lat="18.1382205" lon="74.6020925"/>
 <node id="5661464642" visible="true" version="1" changeset="59512762" timestamp="2018-06-03T16:21:50Z" user="mottiger" uid="7504544" lat="18.1383606" lon="74.6018350"/>
 <node id="5661464643" visible="true" version="1" changeset="59512762" timestamp="2018-06-03T16:21:50Z" user="mottiger" uid="7504544" lat="18.1385646" lon="74.6016580"/>
 <node id="5661464657" visible="true" version="1" changeset="59512762" timestamp="2018-06-03T16:21:50Z" user="mottiger" uid="7504544" lat="18.1462749" lon="74.5977876"/>
 <node id="5661464658" visible="true" version="1" changeset="59512762" timestamp="2018-06-03T16:21:51Z" user="mottiger" uid="7504544" lat="18.1431169" lon="74.6017465"/>
 <node id="5661464659" visible="true" version="1" changeset="59512762" timestamp="2018-06-03T16:21:51Z" user="mottiger" uid="7504544" lat="18.1415238" lon="74.6017116"/>
 <node id="5661464660" visible="true" version="1" changeset="59512762" timestamp="2018-06-03T16:21:51Z" user="mottiger" uid="7504544" lat="18.1407933" lon="74.6015344"/>
 <node id="5979625481" visible="true" version="1" changeset="63469201" timestamp="2018-10-12T18:33:50Z" user="mottiger" uid="7504544" lat="18.1539339" lon="74.5861468"/>
 <node id="5979625482" visible="true" version="1" changeset="63469201" timestamp="2018-10-12T18:33:50Z" user="mottiger" uid="7504544" lat="18.1567935" lon="74.5853126"/>
 <node id="5979625483" visible="true" version="1" changeset="63469201" timestamp="2018-10-12T18:33:50Z" user="mottiger" uid="7504544" lat="18.1554019" lon="74.5858303"/>
 <node id="5979625484" visible="true" version="1" changeset="63469201" timestamp="2018-10-12T18:33:50Z" user="mottiger" uid="7504544" lat="18.1580704" lon="74.5844972"/>
 <node id="5979629485" visible="true" version="1" changeset="63469201" timestamp="2018-10-12T18:33:50Z" user="mottiger" uid="7504544" lat="18.1583201" lon="74.5847467"/>
 <node id="5979629486" visible="true" version="1" changeset="63469201" timestamp="2018-10-12T18:33:51Z" user="mottiger" uid="7504544" lat="18.1579735" lon="74.5843765"/>
 <node id="5979629487" visible="true" version="1" changeset="63469201" timestamp="2018-10-12T18:33:51Z" user="mottiger" uid="7504544" lat="18.1522989" lon="74.5820162"/>
 <node id="5979629488" visible="true" version="1" changeset="63469201" timestamp="2018-10-12T18:33:51Z" user="mottiger" uid="7504544" lat="18.1579735" lon="74.5845133"/>
 <node id="5979629489" visible="true" version="1" changeset="63469201" timestamp="2018-10-12T18:33:51Z" user="mottiger" uid="7504544" lat="18.1572140" lon="74.5851999"/>
 <node id="5979629490" visible="true" version="1" changeset="63469201" timestamp="2018-10-12T18:33:51Z" user="mottiger" uid="7504544" lat="18.1517675" lon="74.5796692"/>
 <node id="5979629491" visible="true" version="1" changeset="63469201" timestamp="2018-10-12T18:33:51Z" user="mottiger" uid="7504544" lat="18.1537121" lon="74.5795995"/>
 <node id="5979629492" visible="true" version="1" changeset="63469201" timestamp="2018-10-12T18:33:51Z" user="mottiger" uid="7504544" lat="18.1571299" lon="74.5851275"/>
 <node id="5979629493" visible="true" version="1" changeset="63469201" timestamp="2018-10-12T18:33:51Z" user="mottiger" uid="7504544" lat="18.1559320" lon="74.5857203"/>
 <node id="5979629494" visible="true" version="1" changeset="63469201" timestamp="2018-10-12T18:33:51Z" user="mottiger" uid="7504544" lat="18.1556186" lon="74.5856291"/>
 <node id="5979629495" visible="true" version="1" changeset="63469201" timestamp="2018-10-12T18:33:51Z" user="mottiger" uid="7504544" lat="18.1568572" lon="74.5854226"/>
 <node id="5979629496" visible="true" version="1" changeset="63469201" timestamp="2018-10-12T18:33:51Z" user="mottiger" uid="7504544" lat="18.1537376" lon="74.5861132"/>
 <node id="5979629497" visible="true" version="1" changeset="63469201" timestamp="2018-10-12T18:33:51Z" user="mottiger" uid="7504544" lat="18.1546118" lon="74.5860153"/>
 <node id="6164531168" visible="true" version="1" changeset="65794944" timestamp="2018-12-26T20:32:23Z" user="PlaneMad" uid="1306" lat="18.3219775" lon="74.5809245"/>
 <node id="6164531169" visible="true" version="1" changeset="65794944" timestamp="2018-12-26T20:32:23Z" user="PlaneMad" uid="1306" lat="18.3209794" lon="74.5808011"/>
 <node id="6164531170" visible="true" version="1" changeset="65794944" timestamp="2018-12-26T20:32:23Z" user="PlaneMad" uid="1306" lat="18.3182651" lon="74.5794278"/>
 <node id="6283408860" visible="true" version="1" changeset="67262786" timestamp="2019-02-16T20:39:48Z" user="mottiger" uid="7504544" lat="18.1340595" lon="74.6141278"/>
 <node id="6590375048" visible="true" version="1" changeset="71918315" timestamp="2019-07-05T05:55:26Z" user="Deepak Saravanan" uid="664208" lat="18.3147846" lon="74.5782537"/>
 <node id="6590375049" visible="true" version="1" changeset="71918315" timestamp="2019-07-05T05:55:26Z" user="Deepak Saravanan" uid="664208" lat="18.2727748" lon="74.5703967"/>
 <node id="6590375050" visible="true" version="1" changeset="71918315" timestamp="2019-07-05T05:55:26Z" user="Deepak Saravanan" uid="664208" lat="18.3085815" lon="74.5759202"/>
 <node id="6590790724" visible="true" version="1" changeset="71924863" timestamp="2019-07-05T09:43:02Z" user="Deepak Saravanan" uid="664208" lat="18.2325686" lon="74.5960727"/>
 <node id="6590790725" visible="true" version="3" changeset="113387441" timestamp="2021-11-04T21:57:33Z" user="jaimemd" uid="404532" lat="18.1530037" lon="74.5773638"/>
 <node id="6905029966" visible="true" version="1" changeset="76036969" timestamp="2019-10-22T08:56:21Z" user="R2_tejan" uid="10142742" lat="18.1525882" lon="74.5750880">
  <tag k="addr:city" v="Baramati"/>
  <tag k="addr:district" v="PUNE"/>
  <tag k="addr:full" v="Indian Red Cross Society (IRCS), (Late Manikbai Chandulal Saraf) Blood Bank, Near Government Silver Jubilee Hospital, Patas Road, Baramati, Pune"/>
  <tag k="addr:postcode" v="413102"/>
  <tag k="addr:state" v="Maharashtra"/>
  <tag k="amenity" v="blood_bank"/>
  <tag k="contact:helpline" v="9096383959"/>
  <tag k="contact:mobile" v="9850033891"/>
  <tag k="contact:phone" v="2112222951"/>
  <tag k="email" v="ircsbbbaramati@gmail.com"/>
  <tag k="name" v="Indian Red Cross Society Blood Bank, Baramati"/>
  <tag k="opening_hours" v="24/7"/>
  <tag k="operator:type" v="ngo"/>
  <tag k="source" v="OpenGovernmentData"/>
 </node>
 <node id="6905029967" visible="true" version="1" changeset="76036969" timestamp="2019-10-22T08:56:21Z" user="R2_tejan" uid="10142742" lat="18.1527385" lon="74.5750112"/>
 <node id="6905029968" visible="true" version="1" changeset="76036969" timestamp="2019-10-22T08:56:21Z" user="R2_tejan" uid="10142742" lat="18.1527487" lon="74.5751480"/>
 <node id="6905029969" visible="true" version="1" changeset="76036969" timestamp="2019-10-22T08:56:21Z" user="R2_tejan" uid="10142742" lat="18.1524684" lon="74.5751712"/>
 <node id="6905029970" visible="true" version="1" changeset="76036969" timestamp="2019-10-22T08:56:21Z" user="R2_tejan" uid="10142742" lat="18.1524582" lon="74.5750344"/>
 <node id="7043136202" visible="true" version="1" changeset="78132266" timestamp="2019-12-09T06:34:25Z" user="R6_harish" uid="10410602" lat="18.1460972" lon="74.5771790"/>
 <node id="7043136203" visible="true" version="1" changeset="78132266" timestamp="2019-12-09T06:34:25Z" user="R6_harish" uid="10410602" lat="18.1460562" lon="74.5772352"/>
 <node id="7043136204" visible="true" version="1" changeset="78132266" timestamp="2019-12-09T06:34:25Z" user="R6_harish" uid="10410602" lat="18.1461074" lon="74.5772745"/>
 <node id="7043136205" visible="true" version="1" changeset="78132266" timestamp="2019-12-09T06:34:25Z" user="R6_harish" uid="10410602" lat="18.1461023" lon="74.5773153"/>
 <node id="7043136206" visible="true" version="1" changeset="78132266" timestamp="2019-12-09T06:34:25Z" user="R6_harish" uid="10410602" lat="18.1460474" lon="74.5773785"/>
 <node id="7043136207" visible="true" version="1" changeset="78132266" timestamp="2019-12-09T06:34:25Z" user="R6_harish" uid="10410602" lat="18.1461045" lon="74.5774370"/>
 <node id="7043136208" visible="true" version="1" changeset="78132266" timestamp="2019-12-09T06:34:25Z" user="R6_harish" uid="10410602" lat="18.1461631" lon="74.5774293"/>
 <node id="7043136209" visible="true" version="1" changeset="78132266" timestamp="2019-12-09T06:34:25Z" user="R6_harish" uid="10410602" lat="18.1461674" lon="74.5773908"/>
 <node id="7043136210" visible="true" version="1" changeset="78132266" timestamp="2019-12-09T06:34:25Z" user="R6_harish" uid="10410602" lat="18.1461879" lon="74.5773892"/>
 <node id="7043136211" visible="true" version="1" changeset="78132266" timestamp="2019-12-09T06:34:25Z" user="R6_harish" uid="10410602" lat="18.1461821" lon="74.5773723"/>
 <node id="7043136212" visible="true" version="1" changeset="78132266" timestamp="2019-12-09T06:34:25Z" user="R6_harish" uid="10410602" lat="18.1462011" lon="74.5773615"/>
 <node id="7043136213" visible="true" version="1" changeset="78132266" timestamp="2019-12-09T06:34:25Z" user="R6_harish" uid="10410602" lat="18.1462450" lon="74.5774046"/>
 <node id="7043136214" visible="true" version="1" changeset="78132266" timestamp="2019-12-09T06:34:25Z" user="R6_harish" uid="10410602" lat="18.1462582" lon="74.5773900"/>
 <node id="7043136215" visible="true" version="1" changeset="78132266" timestamp="2019-12-09T06:34:25Z" user="R6_harish" uid="10410602" lat="18.1462853" lon="74.5774247"/>
 <node id="7043136216" visible="true" version="1" changeset="78132266" timestamp="2019-12-09T06:34:25Z" user="R6_harish" uid="10410602" lat="18.1463285" lon="74.5773831"/>
 <node id="7043136217" visible="true" version="1" changeset="78132266" timestamp="2019-12-09T06:34:25Z" user="R6_harish" uid="10410602" lat="18.1463578" lon="74.5773854"/>
 <node id="7043136218" visible="true" version="1" changeset="78132266" timestamp="2019-12-09T06:34:25Z" user="R6_harish" uid="10410602" lat="18.1463673" lon="74.5773076"/>
 <node id="7043136219" visible="true" version="1" changeset="78132266" timestamp="2019-12-09T06:34:25Z" user="R6_harish" uid="10410602" lat="18.1463387" lon="74.5773053"/>
 <node id="7043136220" visible="true" version="1" changeset="78132266" timestamp="2019-12-09T06:34:25Z" user="R6_harish" uid="10410602" lat="18.1463007" lon="74.5772799"/>
 <node id="7043136221" visible="true" version="1" changeset="78132266" timestamp="2019-12-09T06:34:25Z" user="R6_harish" uid="10410602" lat="18.1462992" lon="74.5772329"/>
 <node id="7043136222" visible="true" version="1" changeset="78132266" timestamp="2019-12-09T06:34:25Z" user="R6_harish" uid="10410602" lat="18.1462502" lon="74.5772306"/>
 <node id="7043136223" visible="true" version="1" changeset="78132266" timestamp="2019-12-09T06:34:25Z" user="R6_harish" uid="10410602" lat="18.1462560" lon="74.5772175"/>
 <node id="7043136224" visible="true" version="1" changeset="78132266" timestamp="2019-12-09T06:34:25Z" user="R6_harish" uid="10410602" lat="18.1461857" lon="74.5771636"/>
 <node id="7043136225" visible="true" version="1" changeset="78132266" timestamp="2019-12-09T06:34:25Z" user="R6_harish" uid="10410602" lat="18.1461382" lon="74.5771659"/>
 <node id="7043136226" visible="true" version="1" changeset="78132266" timestamp="2019-12-09T06:34:25Z" user="R6_harish" uid="10410602" lat="18.1461396" lon="74.5772121"/>
 <node id="7044818181" visible="true" version="1" changeset="78167988" timestamp="2019-12-09T19:14:23Z" user="R1_sowmya" uid="10142736" lat="18.1461092" lon="74.5862822">
  <tag k="addr:district" v="Pune"/>
  <tag k="addr:full" v="Avdhoot Plaza,Near Ajinkya Market,Bhigwan Road,Baramati"/>
  <tag k="addr:postcode" v="411041"/>
  <tag k="addr:state" v="Maharashtra"/>
  <tag k="amenity" v="hospital"/>
  <tag k="name" v="Atole Accident Hospital"/>
  <tag k="source" v="OpenGovernmentData"/>
 </node>
 <node id="7044818182" visible="true" version="1" changeset="78167988" timestamp="2019-12-09T19:14:23Z" user="R1_sowmya" uid="10142736" lat="18.1459851" lon="74.5860597"/>
 <node id="7044818183" visible="true" version="1" changeset="78167988" timestamp="2019-12-09T19:14:23Z" user="R1_sowmya" uid="10142736" lat="18.1459265" lon="74.5864003"/>
 <node id="7044818184" visible="true" version="1" changeset="78167988" timestamp="2019-12-09T19:14:23Z" user="R1_sowmya" uid="10142736" lat="18.1461793" lon="74.5864485"/>
 <node id="7044847085" visible="true" version="1" changeset="78167988" timestamp="2019-12-09T19:14:23Z" user="R1_sowmya" uid="10142736" lat="18.1462379" lon="74.5861079"/>
 <node id="7048498766" visible="true" version="1" changeset="78242379" timestamp="2019-12-11T06:33:49Z" user="R10_sindhu" uid="10410618" lat="18.1544793" lon="74.5830019">
  <tag k="addr:district" v="Pune"/>
  <tag k="addr:full" v="4/401 Ashoknagar,Bhigawan Road Behind Ashish Petrol Pump Baramati"/>
  <tag k="addr:postcode" v="413102"/>
  <tag k="addr:state" v="Maharashtra"/>
  <tag k="amenity" v="clinic"/>
  <tag k="name" v="Shivanandan Polyclinic"/>
  <tag k="source" v="OpenGovernmentData"/>
 </node>
 <node id="7048498767" visible="true" version="1" changeset="78242379" timestamp="2019-12-11T06:33:49Z" user="R10_sindhu" uid="10410618" lat="18.1546198" lon="74.5830583"/>
 <node id="7048498768" visible="true" version="1" changeset="78242379" timestamp="2019-12-11T06:33:49Z" user="R10_sindhu" uid="10410618" lat="18.1543509" lon="74.5830690"/>
 <node id="7048498769" visible="true" version="1" changeset="78242379" timestamp="2019-12-11T06:33:49Z" user="R10_sindhu" uid="10410618" lat="18.1543468" lon="74.5829536"/>
 <node id="7048498770" visible="true" version="1" changeset="78242379" timestamp="2019-12-11T06:33:49Z" user="R10_sindhu" uid="10410618" lat="18.1546157" lon="74.5829429"/>
 <node id="7049466758" visible="true" version="1" changeset="78264663" timestamp="2019-12-11T14:06:04Z" user="R12_sreeram" uid="10410621" lat="18.1561818" lon="74.5837381">
  <tag k="addr:district" v="Pune"/>
  <tag k="addr:full" v="Ashok Nagar, Behind State Bank of India, Bhigwan Road, Baramati"/>
  <tag k="addr:postcode" v="413102"/>
  <tag k="addr:state" v="Maharashtra"/>
  <tag k="amenity" v="clinic"/>
  <tag k="name" v="Yashshree Nursing Home"/>
  <tag k="source" v="OpenGovernmentData"/>
 </node>
 <node id="7049466759" visible="true" version="1" changeset="78264663" timestamp="2019-12-11T14:06:04Z" user="R12_sreeram" uid="10410621" lat="18.1562317" lon="74.5838915"/>
 <node id="7049466760" visible="true" version="1" changeset="78264663" timestamp="2019-12-11T14:06:04Z" user="R12_sreeram" uid="10410621" lat="18.1560520" lon="74.5836749"/>
 <node id="7049466761" visible="true" version="1" changeset="78264663" timestamp="2019-12-11T14:06:04Z" user="R12_sreeram" uid="10410621" lat="18.1561474" lon="74.5835873"/>
 <node id="7049466762" visible="true" version="1" changeset="78264663" timestamp="2019-12-11T14:06:04Z" user="R12_sreeram" uid="10410621" lat="18.1563271" lon="74.5838039"/>
 <node id="7051854546" visible="true" version="1" changeset="78316965" timestamp="2019-12-12T12:28:50Z" user="R12_sreeram" uid="10410621" lat="18.1522721" lon="74.5743360">
  <tag k="addr:district" v="Pune"/>
  <tag k="addr:full" v="Patas Road, Opposite Government Hospital, Baramati"/>
  <tag k="addr:postcode" v="413102"/>
  <tag k="addr:state" v="Maharashtra"/>
  <tag k="amenity" v="hospital"/>
  <tag k="name" v="Nimbalkar Hospital"/>
  <tag k="source" v="OpenGovernmentData"/>
 </node>
 <node id="7051854547" visible="true" version="1" changeset="78316965" timestamp="2019-12-12T12:28:50Z" user="R12_sreeram" uid="10410621" lat="18.1522097" lon="74.5742230"/>
 <node id="7051854548" visible="true" version="1" changeset="78316965" timestamp="2019-12-12T12:28:50Z" user="R12_sreeram" uid="10410621" lat="18.1522288" lon="74.5742612"/>
 <node id="7051854549" visible="true" version="1" changeset="78316965" timestamp="2019-12-12T12:28:50Z" user="R12_sreeram" uid="10410621" lat="18.1522269" lon="74.5742746"/>
 <node id="7051854550" visible="true" version="1" changeset="78316965" timestamp="2019-12-12T12:28:50Z" user="R12_sreeram" uid="10410621" lat="18.1522390" lon="74.5743085"/>
 <node id="7051854551" visible="true" version="1" changeset="78316965" timestamp="2019-12-12T12:28:50Z" user="R12_sreeram" uid="10410621" lat="18.1522125" lon="74.5743202"/>
 <node id="7051854552" visible="true" version="1" changeset="78316965" timestamp="2019-12-12T12:28:50Z" user="R12_sreeram" uid="10410621" lat="18.1522116" lon="74.5743796"/>
 <node id="7051854553" visible="true" version="1" changeset="78316965" timestamp="2019-12-12T12:28:50Z" user="R12_sreeram" uid="10410621" lat="18.1521988" lon="74.5743913"/>
 <node id="7051854554" visible="true" version="1" changeset="78316965" timestamp="2019-12-12T12:28:50Z" user="R12_sreeram" uid="10410621" lat="18.1522275" lon="74.5744141"/>
 <node id="7051854555" visible="true" version="1" changeset="78316965" timestamp="2019-12-12T12:28:50Z" user="R12_sreeram" uid="10410621" lat="18.1523632" lon="74.5743551"/>
 <node id="7051854556" visible="true" version="1" changeset="78316965" timestamp="2019-12-12T12:28:50Z" user="R12_sreeram" uid="10410621" lat="18.1523537" lon="74.5743303"/>
 <node id="7051854557" visible="true" version="1" changeset="78316965" timestamp="2019-12-12T12:28:50Z" user="R12_sreeram" uid="10410621" lat="18.1523231" lon="74.5743444"/>
 <node id="7051854558" visible="true" version="1" changeset="78316965" timestamp="2019-12-12T12:28:50Z" user="R12_sreeram" uid="10410621" lat="18.1522670" lon="74.5742029"/>
 <node id="7054557630" visible="true" version="1" changeset="78374123" timestamp="2019-12-13T13:05:06Z" user="R4_shubham" uid="10142759" lat="18.1463915" lon="74.5829771"/>
 <node id="7054557631" visible="true" version="1" changeset="78374123" timestamp="2019-12-13T13:05:06Z" user="R4_shubham" uid="10142759" lat="18.1463888" lon="74.5830644"/>
 <node id="7054557632" visible="true" version="1" changeset="78374123" timestamp="2019-12-13T13:05:06Z" user="R4_shubham" uid="10142759" lat="18.1463352" lon="74.5830626"/>
 <node id="7054557633" visible="true" version="1" changeset="78374123" timestamp="2019-12-13T13:05:06Z" user="R4_shubham" uid="10142759" lat="18.1463332" lon="74.5831308"/>
 <node id="7054557634" visible="true" version="1" changeset="78374123" timestamp="2019-12-13T13:05:06Z" user="R4_shubham" uid="10142759" lat="18.1463637" lon="74.5831318"/>
 <node id="7054557635" visible="true" version="1" changeset="78374123" timestamp="2019-12-13T13:05:06Z" user="R4_shubham" uid="10142759" lat="18.1463644" lon="74.5831089"/>
 <node id="7054557636" visible="true" version="1" changeset="78374123" timestamp="2019-12-13T13:05:06Z" user="R4_shubham" uid="10142759" lat="18.1463830" lon="74.5831095"/>
 <node id="7054557637" visible="true" version="1" changeset="78374123" timestamp="2019-12-13T13:05:06Z" user="R4_shubham" uid="10142759" lat="18.1463797" lon="74.5832163"/>
 <node id="7054557638" visible="true" version="1" changeset="78374123" timestamp="2019-12-13T13:05:06Z" user="R4_shubham" uid="10142759" lat="18.1462006" lon="74.5832103"/>
 <node id="7054557639" visible="true" version="1" changeset="78374123" timestamp="2019-12-13T13:05:06Z" user="R4_shubham" uid="10142759" lat="18.1462038" lon="74.5831057"/>
 <node id="7054557640" visible="true" version="1" changeset="78374123" timestamp="2019-12-13T13:05:06Z" user="R4_shubham" uid="10142759" lat="18.1461900" lon="74.5831052"/>
 <node id="7054557641" visible="true" version="1" changeset="78374123" timestamp="2019-12-13T13:05:06Z" user="R4_shubham" uid="10142759" lat="18.1461941" lon="74.5829704"/>
 <node id="7054961563" visible="true" version="1" changeset="78382260" timestamp="2019-12-13T15:39:46Z" user="R4_shubham" uid="10142759" lat="18.1453426" lon="74.5823119">
  <tag k="addr:district" v="Pune"/>
  <tag k="addr:full" v="Indapur Road"/>
  <tag k="addr:postcode" v="413102"/>
  <tag k="addr:state" v="Maharashtra"/>
  <tag k="amenity" v="hospital"/>
  <tag k="name" v="Bobade Accident Hospital"/>
  <tag k="source" v="OpenGovernmentData"/>
 </node>
 <node id="7054961564" visible="true" version="1" changeset="78382260" timestamp="2019-12-13T15:39:46Z" user="R4_shubham" uid="10142759" lat="18.1453497" lon="74.5821268"/>
 <node id="7054961565" visible="true" version="1" changeset="78382260" timestamp="2019-12-13T15:39:46Z" user="R4_shubham" uid="10142759" lat="18.1453707" lon="74.5821174"/>
 <node id="7054961566" visible="true" version="1" changeset="78382260" timestamp="2019-12-13T15:39:46Z" user="R4_shubham" uid="10142759" lat="18.1453707" lon="74.5821369"/>
 <node id="7054961567" visible="true" version="1" changeset="78382260" timestamp="2019-12-13T15:39:46Z" user="R4_shubham" uid="10142759" lat="18.1453522" lon="74.5821590"/>
 <node id="7054961568" visible="true" version="1" changeset="78382260" timestamp="2019-12-13T15:39:46Z" user="R4_shubham" uid="10142759" lat="18.1453554" lon="74.5821838"/>
 <node id="7054961569" visible="true" version="1" changeset="78382260" timestamp="2019-12-13T15:39:46Z" user="R4_shubham" uid="10142759" lat="18.1453860" lon="74.5821925"/>
 <node id="7054961570" visible="true" version="1" changeset="78382260" timestamp="2019-12-13T15:39:46Z" user="R4_shubham" uid="10142759" lat="18.1453822" lon="74.5822395"/>
 <node id="7054961571" visible="true" version="1" changeset="78382260" timestamp="2019-12-13T15:39:46Z" user="R4_shubham" uid="10142759" lat="18.1453936" lon="74.5822435"/>
 <node id="7054961572" visible="true" version="1" changeset="78382260" timestamp="2019-12-13T15:39:46Z" user="R4_shubham" uid="10142759" lat="18.1453936" lon="74.5822891"/>
 <node id="7054961573" visible="true" version="1" changeset="78382260" timestamp="2019-12-13T15:39:46Z" user="R4_shubham" uid="10142759" lat="18.1453790" lon="74.5822871"/>
 <node id="7054961574" visible="true" version="1" changeset="78382260" timestamp="2019-12-13T15:39:46Z" user="R4_shubham" uid="10142759" lat="18.1453739" lon="74.5823112"/>
 <node id="7054961575" visible="true" version="1" changeset="78382260" timestamp="2019-12-13T15:39:46Z" user="R4_shubham" uid="10142759" lat="18.1453669" lon="74.5823293"/>
 <node id="7054961576" visible="true" version="1" changeset="78382260" timestamp="2019-12-13T15:39:46Z" user="R4_shubham" uid="10142759" lat="18.1453853" lon="74.5823273"/>
 <node id="7054961577" visible="true" version="1" changeset="78382260" timestamp="2019-12-13T15:39:46Z" user="R4_shubham" uid="10142759" lat="18.1453828" lon="74.5823568"/>
 <node id="7054961578" visible="true" version="1" changeset="78382260" timestamp="2019-12-13T15:39:46Z" user="R4_shubham" uid="10142759" lat="18.1453618" lon="74.5823561"/>
 <node id="7054961579" visible="true" version="1" changeset="78382260" timestamp="2019-12-13T15:39:46Z" user="R4_shubham" uid="10142759" lat="18.1453599" lon="74.5823850"/>
 <node id="7054961580" visible="true" version="1" changeset="78382260" timestamp="2019-12-13T15:39:46Z" user="R4_shubham" uid="10142759" lat="18.1453076" lon="74.5823903"/>
 <node id="7054961581" visible="true" version="1" changeset="78382260" timestamp="2019-12-13T15:39:46Z" user="R4_shubham" uid="10142759" lat="18.1453089" lon="74.5823568"/>
 <node id="7054961582" visible="true" version="1" changeset="78382260" timestamp="2019-12-13T15:39:46Z" user="R4_shubham" uid="10142759" lat="18.1452993" lon="74.5823568"/>
 <node id="7054961583" visible="true" version="1" changeset="78382260" timestamp="2019-12-13T15:39:46Z" user="R4_shubham" uid="10142759" lat="18.1452987" lon="74.5823112"/>
 <node id="7054961584" visible="true" version="1" changeset="78382260" timestamp="2019-12-13T15:39:46Z" user="R4_shubham" uid="10142759" lat="18.1453165" lon="74.5823132"/>
 <node id="7054981785" visible="true" version="1" changeset="78382260" timestamp="2019-12-13T15:39:46Z" user="R4_shubham" uid="10142759" lat="18.1453184" lon="74.5822985"/>
 <node id="7054981786" visible="true" version="1" changeset="78382260" timestamp="2019-12-13T15:39:46Z" user="R4_shubham" uid="10142759" lat="18.1453095" lon="74.5822924"/>
 <node id="7054981787" visible="true" version="1" changeset="78382260" timestamp="2019-12-13T15:39:46Z" user="R4_shubham" uid="10142759" lat="18.1453070" lon="74.5822730"/>
 <node id="7054981788" visible="true" version="1" changeset="78382260" timestamp="2019-12-13T15:39:46Z" user="R4_shubham" uid="10142759" lat="18.1453388" lon="74.5822784"/>
 <node id="7054981789" visible="true" version="1" changeset="78382260" timestamp="2019-12-13T15:39:46Z" user="R4_shubham" uid="10142759" lat="18.1453573" lon="74.5822572"/>
 <node id="7054981790" visible="true" version="1" changeset="78382260" timestamp="2019-12-13T15:39:46Z" user="R4_shubham" uid="10142759" lat="18.1453573" lon="74.5822287"/>
 <node id="7054981791" visible="true" version="1" changeset="78382260" timestamp="2019-12-13T15:39:46Z" user="R4_shubham" uid="10142759" lat="18.1453156" lon="74.5822267"/>
 <node id="7054981792" visible="true" version="1" changeset="78382260" timestamp="2019-12-13T15:39:46Z" user="R4_shubham" uid="10142759" lat="18.1453159" lon="74.5822190"/>
 <node id="7054981793" visible="true" version="1" changeset="78382260" timestamp="2019-12-13T15:39:46Z" user="R4_shubham" uid="10142759" lat="18.1453248" lon="74.5822187"/>
 <node id="7054981794" visible="true" version="1" changeset="78382260" timestamp="2019-12-13T15:39:46Z" user="R4_shubham" uid="10142759" lat="18.1453242" lon="74.5821959"/>
 <node id="7054981795" visible="true" version="1" changeset="78382260" timestamp="2019-12-13T15:39:46Z" user="R4_shubham" uid="10142759" lat="18.1453146" lon="74.5821959"/>
 <node id="7054981796" visible="true" version="1" changeset="78382260" timestamp="2019-12-13T15:39:46Z" user="R4_shubham" uid="10142759" lat="18.1453146" lon="74.5821396"/>
 <node id="7054981797" visible="true" version="1" changeset="78382260" timestamp="2019-12-13T15:39:46Z" user="R4_shubham" uid="10142759" lat="18.1453248" lon="74.5821396"/>
 <node id="7054981798" visible="true" version="1" changeset="78382260" timestamp="2019-12-13T15:39:46Z" user="R4_shubham" uid="10142759" lat="18.1453248" lon="74.5821255"/>
 <node id="7055117973" visible="true" version="1" changeset="78385135" timestamp="2019-12-13T16:40:09Z" user="shubhamc13" uid="7761383" lat="18.1458110" lon="74.5836282">
  <tag k="addr:district" v="Pune"/>
  <tag k="addr:full" v="Opposite Market Yard,Indapur Road"/>
  <tag k="addr:postcode" v="413102"/>
  <tag k="addr:state" v="Maharashtra"/>
  <tag k="amenity" v="hospital"/>
  <tag k="name" v="Rama Madhav Hospital"/>
  <tag k="source" v="OpenGovernmentData"/>
 </node>
 <node id="7055117974" visible="true" version="1" changeset="78385135" timestamp="2019-12-13T16:40:09Z" user="shubhamc13" uid="7761383" lat="18.1458739" lon="74.5835375"/>
 <node id="7055117975" visible="true" version="1" changeset="78385135" timestamp="2019-12-13T16:40:09Z" user="shubhamc13" uid="7761383" lat="18.1458109" lon="74.5835269"/>
 <node id="7055117976" visible="true" version="1" changeset="78385135" timestamp="2019-12-13T16:40:09Z" user="shubhamc13" uid="7761383" lat="18.1458086" lon="74.5835425"/>
 <node id="7055117977" visible="true" version="1" changeset="78385135" timestamp="2019-12-13T16:40:09Z" user="shubhamc13" uid="7761383" lat="18.1458715" lon="74.5835531"/>
 <node id="7055117978" visible="true" version="1" changeset="78385135" timestamp="2019-12-13T16:40:09Z" user="shubhamc13" uid="7761383" lat="18.1458822" lon="74.5835571"/>
 <node id="7055117979" visible="true" version="1" changeset="78385135" timestamp="2019-12-13T16:40:09Z" user="shubhamc13" uid="7761383" lat="18.1458630" lon="74.5836892"/>
 <node id="7055117980" visible="true" version="1" changeset="78385135" timestamp="2019-12-13T16:40:09Z" user="shubhamc13" uid="7761383" lat="18.1457345" lon="74.5836684"/>
 <node id="7055117981" visible="true" version="1" changeset="78385135" timestamp="2019-12-13T16:40:09Z" user="shubhamc13" uid="7761383" lat="18.1457460" lon="74.5835343"/>
 <node id="7063899542" visible="true" version="1" changeset="78537820" timestamp="2019-12-17T17:01:42Z" user="R12_sreeram" uid="10410621" lat="18.1543697" lon="74.5851074">
  <tag k="addr:district" v="Pune"/>
  <tag k="addr:full" v="A/P Ring Road, Ashok Nagar Colony, Baramati"/>
  <tag k="addr:postcode" v="413102"/>
  <tag k="addr:state" v="Maharashtra"/>
  <tag k="amenity" v="hospital"/>
  <tag k="name" v="Dhulabapu Kokare Memorial Hospital"/>
  <tag k="source" v="OpenGovernmentData"/>
 </node>
 <node id="7063899543" visible="true" version="1" changeset="78537820" timestamp="2019-12-17T17:01:42Z" user="R12_sreeram" uid="10410621" lat="18.1544518" lon="74.5851975"/>
 <node id="7063899544" visible="true" version="1" changeset="78537820" timestamp="2019-12-17T17:01:42Z" user="R12_sreeram" uid="10410621" lat="18.1542568" lon="74.5851861"/>
 <node id="7063899545" visible="true" version="1" changeset="78537820" timestamp="2019-12-17T17:01:42Z" user="R12_sreeram" uid="10410621" lat="18.1542652" lon="74.5850015"/>
 <node id="7063899546" visible="true" version="1" changeset="78537820" timestamp="2019-12-17T17:01:42Z" user="R12_sreeram" uid="10410621" lat="18.1544602" lon="74.5850189"/>
 <node id="7066374662" visible="true" version="1" changeset="78581311" timestamp="2019-12-18T12:21:13Z" user="R7_vinay" uid="10410605" lat="18.1560658" lon="74.5852254">
  <tag k="addr:district" v="Pune"/>
  <tag k="addr:full" v="Ashoknagar Bhigwan Road, Baramati."/>
  <tag k="addr:postcode" v="413102"/>
  <tag k="addr:state" v="Maharashtra"/>
  <tag k="amenity" v="hospital"/>
  <tag k="name" v="Niramay Medical Foundation and Research Centre Pvt. Ltd."/>
  <tag k="source" v="OpenGovernmentData"/>
 </node>
 <node id="7066374663" visible="true" version="1" changeset="78581311" timestamp="2019-12-18T12:21:13Z" user="R7_vinay" uid="10410605" lat="18.1559210" lon="74.5854750"/>
 <node id="7066374664" visible="true" version="1" changeset="78581311" timestamp="2019-12-18T12:21:13Z" user="R7_vinay" uid="10410605" lat="18.1559317" lon="74.5853047"/>
 <node id="7066374665" visible="true" version="1" changeset="78581311" timestamp="2019-12-18T12:21:13Z" user="R7_vinay" uid="10410605" lat="18.1560173" lon="74.5853106"/>
 <node id="7066374666" visible="true" version="1" changeset="78581311" timestamp="2019-12-18T12:21:13Z" user="R7_vinay" uid="10410605" lat="18.1560225" lon="74.5852276"/>
 <node id="7066374667" visible="true" version="1" changeset="78581311" timestamp="2019-12-18T12:21:13Z" user="R7_vinay" uid="10410605" lat="18.1559490" lon="74.5852225"/>
 <node id="7066374668" visible="true" version="1" changeset="78581311" timestamp="2019-12-18T12:21:13Z" user="R7_vinay" uid="10410605" lat="18.1559599" lon="74.5850499"/>
 <node id="7066374669" visible="true" version="1" changeset="78581311" timestamp="2019-12-18T12:21:13Z" user="R7_vinay" uid="10410605" lat="18.1561238" lon="74.5850613"/>
 <node id="7066374670" visible="true" version="1" changeset="78581311" timestamp="2019-12-18T12:21:13Z" user="R7_vinay" uid="10410605" lat="18.1560970" lon="74.5854872"/>
 <node id="7067218016" visible="true" version="1" changeset="78594936" timestamp="2019-12-18T17:52:40Z" user="R4_shubham" uid="10142759" lat="18.1481253" lon="74.5729362">
  <tag k="addr:district" v="Pune"/>
  <tag k="addr:full" v="Near Ram Mandir, , Baramati, Baramati"/>
  <tag k="addr:postcode" v="413102"/>
  <tag k="addr:state" v="Maharashtra"/>
  <tag k="amenity" v="hospital"/>
  <tag k="name" v="Shripal Hospital"/>
  <tag k="source" v="OpenGovernmentData"/>
 </node>
 <node id="7067218017" visible="true" version="1" changeset="78594936" timestamp="2019-12-18T17:52:40Z" user="R4_shubham" uid="10142759" lat="18.1480705" lon="74.5729176"/>
 <node id="7067218018" visible="true" version="1" changeset="78594936" timestamp="2019-12-18T17:52:40Z" user="R4_shubham" uid="10142759" lat="18.1480847" lon="74.5729786"/>
 <node id="7067218019" visible="true" version="1" changeset="78594936" timestamp="2019-12-18T17:52:40Z" user="R4_shubham" uid="10142759" lat="18.1481870" lon="74.5729524"/>
 <node id="7067218020" visible="true" version="1" changeset="78594936" timestamp="2019-12-18T17:52:40Z" user="R4_shubham" uid="10142759" lat="18.1481729" lon="74.5728914"/>
 <node id="7070136872" visible="true" version="1" changeset="78648470" timestamp="2019-12-19T17:00:30Z" user="R12_sreeram" uid="10410621" lat="18.1525850" lon="74.5747541">
  <tag k="addr:district" v="Pune"/>
  <tag k="addr:full" v="Bhigwan Chowk, Opposite Cosmos Bank, Patas Road"/>
  <tag k="addr:postcode" v="413102"/>
  <tag k="addr:state" v="Maharashtra"/>
  <tag k="amenity" v="hospital"/>
  <tag k="name" v="Naigaonkar Hospital"/>
  <tag k="source" v="OpenGovernmentData"/>
 </node>
 <node id="7070136873" visible="true" version="1" changeset="78648470" timestamp="2019-12-19T17:00:30Z" user="R12_sreeram" uid="10410621" lat="18.1525270" lon="74.5747108"/>
 <node id="7070136874" visible="true" version="1" changeset="78648470" timestamp="2019-12-19T17:00:30Z" user="R12_sreeram" uid="10410621" lat="18.1526359" lon="74.5747128"/>
 <node id="7070136875" visible="true" version="1" changeset="78648470" timestamp="2019-12-19T17:00:30Z" user="R12_sreeram" uid="10410621" lat="18.1526363" lon="74.5747913"/>
 <node id="7070136876" visible="true" version="1" changeset="78648470" timestamp="2019-12-19T17:00:30Z" user="R12_sreeram" uid="10410621" lat="18.1525257" lon="74.5747896"/>
 <node id="7070859128" visible="true" version="1" changeset="78658737" timestamp="2019-12-20T00:36:28Z" user="R11_bharath" uid="10410619" lat="18.1456377" lon="74.5825338">
  <tag k="addr:district" v="Pune"/>
  <tag k="addr:full" v="Indapur Road"/>
  <tag k="addr:postcode" v="413102"/>
  <tag k="addr:state" v="Maharashtra"/>
  <tag k="amenity" v="hospital"/>
  <tag k="name" v="Devkate Hospital"/>
  <tag k="source" v="OpenGovernmentData"/>
 </node>
 <node id="7070859129" visible="true" version="1" changeset="78658737" timestamp="2019-12-20T00:36:28Z" user="R11_bharath" uid="10410619" lat="18.1455487" lon="74.5826042"/>
 <node id="7070859130" visible="true" version="1" changeset="78658737" timestamp="2019-12-20T00:36:28Z" user="R11_bharath" uid="10410619" lat="18.1457169" lon="74.5826149"/>
 <node id="7070859131" visible="true" version="1" changeset="78658737" timestamp="2019-12-20T00:36:28Z" user="R11_bharath" uid="10410619" lat="18.1457243" lon="74.5824856"/>
 <node id="7070859132" visible="true" version="1" changeset="78658737" timestamp="2019-12-20T00:36:28Z" user="R11_bharath" uid="10410619" lat="18.1455561" lon="74.5824748"/>
 <node id="7080413700" visible="true" version="1" changeset="78786165" timestamp="2019-12-23T18:43:42Z" user="R4_shubham" uid="10142759" lat="18.1448577" lon="74.5761690">
  <tag k="addr:district" v="Pune"/>
  <tag k="addr:full" v="Old Lic Office, Cinema Road, Baramati"/>
  <tag k="addr:postcode" v="413102"/>
  <tag k="addr:state" v="Maharashtra"/>
  <tag k="amenity" v="clinic"/>
  <tag k="name" v="Krishna Drishti Eye Center"/>
  <tag k="source" v="OpenGovernmentData"/>
 </node>
 <node id="7080413701" visible="true" version="1" changeset="78786165" timestamp="2019-12-23T18:43:42Z" user="R4_shubham" uid="10142759" lat="18.1448148" lon="74.5760909"/>
 <node id="7080413702" visible="true" version="1" changeset="78786165" timestamp="2019-12-23T18:43:42Z" user="R4_shubham" uid="10142759" lat="18.1448166" lon="74.5762861"/>
 <node id="7080413703" visible="true" version="1" changeset="78786165" timestamp="2019-12-23T18:43:42Z" user="R4_shubham" uid="10142759" lat="18.1449026" lon="74.5762852"/>
 <node id="7080413704" visible="true" version="1" changeset="78786165" timestamp="2019-12-23T18:43:42Z" user="R4_shubham" uid="10142759" lat="18.1449008" lon="74.5760901"/>
 <node id="7086283492" visible="true" version="1" changeset="78885567" timestamp="2019-12-26T14:23:53Z" user="R7_vinay" uid="10410605" lat="18.1515910" lon="74.5731287">
  <tag k="addr:district" v="Baramati"/>
  <tag k="addr:full" v="Irrigation Colony Chimanshah Baug Road Malegoan, Irrigation colony"/>
  <tag k="addr:postcode" v="413102"/>
  <tag k="addr:state" v="Maharashtra"/>
  <tag k="amenity" v="hospital"/>
  <tag k="name" v="Yashdeep Eye Hospital"/>
  <tag k="source" v="OpenGovernmentData"/>
 </node>
 <node id="7086283493" visible="true" version="1" changeset="78885567" timestamp="2019-12-26T14:23:53Z" user="R7_vinay" uid="10410605" lat="18.1515713" lon="74.5733166"/>
 <node id="7086283494" visible="true" version="1" changeset="78885567" timestamp="2019-12-26T14:23:53Z" user="R7_vinay" uid="10410605" lat="18.1514960" lon="74.5729709"/>
 <node id="7086283495" visible="true" version="1" changeset="78885567" timestamp="2019-12-26T14:23:53Z" user="R7_vinay" uid="10410605" lat="18.1515457" lon="74.5729589"/>
 <node id="7086283496" visible="true" version="1" changeset="78885567" timestamp="2019-12-26T14:23:53Z" user="R7_vinay" uid="10410605" lat="18.1515556" lon="74.5730041"/>
 <node id="7086283497" visible="true" version="1" changeset="78885567" timestamp="2019-12-26T14:23:53Z" user="R7_vinay" uid="10410605" lat="18.1516199" lon="74.5729886"/>
 <node id="7086283498" visible="true" version="1" changeset="78885567" timestamp="2019-12-26T14:23:53Z" user="R7_vinay" uid="10410605" lat="18.1516853" lon="74.5732890"/>
 <node id="8045046739" visible="true" version="1" changeset="93028868" timestamp="2020-10-25T20:47:41Z" user="mottiger" uid="7504544" lat="18.1541712" lon="74.5760228"/>
 <node id="8045046740" visible="true" version="1" changeset="93028868" timestamp="2020-10-25T20:47:41Z" user="mottiger" uid="7504544" lat="18.1542168" lon="74.5761073"/>
 <node id="8045046741" visible="true" version="1" changeset="93028868" timestamp="2020-10-25T20:47:41Z" user="mottiger" uid="7504544" lat="18.1542435" lon="74.5761368"/>
 <node id="8045046742" visible="true" version="1" changeset="93028868" timestamp="2020-10-25T20:47:41Z" user="mottiger" uid="7504544" lat="18.1543162" lon="74.5761850"/>
 <node id="8045046743" visible="true" version="1" changeset="93028868" timestamp="2020-10-25T20:47:41Z" user="mottiger" uid="7504544" lat="18.1528813" lon="74.5761140"/>
 <node id="8045046744" visible="true" version="1" changeset="93028868" timestamp="2020-10-25T20:47:41Z" user="mottiger" uid="7504544" lat="18.1530711" lon="74.5761582"/>
 <node id="8045046745" visible="true" version="1" changeset="93028868" timestamp="2020-10-25T20:47:41Z" user="mottiger" uid="7504544" lat="18.1533693" lon="74.5761850"/>
 <node id="8045046746" visible="true" version="1" changeset="93028868" timestamp="2020-10-25T20:47:41Z" user="mottiger" uid="7504544" lat="18.1536522" lon="74.5761837"/>
 <node id="8045046747" visible="true" version="1" changeset="93028868" timestamp="2020-10-25T20:47:41Z" user="mottiger" uid="7504544" lat="18.1538472" lon="74.5761582"/>
 <node id="8045046748" visible="true" version="1" changeset="93028868" timestamp="2020-10-25T20:47:41Z" user="mottiger" uid="7504544" lat="18.1543200" lon="74.5759504"/>
 <node id="8045046749" visible="true" version="1" changeset="93028868" timestamp="2020-10-25T20:47:41Z" user="mottiger" uid="7504544" lat="18.1551216" lon="74.5754434"/>
 <node id="8045046750" visible="true" version="1" changeset="93028868" timestamp="2020-10-25T20:47:41Z" user="mottiger" uid="7504544" lat="18.1552095" lon="74.5752691"/>
 <node id="8045046751" visible="true" version="1" changeset="93028868" timestamp="2020-10-25T20:47:41Z" user="mottiger" uid="7504544" lat="18.1551891" lon="74.5749861"/>
 <node id="8045046752" visible="true" version="1" changeset="93028868" timestamp="2020-10-25T20:47:41Z" user="mottiger" uid="7504544" lat="18.1557689" lon="74.5745355"/>
 <node id="8045046753" visible="true" version="1" changeset="93028868" timestamp="2020-10-25T20:47:41Z" user="mottiger" uid="7504544" lat="18.1560811" lon="74.5744899"/>
 <node id="8045046754" visible="true" version="1" changeset="93028868" timestamp="2020-10-25T20:47:41Z" user="mottiger" uid="7504544" lat="18.1564290" lon="74.5744550"/>
 <node id="8045046755" visible="true" version="1" changeset="93028868" timestamp="2020-10-25T20:47:41Z" user="mottiger" uid="7504544" lat="18.1565157" lon="74.5744590"/>
 <node id="8045046756" visible="true" version="1" changeset="93028868" timestamp="2020-10-25T20:47:41Z" user="mottiger" uid="7504544" lat="18.1570904" lon="74.5746213"/>
 <node id="8045046757" visible="true" version="1" changeset="93028868" timestamp="2020-10-25T20:47:41Z" user="mottiger" uid="7504544" lat="18.1595588" lon="74.5754072"/>
 <node id="8045046758" visible="true" version="1" changeset="93028868" timestamp="2020-10-25T20:47:41Z" user="mottiger" uid="7504544" lat="18.1599589" lon="74.5756178"/>
 <node id="8045046759" visible="true" version="1" changeset="93028868" timestamp="2020-10-25T20:47:41Z" user="mottiger" uid="7504544" lat="18.1601207" lon="74.5763299"/>
 <node id="8045046764" visible="true" version="1" changeset="93028868" timestamp="2020-10-25T20:47:41Z" user="mottiger" uid="7504544" lat="18.1621609" lon="74.5790175"/>
 <node id="8045046765" visible="true" version="1" changeset="93028868" timestamp="2020-10-25T20:47:41Z" user="mottiger" uid="7504544" lat="18.1615811" lon="74.5788150"/>
 <node id="8045046766" visible="true" version="1" changeset="93028868" timestamp="2020-10-25T20:47:41Z" user="mottiger" uid="7504544" lat="18.1609325" lon="74.5786178"/>
 <node id="8045046767" visible="true" version="1" changeset="93028868" timestamp="2020-10-25T20:47:41Z" user="mottiger" uid="7504544" lat="18.1602864" lon="74.5784381"/>
 <node id="8045046768" visible="true" version="1" changeset="93028868" timestamp="2020-10-25T20:47:41Z" user="mottiger" uid="7504544" lat="18.1602265" lon="74.5783992"/>
 <node id="8045046769" visible="true" version="1" changeset="93028868" timestamp="2020-10-25T20:47:41Z" user="mottiger" uid="7504544" lat="18.1602061" lon="74.5783670"/>
 <node id="8045046770" visible="true" version="1" changeset="93028868" timestamp="2020-10-25T20:47:41Z" user="mottiger" uid="7504544" lat="18.1601857" lon="74.5781377"/>
 <node id="8045058102" visible="true" version="1" changeset="93028766" timestamp="2020-10-25T20:43:19Z" user="mottiger" uid="7504544" lat="18.1621025" lon="74.5855967"/>
 <node id="8045058103" visible="true" version="1" changeset="93028766" timestamp="2020-10-25T20:43:19Z" user="mottiger" uid="7504544" lat="18.1676701" lon="74.5901244"/>
 <node id="8045058116" visible="true" version="2" changeset="105193399" timestamp="2021-05-24T04:41:25Z" user="jaimemd" uid="404532" lat="18.1571970" lon="74.5808437"/>
 <node id="8045058117" visible="true" version="1" changeset="93028766" timestamp="2020-10-25T20:43:19Z" user="mottiger" uid="7504544" lat="18.1583635" lon="74.5799535"/>
 <node id="8045058118" visible="true" version="1" changeset="93028766" timestamp="2020-10-25T20:43:19Z" user="mottiger" uid="7504544" lat="18.1588834" lon="74.5795754"/>
 <node id="8045058119" visible="true" version="1" changeset="93028766" timestamp="2020-10-25T20:43:19Z" user="mottiger" uid="7504544" lat="18.1590337" lon="74.5797899"/>
 <node id="8045058120" visible="true" version="1" changeset="93028766" timestamp="2020-10-25T20:43:19Z" user="mottiger" uid="7504544" lat="18.1602622" lon="74.5810881"/>
 <node id="8045058121" visible="true" version="1" changeset="93028766" timestamp="2020-10-25T20:43:19Z" user="mottiger" uid="7504544" lat="18.1611618" lon="74.5819867"/>
 <node id="8045069893" visible="true" version="1" changeset="93028868" timestamp="2020-10-25T20:47:41Z" user="mottiger" uid="7504544" lat="18.1600647" lon="74.5755829"/>
 <node id="8045069894" visible="true" version="1" changeset="93028868" timestamp="2020-10-25T20:47:41Z" user="mottiger" uid="7504544" lat="18.1601526" lon="74.5752355"/>
 <node id="8045069895" visible="true" version="1" changeset="93028868" timestamp="2020-10-25T20:47:41Z" user="mottiger" uid="7504544" lat="18.1602278" lon="74.5748627"/>
 <node id="8045069896" visible="true" version="1" changeset="93028868" timestamp="2020-10-25T20:47:41Z" user="mottiger" uid="7504544" lat="18.1603565" lon="74.5741895"/>
 <node id="8045069897" visible="true" version="1" changeset="93028868" timestamp="2020-10-25T20:47:41Z" user="mottiger" uid="7504544" lat="18.1588169" lon="74.5750567"/>
 <node id="8045069898" visible="true" version="1" changeset="93028868" timestamp="2020-10-25T20:47:41Z" user="mottiger" uid="7504544" lat="18.1564947" lon="74.5743377"/>
 <node id="8045069899" visible="true" version="1" changeset="93028868" timestamp="2020-10-25T20:47:41Z" user="mottiger" uid="7504544" lat="18.1554747" lon="74.5745055"/>
 <node id="8045069900" visible="true" version="1" changeset="93028868" timestamp="2020-10-25T20:47:41Z" user="mottiger" uid="7504544" lat="18.1564522" lon="74.5737637"/>
 <node id="8045069901" visible="true" version="1" changeset="93028868" timestamp="2020-10-25T20:47:41Z" user="mottiger" uid="7504544" lat="18.1583060" lon="74.5735738"/>
 <node id="8045069902" visible="true" version="1" changeset="93028868" timestamp="2020-10-25T20:47:41Z" user="mottiger" uid="7504544" lat="18.1604093" lon="74.5739625"/>
 <node id="8411724062" visible="true" version="4" changeset="140130596" timestamp="2023-08-20T12:30:12Z" user="Mateusz Konieczny - bot account" uid="3199858" lat="18.1503130" lon="74.5758185">
  <tag k="addr:city" v="Baramati"/>
  <tag k="addr:country" v="IN"/>
  <tag k="addr:district" v="Pune"/>
  <tag k="addr:housenumber" v="GF34,Baramati Udyog Bhavan"/>
  <tag k="addr:postcode" v="413102"/>
  <tag k="addr:street" v="Bhigwan Chowk"/>
  <tag k="air_conditioning" v="yes"/>
  <tag k="brand" v="Mi"/>
  <tag k="description" v="All Redmi Mobiles &amp; Smart TVS are available ."/>
  <tag k="image" v="https%3A%2F%2Fseeklogo.net%2Fwp-content%2Fuploads%2F2015%2F09%2Fxiaomi-logo-vector-download.jpg&amp;imgrefurl=https%3A%2F%2Fseeklogo.com%2Fvector-logo%2F268250%2Fxiaomi&amp;tbnid=FfYnZKQ5YG73xM&amp;vet=12ahUKEwiu4IforN_uAhUAsUsFHV"/>
  <tag k="name" v="Mi Store Baramati"/>
  <tag k="name:mr" v="रेडमी मोबाईल, बारामती"/>
  <tag k="opening_hours" v="Mo-Su 09:00-21:00"/>
  <tag k="payment:amazonpay" v="yes"/>
  <tag k="payment:bajajfinserv" v="yes"/>
  <tag k="payment:cash" v="yes"/>
  <tag k="payment:credit_cards" v="yes"/>
  <tag k="payment:debit_cards" v="yes"/>
  <tag k="payment:diners_club" v="yes"/>
  <tag k="payment:google_pay" v="yes"/>
  <tag k="payment:maestro" v="yes"/>
  <tag k="payment:mastercard" v="yes"/>
  <tag k="payment:paytm" v="yes"/>
  <tag k="payment:phonepe" v="yes"/>
  <tag k="payment:visa" v="yes"/>
  <tag k="phone" v="+9182750042442"/>
  <tag k="shop" v="mobile_phone"/>
  <tag k="website" v="https://mydukaan.io/redmi42"/>
 </node>
 <node id="8759362285" visible="true" version="2" changeset="113387441" timestamp="2021-11-04T21:57:33Z" user="jaimemd" uid="404532" lat="18.1607235" lon="74.5829026"/>
 <node id="8759362286" visible="true" version="2" changeset="113387441" timestamp="2021-11-04T21:57:33Z" user="jaimemd" uid="404532" lat="18.1601157" lon="74.5821932"/>
 <node id="8759362287" visible="true" version="2" changeset="113387441" timestamp="2021-11-04T21:57:33Z" user="jaimemd" uid="404532" lat="18.1594606" lon="74.5817895"/>
 <node id="8759362288" visible="true" version="2" changeset="113387441" timestamp="2021-11-04T21:57:33Z" user="jaimemd" uid="404532" lat="18.1591255" lon="74.5816487"/>
 <node id="8759362289" visible="true" version="1" changeset="105193399" timestamp="2021-05-24T04:41:25Z" user="jaimemd" uid="404532" lat="18.1527207" lon="74.5770997"/>
 <node id="8759362290" visible="true" version="1" changeset="105193399" timestamp="2021-05-24T04:41:25Z" user="jaimemd" uid="404532" lat="18.1525576" lon="74.5769387"/>
 <node id="8759362291" visible="true" version="2" changeset="113387441" timestamp="2021-11-04T21:57:33Z" user="jaimemd" uid="404532" lat="18.1521676" lon="74.5765069"/>
 <node id="8759362292" visible="true" version="2" changeset="113387441" timestamp="2021-11-04T21:57:33Z" user="jaimemd" uid="404532" lat="18.1566049" lon="74.5805691"/>
 <node id="8759362293" visible="true" version="2" changeset="113387441" timestamp="2021-11-04T21:57:33Z" user="jaimemd" uid="404532" lat="18.1563551" lon="74.5803881"/>
 <node id="9042275300" visible="true" version="1" changeset="110367027" timestamp="2021-08-28T05:54:58Z" user="phd0" uid="459331" lat="18.3440018" lon="74.5893165">
  <tag k="railway" v="level_crossing"/>
 </node>
 <node id="9042275301" visible="true" version="1" changeset="110367027" timestamp="2021-08-28T05:54:58Z" user="phd0" uid="459331" lat="18.3667429" lon="74.5961011">
  <tag k="railway" v="level_crossing"/>
 </node>
 <node id="9225386610" visible="true" version="1" changeset="113387053" timestamp="2021-11-04T21:38:51Z" user="jaimemd" uid="404532" lat="18.2792108" lon="74.5630825"/>
 <node id="9225386611" visible="true" version="1" changeset="113387053" timestamp="2021-11-04T21:38:51Z" user="jaimemd" uid="404532" lat="18.2789103" lon="74.5623314"/>
 <node id="9225386612" visible="true" version="1" changeset="113387053" timestamp="2021-11-04T21:38:51Z" user="jaimemd" uid="404532" lat="18.2778635" lon="74.5593676"/>
 <node id="9225386613" visible="true" version="1" changeset="113387053" timestamp="2021-11-04T21:38:51Z" user="jaimemd" uid="404532" lat="18.2783652" lon="74.5574015"/>
 <node id="9225417717" visible="true" version="1" changeset="113387441" timestamp="2021-11-04T21:57:33Z" user="jaimemd" uid="404532" lat="18.1571265" lon="74.5808540">
  <tag k="railway" v="level_crossing"/>
 </node>
 <node id="9225417719" visible="true" version="1" changeset="113387441" timestamp="2021-11-04T21:57:33Z" user="jaimemd" uid="404532" lat="18.1616352" lon="74.5845068"/>
 <node id="9225417720" visible="true" version="1" changeset="113387441" timestamp="2021-11-04T21:57:33Z" user="jaimemd" uid="404532" lat="18.1613632" lon="74.5841083"/>
 <node id="9225417721" visible="true" version="1" changeset="113387441" timestamp="2021-11-04T21:57:33Z" user="jaimemd" uid="404532" lat="18.1608394" lon="74.5831709"/>
 <node id="9225417722" visible="true" version="1" changeset="113387441" timestamp="2021-11-04T21:57:33Z" user="jaimemd" uid="404532" lat="18.1606852" lon="74.5829214"/>
 <node id="9225417723" visible="true" version="1" changeset="113387441" timestamp="2021-11-04T21:57:33Z" user="jaimemd" uid="404532" lat="18.1603603" lon="74.5824976"/>
 <node id="9225417724" visible="true" version="1" changeset="113387441" timestamp="2021-11-04T21:57:33Z" user="jaimemd" uid="404532" lat="18.1600838" lon="74.5822348"/>
 <node id="9225417725" visible="true" version="1" changeset="113387441" timestamp="2021-11-04T21:57:33Z" user="jaimemd" uid="404532" lat="18.1598187" lon="74.5820403"/>
 <node id="9225417726" visible="true" version="1" changeset="113387441" timestamp="2021-11-04T21:57:33Z" user="jaimemd" uid="404532" lat="18.1594453" lon="74.5818324"/>
 <node id="9225417727" visible="true" version="1" changeset="113387441" timestamp="2021-11-04T21:57:33Z" user="jaimemd" uid="404532" lat="18.1591102" lon="74.5816970"/>
 <node id="9225417728" visible="true" version="1" changeset="113387441" timestamp="2021-11-04T21:57:33Z" user="jaimemd" uid="404532" lat="18.1579518" lon="74.5813148"/>
 <node id="9225417729" visible="true" version="1" changeset="113387441" timestamp="2021-11-04T21:57:33Z" user="jaimemd" uid="404532" lat="18.1575364" lon="74.5811552"/>
 <node id="9225417730" visible="true" version="1" changeset="113387441" timestamp="2021-11-04T21:57:33Z" user="jaimemd" uid="404532" lat="18.1570587" lon="74.5809129">
  <tag k="railway" v="level_crossing"/>
 </node>
 <node id="9225417731" visible="true" version="1" changeset="113387441" timestamp="2021-11-04T21:57:33Z" user="jaimemd" uid="404532" lat="18.1568101" lon="74.5807649"/>
 <node id="9225417732" visible="true" version="1" changeset="113387441" timestamp="2021-11-04T21:57:33Z" user="jaimemd" uid="404532" lat="18.1565921" lon="74.5806120"/>
 <node id="9225417733" visible="true" version="1" changeset="113387441" timestamp="2021-11-04T21:57:33Z" user="jaimemd" uid="404532" lat="18.1563296" lon="74.5804243"/>
 <node id="9225417734" visible="true" version="1" changeset="113387441" timestamp="2021-11-04T21:57:33Z" user="jaimemd" uid="404532" lat="18.1549686" lon="74.5792535"/>
 <node id="9225417735" visible="true" version="1" changeset="113387441" timestamp="2021-11-04T21:57:33Z" user="jaimemd" uid="404532" lat="18.1526621" lon="74.5771158"/>
 <node id="9225417736" visible="true" version="1" changeset="113387441" timestamp="2021-11-04T21:57:33Z" user="jaimemd" uid="404532" lat="18.1518898" lon="74.5761804"/>
 <node id="9225417737" visible="true" version="1" changeset="113387441" timestamp="2021-11-04T21:57:33Z" user="jaimemd" uid="404532" lat="18.1531667" lon="74.5773894"/>
 <node id="9225417738" visible="true" version="1" changeset="113387441" timestamp="2021-11-04T21:57:33Z" user="jaimemd" uid="404532" lat="18.1556772" lon="74.5797765"/>
 <node id="9225417739" visible="true" version="1" changeset="113387441" timestamp="2021-11-04T21:57:33Z" user="jaimemd" uid="404532" lat="18.1605017" lon="74.5825553"/>
 <node id="9225417740" visible="true" version="1" changeset="113387441" timestamp="2021-11-04T21:57:33Z" user="jaimemd" uid="404532" lat="18.1604011" lon="74.5824131"/>
 <node id="9225417741" visible="true" version="1" changeset="113387441" timestamp="2021-11-04T21:57:33Z" user="jaimemd" uid="404532" lat="18.1602915" lon="74.5822938"/>
 <node id="9225417742" visible="true" version="1" changeset="113387441" timestamp="2021-11-04T21:57:33Z" user="jaimemd" uid="404532" lat="18.1601373" lon="74.5821623"/>
 <node id="9225417743" visible="true" version="1" changeset="113387441" timestamp="2021-11-04T21:57:33Z" user="jaimemd" uid="404532" lat="18.1598595" lon="74.5819679"/>
 <node id="9225417744" visible="true" version="1" changeset="113387441" timestamp="2021-11-04T21:57:33Z" user="jaimemd" uid="404532" lat="18.1594772" lon="74.5817493"/>
 <node id="9225417745" visible="true" version="1" changeset="113387441" timestamp="2021-11-04T21:57:33Z" user="jaimemd" uid="404532" lat="18.1591421" lon="74.5816165"/>
 <node id="9225417746" visible="true" version="1" changeset="113387441" timestamp="2021-11-04T21:57:33Z" user="jaimemd" uid="404532" lat="18.1579697" lon="74.5812222"/>
 <node id="9225417747" visible="true" version="1" changeset="113387441" timestamp="2021-11-04T21:57:33Z" user="jaimemd" uid="404532" lat="18.1575657" lon="74.5810667"/>
 <node id="9225417748" visible="true" version="1" changeset="113387441" timestamp="2021-11-04T21:57:33Z" user="jaimemd" uid="404532" lat="18.1568432" lon="74.5806791"/>
 <node id="9225417749" visible="true" version="1" changeset="113387441" timestamp="2021-11-04T21:57:33Z" user="jaimemd" uid="404532" lat="18.1566164" lon="74.5805289"/>
 <node id="9225417750" visible="true" version="1" changeset="113387441" timestamp="2021-11-04T21:57:33Z" user="jaimemd" uid="404532" lat="18.1563653" lon="74.5803425"/>
 <node id="9225417751" visible="true" version="1" changeset="113387441" timestamp="2021-11-04T21:57:33Z" user="jaimemd" uid="404532" lat="18.1545532" lon="74.5786795"/>
 <node id="9225417752" visible="true" version="1" changeset="113387441" timestamp="2021-11-04T21:57:33Z" user="jaimemd" uid="404532" lat="18.1542117" lon="74.5784247"/>
 <node id="9225417753" visible="true" version="1" changeset="113387441" timestamp="2021-11-04T21:57:33Z" user="jaimemd" uid="404532" lat="18.1534598" lon="74.5777300"/>
 <node id="9951950121" visible="true" version="1" changeset="124873600" timestamp="2022-08-14T04:31:48Z" user="warkaree" uid="16501336" lat="18.1463333" lon="74.5707340">
  <tag k="amenity" v="place_of_worship"/>
  <tag k="check_date" v="2022-08-14"/>
  <tag k="religion" v="hindu"/>
 </node>
 <node id="9951950122" visible="true" version="1" changeset="124873600" timestamp="2022-08-14T04:31:48Z" user="warkaree" uid="16501336" lat="18.1477618" lon="74.5696390">
  <tag k="amenity" v="crematorium"/>
  <tag k="check_date" v="2022-08-14"/>
 </node>
 <node id="9952050695" visible="true" version="1" changeset="124874408" timestamp="2022-08-14T05:42:26Z" user="warkaree" uid="16501336" lat="18.1539787" lon="74.5836737">
  <tag k="building" v="house"/>
  <tag k="building:levels" v="2"/>
  <tag k="building:material" v="plaster"/>
  <tag k="roof:levels" v="1"/>
  <tag k="roof:shape" v="gabled"/>
 </node>
 <node id="9952050696" visible="true" version="1" changeset="124874408" timestamp="2022-08-14T05:42:26Z" user="warkaree" uid="16501336" lat="18.1539654" lon="74.5835701">
  <tag k="building" v="house"/>
  <tag k="building:levels" v="2"/>
  <tag k="building:material" v="plaster"/>
  <tag k="roof:levels" v="1"/>
  <tag k="roof:shape" v="gabled"/>
 </node>
 <node id="9952050697" visible="true" version="1" changeset="124874408" timestamp="2022-08-14T05:42:26Z" user="warkaree" uid="16501336" lat="18.1539952" lon="74.5837641">
  <tag k="building" v="house"/>
  <tag k="building:levels" v="2"/>
  <tag k="building:material" v="plaster"/>
  <tag k="roof:levels" v="1"/>
  <tag k="roof:shape" v="gabled"/>
 </node>
 <node id="9952069556" visible="true" version="1" changeset="124874692" timestamp="2022-08-14T06:01:48Z" user="warkaree" uid="16501336" lat="18.1508867" lon="74.5756325">
  <tag k="check_date" v="2022-08-14"/>
  <tag k="name" v="बारामती नगर परिषद"/>
  <tag k="name:en" v="Baramati Nagar Parishad"/>
  <tag k="name:mr" v="बारामती नगर परिषद"/>
  <tag k="office" v="government"/>
 </node>
 <node id="9952069557" visible="true" version="1" changeset="124874692" timestamp="2022-08-14T06:01:48Z" user="warkaree" uid="16501336" lat="18.1500846" lon="74.5751551">
  <tag k="junction" v="yes"/>
  <tag k="name" v="Bhigwan chowk"/>
  <tag k="name:en" v="Bhigwan chowk"/>
  <tag k="name:mr" v="भिगवन चौक"/>
 </node>
 <node id="9952085030" visible="true" version="1" changeset="124875512" timestamp="2022-08-14T06:44:21Z" user="warkaree" uid="16501336" lat="18.1485160" lon="74.5697111">
  <tag k="amenity" v="place_of_worship"/>
  <tag k="check_date" v="2022-08-14"/>
  <tag k="name" v="Shiv temple"/>
  <tag k="name:en" v="Shiv temple"/>
  <tag k="name:mr" v="शिव मंदिर"/>
  <tag k="religion" v="hindu"/>
 </node>
 <node id="10727154738" visible="true" version="1" changeset="133541320" timestamp="2023-03-11T06:43:37Z" user="UjwalaB" uid="14257088" lat="18.1628312" lon="74.5867011"/>
 <node id="10727154739" visible="true" version="1" changeset="133541320" timestamp="2023-03-11T06:43:37Z" user="UjwalaB" uid="14257088" lat="18.1632117" lon="74.5870847"/>
 <node id="10727154740" visible="true" version="1" changeset="133541320" timestamp="2023-03-11T06:43:37Z" user="UjwalaB" uid="14257088" lat="18.1633721" lon="74.5872464"/>
 <node id="10727154745" visible="true" version="1" changeset="133541320" timestamp="2023-03-11T06:43:37Z" user="UjwalaB" uid="14257088" lat="18.1684584" lon="74.5906366"/>
 <node id="10771552281" visible="true" version="1" changeset="134273747" timestamp="2023-03-29T18:04:17Z" user="PlaneMad" uid="1306" lat="18.1552516" lon="74.5778346">
  <tag k="name" v="Vasant Nagar"/>
  <tag k="place" v="neighbourhood"/>
 </node>
 <node id="10771552282" visible="true" version="1" changeset="134273747" timestamp="2023-03-29T18:04:17Z" user="PlaneMad" uid="1306" lat="18.1482578" lon="74.5801145">
  <tag k="name" v="Amrai"/>
  <tag k="place" v="suburb"/>
 </node>
 <node id="10771552283" visible="true" version="1" changeset="134273747" timestamp="2023-03-29T18:04:17Z" user="PlaneMad" uid="1306" lat="18.1488128" lon="74.5802950"/>
 <node id="10771552284" visible="true" version="2" changeset="161720000" timestamp="2025-01-24T16:38:56Z" user="sakshi_96" uid="22420495" lat="18.1496495" lon="74.5787412">
  <tag k="name" v="Suryanagari"/>
  <tag k="place" v="neighbourhood"/>
  <tag k="population" v="10000"/>
 </node>
 <node id="10771552287" visible="true" version="1" changeset="134273747" timestamp="2023-03-29T18:04:17Z" user="PlaneMad" uid="1306" lat="18.1613428" lon="74.5821315"/>
 <node id="10771552289" visible="true" version="1" changeset="134273747" timestamp="2023-03-29T18:04:17Z" user="PlaneMad" uid="1306" lat="18.1609095" lon="74.5834511"/>
 <node id="10771552290" visible="true" version="1" changeset="134273747" timestamp="2023-03-29T18:04:17Z" user="PlaneMad" uid="1306" lat="18.1605374" lon="74.5828181"/>
 <node id="10771552291" visible="true" version="1" changeset="134273747" timestamp="2023-03-29T18:04:17Z" user="PlaneMad" uid="1306" lat="18.1600124" lon="74.5822602"/>
 <node id="10771552292" visible="true" version="1" changeset="134273747" timestamp="2023-03-29T18:04:17Z" user="PlaneMad" uid="1306" lat="18.1593600" lon="74.5818794"/>
 <node id="10771552293" visible="true" version="1" changeset="134273747" timestamp="2023-03-29T18:04:17Z" user="PlaneMad" uid="1306" lat="18.1575810" lon="74.5812410"/>
 <node id="10771552294" visible="true" version="1" changeset="134273747" timestamp="2023-03-29T18:04:17Z" user="PlaneMad" uid="1306" lat="18.1569923" lon="74.5809717"/>
 <node id="10771552295" visible="true" version="1" changeset="134273747" timestamp="2023-03-29T18:04:17Z" user="PlaneMad" uid="1306" lat="18.1565718" lon="74.5807314"/>
 <node id="10771552296" visible="true" version="1" changeset="134273747" timestamp="2023-03-29T18:04:17Z" user="PlaneMad" uid="1306" lat="18.1558887" lon="74.5801735"/>
 <node id="10771552297" visible="true" version="1" changeset="134273747" timestamp="2023-03-29T18:04:17Z" user="PlaneMad" uid="1306" lat="18.1555217" lon="74.5798838"/>
 <node id="10771552298" visible="true" version="1" changeset="134273747" timestamp="2023-03-29T18:04:17Z" user="PlaneMad" uid="1306" lat="18.1552566" lon="74.5797604"/>
 <node id="10771552299" visible="true" version="1" changeset="134273747" timestamp="2023-03-29T18:04:17Z" user="PlaneMad" uid="1306" lat="18.1548387" lon="74.5794815"/>
 <node id="10771552302" visible="true" version="1" changeset="134273747" timestamp="2023-03-29T18:04:17Z" user="PlaneMad" uid="1306" lat="18.1588867" lon="74.5785616"/>
 <node id="10771574234" visible="true" version="1" changeset="134273747" timestamp="2023-03-29T18:04:17Z" user="PlaneMad" uid="1306" lat="18.1541403" lon="74.5752704"/>
 <node id="10771574235" visible="true" version="1" changeset="134273747" timestamp="2023-03-29T18:04:17Z" user="PlaneMad" uid="1306" lat="18.1543391" lon="74.5747769"/>
 <node id="10771574236" visible="true" version="1" changeset="134273747" timestamp="2023-03-29T18:04:17Z" user="PlaneMad" uid="1306" lat="18.1535949" lon="74.5782798"/>
 <node id="10771574237" visible="true" version="1" changeset="134273747" timestamp="2023-03-29T18:04:17Z" user="PlaneMad" uid="1306" lat="18.1531397" lon="74.5787812"/>
 <node id="10771574238" visible="true" version="1" changeset="134273747" timestamp="2023-03-29T18:04:17Z" user="PlaneMad" uid="1306" lat="18.1527666" lon="74.5711452"/>
 <node id="10771574239" visible="true" version="1" changeset="134273747" timestamp="2023-03-29T18:04:17Z" user="PlaneMad" uid="1306" lat="18.1448486" lon="74.5697655"/>
 <node id="10771574240" visible="true" version="1" changeset="134273747" timestamp="2023-03-29T18:04:17Z" user="PlaneMad" uid="1306" lat="18.1520861" lon="74.5807233"/>
 <node id="10771574242" visible="true" version="1" changeset="134273747" timestamp="2023-03-29T18:04:17Z" user="PlaneMad" uid="1306" lat="18.1468369" lon="74.5821932"/>
 <node id="10771574243" visible="true" version="1" changeset="134273747" timestamp="2023-03-29T18:04:17Z" user="PlaneMad" uid="1306" lat="18.1444117" lon="74.5780358"/>
 <node id="10771574244" visible="true" version="1" changeset="134273747" timestamp="2023-03-29T18:04:17Z" user="PlaneMad" uid="1306" lat="18.1446870" lon="74.5801172"/>
 <node id="10771574245" visible="true" version="1" changeset="134273747" timestamp="2023-03-29T18:04:17Z" user="PlaneMad" uid="1306" lat="18.1465400" lon="74.5800474"/>
 <node id="10771574246" visible="true" version="1" changeset="134273747" timestamp="2023-03-29T18:04:17Z" user="PlaneMad" uid="1306" lat="18.1464686" lon="74.5784301"/>
 <node id="10771574247" visible="true" version="1" changeset="134273747" timestamp="2023-03-29T18:04:17Z" user="PlaneMad" uid="1306" lat="18.1454389" lon="74.5780572"/>
 <node id="10771574248" visible="true" version="1" changeset="134273747" timestamp="2023-03-29T18:04:17Z" user="PlaneMad" uid="1306" lat="18.1452681" lon="74.5778936"/>
 <node id="10771574249" visible="true" version="1" changeset="134273747" timestamp="2023-03-29T18:04:17Z" user="PlaneMad" uid="1306" lat="18.1479418" lon="74.5701635"/>
 <node id="10771574250" visible="true" version="1" changeset="134273747" timestamp="2023-03-29T18:04:17Z" user="PlaneMad" uid="1306" lat="18.1481151" lon="74.5710325"/>
 <node id="10771574251" visible="true" version="1" changeset="134273747" timestamp="2023-03-29T18:04:17Z" user="PlaneMad" uid="1306" lat="18.1470472" lon="74.5712256"/>
 <node id="10771574252" visible="true" version="1" changeset="134273747" timestamp="2023-03-29T18:04:17Z" user="PlaneMad" uid="1306" lat="18.1467490" lon="74.5709494"/>
 <node id="10771574253" visible="true" version="1" changeset="134273747" timestamp="2023-03-29T18:04:17Z" user="PlaneMad" uid="1306" lat="18.1465986" lon="74.5703968"/>
 <node id="10771574254" visible="true" version="1" changeset="134273747" timestamp="2023-03-29T18:04:17Z" user="PlaneMad" uid="1306" lat="18.1465196" lon="74.5703056"/>
 <node id="10771574255" visible="true" version="1" changeset="134273747" timestamp="2023-03-29T18:04:17Z" user="PlaneMad" uid="1306" lat="18.1455867" lon="74.5766222">
  <tag k="name" v="Samarth Nagar"/>
  <tag k="place" v="suburb"/>
 </node>
 <node id="10771574256" visible="true" version="1" changeset="134273747" timestamp="2023-03-29T18:04:17Z" user="PlaneMad" uid="1306" lat="18.1496444" lon="74.5852804">
  <tag k="name" v="Desai Estate"/>
  <tag k="place" v="neighbourhood"/>
 </node>
 <node id="10771574257" visible="true" version="1" changeset="134273747" timestamp="2023-03-29T18:04:17Z" user="PlaneMad" uid="1306" lat="18.1514948" lon="74.5798784"/>
 <node id="10771574260" visible="true" version="1" changeset="134273747" timestamp="2023-03-29T18:04:17Z" user="PlaneMad" uid="1306" lat="18.1567298" lon="74.5891321">
  <tag k="name" v="Ambika Nagar"/>
  <tag k="place" v="neighbourhood"/>
 </node>
 <node id="10771574322" visible="true" version="1" changeset="134273747" timestamp="2023-03-29T18:04:17Z" user="PlaneMad" uid="1306" lat="18.1825254" lon="74.5904732"/>
 <node id="10771574323" visible="true" version="1" changeset="134273747" timestamp="2023-03-29T18:04:17Z" user="PlaneMad" uid="1306" lat="18.1816691" lon="74.5900387"/>
 <node id="10771574324" visible="true" version="1" changeset="134273747" timestamp="2023-03-29T18:04:17Z" user="PlaneMad" uid="1306" lat="18.1807314" lon="74.5899475"/>
 <node id="10771574325" visible="true" version="1" changeset="134273747" timestamp="2023-03-29T18:04:17Z" user="PlaneMad" uid="1306" lat="18.1793553" lon="74.5902532"/>
 <node id="10771574326" visible="true" version="1" changeset="134273747" timestamp="2023-03-29T18:04:17Z" user="PlaneMad" uid="1306" lat="18.1782213" lon="74.5902237"/>
 <node id="10771574327" visible="true" version="1" changeset="134273747" timestamp="2023-03-29T18:04:17Z" user="PlaneMad" uid="1306" lat="18.1766489" lon="74.5897248"/>
 <node id="10771574328" visible="true" version="1" changeset="134273747" timestamp="2023-03-29T18:04:17Z" user="PlaneMad" uid="1306" lat="18.1757519" lon="74.5896524"/>
 <node id="10807014408" visible="true" version="2" changeset="166706179" timestamp="2025-05-24T17:05:00Z" user="Mayur Dudhal" uid="22741169" lat="18.1521534" lon="74.5780460"/>
 <node id="10807014409" visible="true" version="2" changeset="166706179" timestamp="2025-05-24T17:05:00Z" user="Mayur Dudhal" uid="22741169" lat="18.1527355" lon="74.5786303"/>
 <node id="10807014413" visible="true" version="2" changeset="166706179" timestamp="2025-05-24T17:05:00Z" user="Mayur Dudhal" uid="22741169" lat="18.1523899" lon="74.5790116"/>
 <node id="10807014419" visible="true" version="2" changeset="166706179" timestamp="2025-05-24T17:05:00Z" user="Mayur Dudhal" uid="22741169" lat="18.1518077" lon="74.5784274"/>
 <node id="10807021320" visible="true" version="1" changeset="134851940" timestamp="2023-04-13T08:54:09Z" user="Gshreya" uid="18935178" lat="18.1519367" lon="74.5795683">
  <tag k="addr:city" v="Baramati"/>
  <tag k="addr:postcode" v="413102"/>
  <tag k="addr:street" v="Bhigwan Road, Opposit Baramati Railway Station"/>
  <tag k="description" v="School with ICSE, SSC board"/>
  <tag k="name" v="Vidya Pratishthan's Vinodkumar Gujar Bal Vikas Mandir"/>
  <tag k="office" v="educational_institution"/>
  <tag k="phone" v="+91-2112-222 586"/>
  <tag k="website" v="http://vpbalvikas.org/"/>
 </node>
 <node id="10807223917" visible="true" version="1" changeset="134856987" timestamp="2023-04-13T10:46:18Z" user="Gshreya" uid="18935178" lat="18.1561102" lon="74.5813269">
  <tag k="addr:city" v="Baramati"/>
  <tag k="addr:postcode" v="413102"/>
  <tag k="addr:street" v="Bhigwan Road"/>
  <tag k="government" v="administrative"/>
  <tag k="name" v="Panchayat Samiti"/>
  <tag k="office" v="government"/>
  <tag k="website" v="http://psbaramati.org/"/>
 </node>
 <node id="10807223918" visible="true" version="1" changeset="134856987" timestamp="2023-04-13T10:46:18Z" user="Gshreya" uid="18935178" lat="18.1566811" lon="74.5810721"/>
 <node id="10807223919" visible="true" version="1" changeset="134856987" timestamp="2023-04-13T10:46:18Z" user="Gshreya" uid="18935178" lat="18.1560006" lon="74.5817185"/>
 <node id="10807223920" visible="true" version="1" changeset="134856987" timestamp="2023-04-13T10:46:18Z" user="Gshreya" uid="18935178" lat="18.1558375" lon="74.5815576"/>
 <node id="10807223921" visible="true" version="1" changeset="134856987" timestamp="2023-04-13T10:46:18Z" user="Gshreya" uid="18935178" lat="18.1558706" lon="74.5810560"/>
 <node id="10807223922" visible="true" version="1" changeset="134856987" timestamp="2023-04-13T10:46:18Z" user="Gshreya" uid="18935178" lat="18.1559241" lon="74.5809970"/>
 <node id="10807223923" visible="true" version="1" changeset="134856987" timestamp="2023-04-13T10:46:18Z" user="Gshreya" uid="18935178" lat="18.1559802" lon="74.5809461"/>
 <node id="10807223924" visible="true" version="1" changeset="134856987" timestamp="2023-04-13T10:46:18Z" user="Gshreya" uid="18935178" lat="18.1560694" lon="74.5809139"/>
 <node id="11088623862" visible="true" version="1" changeset="139427092" timestamp="2023-08-04T07:31:34Z" user="Nutanhegadkar" uid="18396918" lat="18.1686048" lon="74.5907317"/>
 <node id="11235219052" visible="true" version="1" changeset="142081951" timestamp="2023-10-03T06:22:20Z" user="kunalchhapre" uid="19795114" lat="18.1485582" lon="74.5935711"/>
 <node id="11235219053" visible="true" version="1" changeset="142081951" timestamp="2023-10-03T06:22:20Z" user="kunalchhapre" uid="19795114" lat="18.1488283" lon="74.5943784"/>
 <node id="11235219054" visible="true" version="1" changeset="142081951" timestamp="2023-10-03T06:22:20Z" user="kunalchhapre" uid="19795114" lat="18.1491647" lon="74.5956659"/>
 <node id="11235219055" visible="true" version="1" changeset="142081951" timestamp="2023-10-03T06:22:20Z" user="kunalchhapre" uid="19795114" lat="18.1493941" lon="74.5961273"/>
 <node id="11235219056" visible="true" version="1" changeset="142081951" timestamp="2023-10-03T06:22:20Z" user="kunalchhapre" uid="19795114" lat="18.1494502" lon="74.5962829"/>
 <node id="11235219057" visible="true" version="1" changeset="142081951" timestamp="2023-10-03T06:22:20Z" user="kunalchhapre" uid="19795114" lat="18.1494706" lon="74.5966477"/>
 <node id="11235219063" visible="true" version="1" changeset="142081951" timestamp="2023-10-03T06:22:20Z" user="kunalchhapre" uid="19795114" lat="18.1483302" lon="74.5926135"/>
 <node id="11235221583" visible="true" version="1" changeset="142082317" timestamp="2023-10-03T06:32:02Z" user="ompatekar" uid="16275581" lat="18.1467909" lon="74.5769341"/>
 <node id="11235221590" visible="true" version="1" changeset="142082317" timestamp="2023-10-03T06:32:02Z" user="ompatekar" uid="16275581" lat="18.1437918" lon="74.5751871"/>
 <node id="11235221593" visible="true" version="1" changeset="142082317" timestamp="2023-10-03T06:32:02Z" user="ompatekar" uid="16275581" lat="18.1445112" lon="74.5863831"/>
 <node id="11235240680" visible="true" version="1" changeset="142082355" timestamp="2023-10-03T06:33:11Z" user="ompatekar" uid="16275581" lat="18.1477431" lon="74.5794658"/>
 <node id="11235240681" visible="true" version="1" changeset="142082355" timestamp="2023-10-03T06:33:11Z" user="ompatekar" uid="16275581" lat="18.1473475" lon="74.5795111"/>
 <node id="11235260957" visible="true" version="1" changeset="142083424" timestamp="2023-10-03T06:52:38Z" user="iamsaurabhc" uid="19505666" lat="18.1542992" lon="74.5801252"/>
 <node id="11235260958" visible="true" version="1" changeset="142083424" timestamp="2023-10-03T06:52:38Z" user="iamsaurabhc" uid="19505666" lat="18.1547061" lon="74.5797014"/>
 <node id="11235260959" visible="true" version="1" changeset="142083424" timestamp="2023-10-03T06:52:38Z" user="iamsaurabhc" uid="19505666" lat="18.1546741" lon="74.5805597"/>
 <node id="11235260960" visible="true" version="1" changeset="142083424" timestamp="2023-10-03T06:52:38Z" user="iamsaurabhc" uid="19505666" lat="18.1544818" lon="74.5807207"/>
 <node id="11235260961" visible="true" version="1" changeset="142083424" timestamp="2023-10-03T06:52:38Z" user="iamsaurabhc" uid="19505666" lat="18.1542983" lon="74.5808601"/>
 <node id="11235260962" visible="true" version="1" changeset="142083424" timestamp="2023-10-03T06:52:38Z" user="iamsaurabhc" uid="19505666" lat="18.1541861" lon="74.5809084"/>
 <node id="11235260963" visible="true" version="1" changeset="142083424" timestamp="2023-10-03T06:52:38Z" user="iamsaurabhc" uid="19505666" lat="18.1554861" lon="74.5819170"/>
 <node id="11235269460" visible="true" version="1" changeset="142084237" timestamp="2023-10-03T07:07:01Z" user="iamsaurabhc" uid="19505666" lat="18.1470086" lon="74.5718641"/>
 <node id="11235269461" visible="true" version="1" changeset="142084237" timestamp="2023-10-03T07:07:01Z" user="iamsaurabhc" uid="19505666" lat="18.1472329" lon="74.5723785"/>
 <node id="11235269462" visible="true" version="1" changeset="142084237" timestamp="2023-10-03T07:07:01Z" user="iamsaurabhc" uid="19505666" lat="18.1472176" lon="74.5723415"/>
 <node id="11235269463" visible="true" version="1" changeset="142084237" timestamp="2023-10-03T07:07:01Z" user="iamsaurabhc" uid="19505666" lat="18.1471055" lon="74.5720894"/>
 <node id="11235269464" visible="true" version="1" changeset="142084237" timestamp="2023-10-03T07:07:01Z" user="iamsaurabhc" uid="19505666" lat="18.1499162" lon="74.5726956"/>
 <node id="11235269465" visible="true" version="1" changeset="142084237" timestamp="2023-10-03T07:07:01Z" user="iamsaurabhc" uid="19505666" lat="18.1497459" lon="74.5726580"/>
 <node id="11235269466" visible="true" version="1" changeset="142084237" timestamp="2023-10-03T07:07:01Z" user="iamsaurabhc" uid="19505666" lat="18.1494400" lon="74.5726795"/>
 <node id="11235289288" visible="true" version="2" changeset="179471929" timestamp="2026-03-07T04:17:12Z" user="akashpuri" uid="23890431" lat="18.1498408" lon="74.5778504"/>
 <node id="11235289289" visible="true" version="1" changeset="142084976" timestamp="2023-10-03T07:20:45Z" user="jyotikatke" uid="19620700" lat="18.1514186" lon="74.5801199"/>
 <node id="11235289290" visible="true" version="1" changeset="142084976" timestamp="2023-10-03T07:20:45Z" user="jyotikatke" uid="19620700" lat="18.1508478" lon="74.5802503"/>
 <node id="11235289291" visible="true" version="1" changeset="142084976" timestamp="2023-10-03T07:20:45Z" user="jyotikatke" uid="19620700" lat="18.1504445" lon="74.5804181"/>
 <node id="11235289292" visible="true" version="1" changeset="142084976" timestamp="2023-10-03T07:20:45Z" user="jyotikatke" uid="19620700" lat="18.1506970" lon="74.5803537"/>
 <node id="11235393074" visible="true" version="1" changeset="142090703" timestamp="2023-10-03T09:16:55Z" user="alivapanda" uid="19505674" lat="18.1516014" lon="74.5933967"/>
 <node id="11235393075" visible="true" version="1" changeset="142090703" timestamp="2023-10-03T09:16:55Z" user="alivapanda" uid="19505674" lat="18.1530033" lon="74.5931231"/>
 <node id="11235393076" visible="true" version="1" changeset="142090703" timestamp="2023-10-03T09:16:55Z" user="alivapanda" uid="19505674" lat="18.1543487" lon="74.5928334"/>
 <node id="11235393077" visible="true" version="1" changeset="142090703" timestamp="2023-10-03T09:16:55Z" user="alivapanda" uid="19505674" lat="18.1534163" lon="74.5958162"/>
 <node id="11235393078" visible="true" version="1" changeset="142090703" timestamp="2023-10-03T09:16:55Z" user="alivapanda" uid="19505674" lat="18.1533500" lon="74.5952368"/>
 <node id="11235393079" visible="true" version="1" changeset="142090703" timestamp="2023-10-03T09:16:55Z" user="alivapanda" uid="19505674" lat="18.1518053" lon="74.5946682"/>
 <node id="11235393080" visible="true" version="1" changeset="142090703" timestamp="2023-10-03T09:16:55Z" user="alivapanda" uid="19505674" lat="18.1511731" lon="74.5934933"/>
 <node id="11235393081" visible="true" version="1" changeset="142090703" timestamp="2023-10-03T09:16:55Z" user="alivapanda" uid="19505674" lat="18.1509998" lon="74.5935308"/>
 <node id="11235393082" visible="true" version="1" changeset="142090703" timestamp="2023-10-03T09:16:55Z" user="alivapanda" uid="19505674" lat="18.1507347" lon="74.5935630"/>
 <node id="11235409005" visible="true" version="1" changeset="142090618" timestamp="2023-10-03T09:14:04Z" user="alivapanda" uid="19505674" lat="18.1502232" lon="74.5876192"/>
 <node id="11235409006" visible="true" version="1" changeset="142090618" timestamp="2023-10-03T09:14:04Z" user="alivapanda" uid="19505674" lat="18.1507354" lon="74.5876085"/>
 <node id="11235409007" visible="true" version="1" changeset="142090618" timestamp="2023-10-03T09:14:04Z" user="alivapanda" uid="19505674" lat="18.1516641" lon="74.5861686"/>
 <node id="11235409008" visible="true" version="1" changeset="142090618" timestamp="2023-10-03T09:14:04Z" user="alivapanda" uid="19505674" lat="18.1519010" lon="74.5861327"/>
 <node id="11235429169" visible="true" version="1" changeset="142090833" timestamp="2023-10-03T09:20:45Z" user="alivapanda" uid="19505674" lat="18.1445004" lon="74.5889510"/>
 <node id="11240401707" visible="true" version="1" changeset="142171056" timestamp="2023-10-05T05:03:08Z" user="neharikas" uid="18812446" lat="18.1425765" lon="74.5803772"/>
 <node id="11243173704" visible="true" version="1" changeset="142225649" timestamp="2023-10-06T10:14:28Z" user="kunalchhapre" uid="19795114" lat="18.1546407" lon="74.5696955"/>
 <node id="11807006043" visible="true" version="1" changeset="149815857" timestamp="2024-04-10T11:43:30Z" user="MayuriG" uid="21278637" lat="18.1558343" lon="74.5692993"/>
 <node id="11807006044" visible="true" version="1" changeset="149815857" timestamp="2024-04-10T11:43:30Z" user="MayuriG" uid="21278637" lat="18.1558431" lon="74.5694718"/>
 <node id="11807006045" visible="true" version="1" changeset="149815857" timestamp="2024-04-10T11:43:30Z" user="MayuriG" uid="21278637" lat="18.1558050" lon="74.5694718"/>
 <node id="11807006046" visible="true" version="1" changeset="149815857" timestamp="2024-04-10T11:43:30Z" user="MayuriG" uid="21278637" lat="18.1557933" lon="74.5693054"/>
 <node id="12365280897" visible="true" version="1" changeset="159465064" timestamp="2024-11-22T15:55:26Z" user="Amit Khopade" uid="20973597" lat="18.0014539" lon="74.4712592"/>
 <node id="12365280974" visible="true" version="1" changeset="159465064" timestamp="2024-11-22T15:55:26Z" user="Amit Khopade" uid="20973597" lat="18.0221975" lon="74.4892150"/>
 <node id="12368282510" visible="true" version="1" changeset="159510959" timestamp="2024-11-23T18:43:14Z" user="Amit Khopade" uid="20973597" lat="18.2043673" lon="74.4983675"/>
 <node id="12471610988" visible="true" version="1" changeset="160957446" timestamp="2025-01-03T16:48:20Z" user="VLD032" uid="7291944" lat="18.1607334" lon="74.5692057"/>
 <node id="12529678387" visible="true" version="1" changeset="161720000" timestamp="2025-01-24T16:38:56Z" user="sakshi_96" uid="22420495" lat="18.1497339" lon="74.5783364">
  <tag k="highway" v="traffic_signals"/>
  <tag k="traffic_signals" v="signal"/>
 </node>
 <node id="12529678388" visible="true" version="1" changeset="161720000" timestamp="2025-01-24T16:38:56Z" user="sakshi_96" uid="22420495" lat="18.1497752" lon="74.5785940"/>
 <node id="12529678389" visible="true" version="1" changeset="161720000" timestamp="2025-01-24T16:38:56Z" user="sakshi_96" uid="22420495" lat="18.1497909" lon="74.5786922"/>
 <node id="12529678390" visible="true" version="1" changeset="161720000" timestamp="2025-01-24T16:38:56Z" user="sakshi_96" uid="22420495" lat="18.1497216" lon="74.5791331"/>
 <node id="12529678391" visible="true" version="1" changeset="161720000" timestamp="2025-01-24T16:38:56Z" user="sakshi_96" uid="22420495" lat="18.1497120" lon="74.5791521"/>
 <node id="12529678392" visible="true" version="1" changeset="161720000" timestamp="2025-01-24T16:38:56Z" user="sakshi_96" uid="22420495" lat="18.1495752" lon="74.5783237">
  <tag k="crossing" v="uncontrolled"/>
  <tag k="crossing:markings" v="thrusday_market"/>
  <tag k="highway" v="crossing"/>
  <tag k="tactile_paving" v="yes"/>
 </node>
 <node id="12565121645" visible="true" version="1" changeset="162238653" timestamp="2025-02-07T10:09:36Z" user="Vaishali Patil" uid="20041977" lat="18.1571961" lon="74.6035348"/>
 <node id="12565121646" visible="true" version="1" changeset="162238653" timestamp="2025-02-07T10:09:36Z" user="Vaishali Patil" uid="20041977" lat="18.1565131" lon="74.6022024"/>
 <node id="12565121647" visible="true" version="1" changeset="162238653" timestamp="2025-02-07T10:09:36Z" user="Vaishali Patil" uid="20041977" lat="18.1564252" lon="74.6018082"/>
 <node id="12565121648" visible="true" version="1" changeset="162238653" timestamp="2025-02-07T10:09:36Z" user="Vaishali Patil" uid="20041977" lat="18.1580586" lon="74.5995198"/>
 <node id="12565121649" visible="true" version="1" changeset="162238653" timestamp="2025-02-07T10:09:36Z" user="Vaishali Patil" uid="20041977" lat="18.1575934" lon="74.5989813"/>
 <node id="12565121650" visible="true" version="1" changeset="162238653" timestamp="2025-02-07T10:09:36Z" user="Vaishali Patil" uid="20041977" lat="18.1560816" lon="74.5935873"/>
 <node id="12565121651" visible="true" version="1" changeset="162238653" timestamp="2025-02-07T10:09:36Z" user="Vaishali Patil" uid="20041977" lat="18.1541204" lon="74.5891599"/>
 <node id="12565121652" visible="true" version="1" changeset="162238653" timestamp="2025-02-07T10:09:36Z" user="Vaishali Patil" uid="20041977" lat="18.1541566" lon="74.5896376"/>
 <node id="12605088524" visible="true" version="1" changeset="162755504" timestamp="2025-02-20T20:00:35Z" user="Ayumu &quot;Osaka&quot; Kasuga" uid="21931680" lat="18.1422758" lon="74.5991781"/>
 <node id="12861043052" visible="true" version="1" changeset="166706179" timestamp="2025-05-24T17:05:00Z" user="Mayur Dudhal" uid="22741169" lat="18.1525213" lon="74.5790534"/>
 <node id="12861043053" visible="true" version="1" changeset="166706179" timestamp="2025-05-24T17:05:00Z" user="Mayur Dudhal" uid="22741169" lat="18.1528344" lon="74.5794176"/>
 <node id="13624245288" visible="true" version="1" changeset="179471949" timestamp="2026-03-07T04:18:03Z" user="akashpuri" uid="23890431" lat="18.1491188" lon="74.5764749"/>
 <node id="13624245289" visible="true" version="1" changeset="179471949" timestamp="2026-03-07T04:18:03Z" user="akashpuri" uid="23890431" lat="18.1491444" lon="74.5766844"/>
 <node id="13624245290" visible="true" version="1" changeset="179471949" timestamp="2026-03-07T04:18:03Z" user="akashpuri" uid="23890431" lat="18.1490667" lon="74.5766949"/>
 <node id="13624245291" visible="true" version="1" changeset="179471949" timestamp="2026-03-07T04:18:03Z" user="akashpuri" uid="23890431" lat="18.1490410" lon="74.5764854"/>
 <node id="13624289911" visible="true" version="1" changeset="179471717" timestamp="2026-03-07T04:08:40Z" user="akashpuri" uid="23890431" lat="18.1540989" lon="74.5784696"/>
 <node id="13624289912" visible="true" version="1" changeset="179471717" timestamp="2026-03-07T04:08:40Z" user="akashpuri" uid="23890431" lat="18.1543799" lon="74.5787343"/>
 <node id="13624289913" visible="true" version="1" changeset="179471717" timestamp="2026-03-07T04:08:40Z" user="akashpuri" uid="23890431" lat="18.1543256" lon="74.5787981"/>
 <node id="13624289914" visible="true" version="1" changeset="179471717" timestamp="2026-03-07T04:08:40Z" user="akashpuri" uid="23890431" lat="18.1540447" lon="74.5785332"/>
 <node id="13624289927" visible="true" version="1" changeset="179471750" timestamp="2026-03-07T04:10:09Z" user="akashpuri" uid="23890431" lat="18.1500387" lon="74.5769928"/>
 <node id="13624289928" visible="true" version="1" changeset="179471750" timestamp="2026-03-07T04:10:09Z" user="akashpuri" uid="23890431" lat="18.1500942" lon="74.5772897"/>
 <node id="13624289929" visible="true" version="1" changeset="179471750" timestamp="2026-03-07T04:10:09Z" user="akashpuri" uid="23890431" lat="18.1497679" lon="74.5773573"/>
 <node id="13624289930" visible="true" version="1" changeset="179471750" timestamp="2026-03-07T04:10:09Z" user="akashpuri" uid="23890431" lat="18.1497124" lon="74.5770604"/>
 <node id="13624290682" visible="true" version="1" changeset="179471778" timestamp="2026-03-07T04:11:24Z" user="akashpuri" uid="23890431" lat="18.1502229" lon="74.5765933"/>
 <node id="13624290683" visible="true" version="1" changeset="179471778" timestamp="2026-03-07T04:11:24Z" user="akashpuri" uid="23890431" lat="18.1502440" lon="74.5767590"/>
 <node id="13624290684" visible="true" version="1" changeset="179471778" timestamp="2026-03-07T04:11:24Z" user="akashpuri" uid="23890431" lat="18.1499730" lon="74.5767971"/>
 <node id="13624290685" visible="true" version="1" changeset="179471778" timestamp="2026-03-07T04:11:24Z" user="akashpuri" uid="23890431" lat="18.1499798" lon="74.5768507"/>
 <node id="13624290686" visible="true" version="1" changeset="179471778" timestamp="2026-03-07T04:11:24Z" user="akashpuri" uid="23890431" lat="18.1497266" lon="74.5768863"/>
 <node id="13624290687" visible="true" version="1" changeset="179471778" timestamp="2026-03-07T04:11:24Z" user="akashpuri" uid="23890431" lat="18.1496987" lon="74.5766670"/>
 <node id="13624304791" visible="true" version="2" changeset="179472376" timestamp="2026-03-07T04:37:21Z" user="akashpuri" uid="23890431" lat="18.1501334" lon="74.5754793"/>
 <node id="13624304792" visible="true" version="2" changeset="179472376" timestamp="2026-03-07T04:37:21Z" user="akashpuri" uid="23890431" lat="18.1500521" lon="74.5755187"/>
 <node id="13624304793" visible="true" version="2" changeset="179472376" timestamp="2026-03-07T04:37:21Z" user="akashpuri" uid="23890431" lat="18.1499947" lon="74.5753875"/>
 <node id="13624304794" visible="true" version="2" changeset="179472376" timestamp="2026-03-07T04:37:21Z" user="akashpuri" uid="23890431" lat="18.1498006" lon="74.5753879"/>
 <node id="13624304795" visible="true" version="2" changeset="179472376" timestamp="2026-03-07T04:37:21Z" user="akashpuri" uid="23890431" lat="18.1498007" lon="74.5754204"/>
 <node id="13624304796" visible="true" version="2" changeset="179472376" timestamp="2026-03-07T04:37:21Z" user="akashpuri" uid="23890431" lat="18.1497261" lon="74.5754206"/>
 <node id="13624304797" visible="true" version="2" changeset="179472376" timestamp="2026-03-07T04:37:21Z" user="akashpuri" uid="23890431" lat="18.1497258" lon="74.5752924"/>
 <node id="13624304798" visible="true" version="2" changeset="179472376" timestamp="2026-03-07T04:37:21Z" user="akashpuri" uid="23890431" lat="18.1500512" lon="74.5752918"/>
 <node id="13624315868" visible="true" version="1" changeset="179472193" timestamp="2026-03-07T04:28:44Z" user="akashpuri" uid="23890431" lat="18.1492017" lon="74.5750302"/>
 <node id="13624315869" visible="true" version="1" changeset="179472193" timestamp="2026-03-07T04:28:44Z" user="akashpuri" uid="23890431" lat="18.1491586" lon="74.5752297"/>
 <node id="13624315870" visible="true" version="1" changeset="179472193" timestamp="2026-03-07T04:28:44Z" user="akashpuri" uid="23890431" lat="18.1489893" lon="74.5751892"/>
 <node id="13624315871" visible="true" version="1" changeset="179472193" timestamp="2026-03-07T04:28:44Z" user="akashpuri" uid="23890431" lat="18.1490077" lon="74.5751044"/>
 <node id="13624315872" visible="true" version="1" changeset="179472193" timestamp="2026-03-07T04:28:44Z" user="akashpuri" uid="23890431" lat="18.1488494" lon="74.5750665"/>
 <node id="13624315873" visible="true" version="1" changeset="179472193" timestamp="2026-03-07T04:28:44Z" user="akashpuri" uid="23890431" lat="18.1488742" lon="74.5749518"/>
 <node id="13624317478" visible="true" version="1" changeset="179472062" timestamp="2026-03-07T04:22:31Z" user="akashpuri" uid="23890431" lat="18.1490072" lon="74.5756132"/>
 <node id="13624317479" visible="true" version="1" changeset="179472062" timestamp="2026-03-07T04:22:31Z" user="akashpuri" uid="23890431" lat="18.1490159" lon="74.5757432"/>
 <node id="13624317480" visible="true" version="1" changeset="179472062" timestamp="2026-03-07T04:22:31Z" user="akashpuri" uid="23890431" lat="18.1489262" lon="74.5757499"/>
 <node id="13624317481" visible="true" version="1" changeset="179472062" timestamp="2026-03-07T04:22:31Z" user="akashpuri" uid="23890431" lat="18.1489250" lon="74.5757330"/>
 <node id="13624317482" visible="true" version="1" changeset="179472062" timestamp="2026-03-07T04:22:31Z" user="akashpuri" uid="23890431" lat="18.1487739" lon="74.5757443"/>
 <node id="13624317483" visible="true" version="1" changeset="179472062" timestamp="2026-03-07T04:22:31Z" user="akashpuri" uid="23890431" lat="18.1487756" lon="74.5757698"/>
 <node id="13624317484" visible="true" version="1" changeset="179472062" timestamp="2026-03-07T04:22:31Z" user="akashpuri" uid="23890431" lat="18.1486575" lon="74.5757787"/>
 <node id="13624317485" visible="true" version="1" changeset="179472062" timestamp="2026-03-07T04:22:31Z" user="akashpuri" uid="23890431" lat="18.1486482" lon="74.5756400"/>
 <node id="13624321378" visible="true" version="1" changeset="179472004" timestamp="2026-03-07T04:20:23Z" user="akashpuri" uid="23890431" lat="18.1490206" lon="74.5767095"/>
 <node id="13624321379" visible="true" version="1" changeset="179472004" timestamp="2026-03-07T04:20:23Z" user="akashpuri" uid="23890431" lat="18.1490314" lon="74.5767985"/>
 <node id="13624321380" visible="true" version="1" changeset="179472004" timestamp="2026-03-07T04:20:23Z" user="akashpuri" uid="23890431" lat="18.1489499" lon="74.5768095"/>
 <node id="13624321381" visible="true" version="1" changeset="179472004" timestamp="2026-03-07T04:20:23Z" user="akashpuri" uid="23890431" lat="18.1489391" lon="74.5767205"/>
 <node id="13624321584" visible="true" version="1" changeset="179472138" timestamp="2026-03-07T04:25:59Z" user="akashpuri" uid="23890431" lat="18.1490220" lon="74.5753341"/>
 <node id="13624321585" visible="true" version="1" changeset="179472138" timestamp="2026-03-07T04:25:59Z" user="akashpuri" uid="23890431" lat="18.1489892" lon="74.5754561"/>
 <node id="13624321586" visible="true" version="1" changeset="179472138" timestamp="2026-03-07T04:25:59Z" user="akashpuri" uid="23890431" lat="18.1489293" lon="74.5754378"/>
 <node id="13624321587" visible="true" version="1" changeset="179472138" timestamp="2026-03-07T04:25:59Z" user="akashpuri" uid="23890431" lat="18.1489003" lon="74.5754337"/>
 <node id="13624321588" visible="true" version="1" changeset="179472138" timestamp="2026-03-07T04:25:59Z" user="akashpuri" uid="23890431" lat="18.1487400" lon="74.5754053"/>
 <node id="13624321589" visible="true" version="1" changeset="179472138" timestamp="2026-03-07T04:25:59Z" user="akashpuri" uid="23890431" lat="18.1487477" lon="74.5753565"/>
 <node id="13624321590" visible="true" version="1" changeset="179472138" timestamp="2026-03-07T04:25:59Z" user="akashpuri" uid="23890431" lat="18.1486666" lon="74.5753687"/>
 <node id="13624321591" visible="true" version="1" changeset="179472138" timestamp="2026-03-07T04:25:59Z" user="akashpuri" uid="23890431" lat="18.1487052" lon="74.5752548"/>
 <node id="13624321592" visible="true" version="1" changeset="179472138" timestamp="2026-03-07T04:25:59Z" user="akashpuri" uid="23890431" lat="18.1487458" lon="74.5752874"/>
 <node id="13624321593" visible="true" version="1" changeset="179472138" timestamp="2026-03-07T04:25:59Z" user="akashpuri" uid="23890431" lat="18.1487671" lon="74.5752365"/>
 <node id="13624321594" visible="true" version="1" changeset="179472138" timestamp="2026-03-07T04:25:59Z" user="akashpuri" uid="23890431" lat="18.1489564" lon="74.5753321"/>
 <node id="13624321595" visible="true" version="1" changeset="179472138" timestamp="2026-03-07T04:25:59Z" user="akashpuri" uid="23890431" lat="18.1490056" lon="74.5753971"/>
 <node id="13624321596" visible="true" version="1" changeset="179472161" timestamp="2026-03-07T04:27:13Z" user="akashpuri" uid="23890431" lat="18.1491048" lon="74.5752761"/>
 <node id="13624321597" visible="true" version="1" changeset="179472161" timestamp="2026-03-07T04:27:13Z" user="akashpuri" uid="23890431" lat="18.1490903" lon="74.5753328"/>
 <node id="13624321598" visible="true" version="1" changeset="179472161" timestamp="2026-03-07T04:27:13Z" user="akashpuri" uid="23890431" lat="18.1490531" lon="74.5753223"/>
 <node id="13624321599" visible="true" version="1" changeset="179472161" timestamp="2026-03-07T04:27:13Z" user="akashpuri" uid="23890431" lat="18.1490567" lon="74.5753081"/>
 <node id="13624321600" visible="true" version="1" changeset="179472161" timestamp="2026-03-07T04:27:13Z" user="akashpuri" uid="23890431" lat="18.1489371" lon="74.5752743"/>
 <node id="13624321695" visible="true" version="1" changeset="179472683" timestamp="2026-03-07T04:51:34Z" user="akashpuri" uid="23890431" lat="18.1494615" lon="74.5749327"/>
 <node id="13624321696" visible="true" version="1" changeset="179472683" timestamp="2026-03-07T04:51:34Z" user="akashpuri" uid="23890431" lat="18.1493230" lon="74.5748915"/>
 <node id="13624321697" visible="true" version="1" changeset="179472683" timestamp="2026-03-07T04:51:34Z" user="akashpuri" uid="23890431" lat="18.1493558" lon="74.5747692"/>
 <node id="13624321698" visible="true" version="1" changeset="179472683" timestamp="2026-03-07T04:51:34Z" user="akashpuri" uid="23890431" lat="18.1493149" lon="74.5747570"/>
 <node id="13624321699" visible="true" version="1" changeset="179472683" timestamp="2026-03-07T04:51:34Z" user="akashpuri" uid="23890431" lat="18.1493559" lon="74.5746042"/>
 <node id="13624321700" visible="true" version="1" changeset="179472683" timestamp="2026-03-07T04:51:34Z" user="akashpuri" uid="23890431" lat="18.1493774" lon="74.5746106"/>
 <node id="13624324171" visible="true" version="1" changeset="179472416" timestamp="2026-03-07T04:39:41Z" user="akashpuri" uid="23890431" lat="18.1504903" lon="74.5759061"/>
 <node id="13624324172" visible="true" version="1" changeset="179472416" timestamp="2026-03-07T04:39:41Z" user="akashpuri" uid="23890431" lat="18.1504965" lon="74.5759520"/>
 <node id="13624324173" visible="true" version="1" changeset="179472416" timestamp="2026-03-07T04:39:41Z" user="akashpuri" uid="23890431" lat="18.1505173" lon="74.5759489"/>
 <node id="13624324174" visible="true" version="1" changeset="179472416" timestamp="2026-03-07T04:39:41Z" user="akashpuri" uid="23890431" lat="18.1505494" lon="74.5761891"/>
 <node id="13624324175" visible="true" version="1" changeset="179472416" timestamp="2026-03-07T04:39:41Z" user="akashpuri" uid="23890431" lat="18.1505847" lon="74.5761926"/>
 <node id="13624324176" visible="true" version="1" changeset="179472416" timestamp="2026-03-07T04:39:41Z" user="akashpuri" uid="23890431" lat="18.1505293" lon="74.5762581"/>
 <node id="13624324177" visible="true" version="1" changeset="179472416" timestamp="2026-03-07T04:39:41Z" user="akashpuri" uid="23890431" lat="18.1503773" lon="74.5762741"/>
 <node id="13624324178" visible="true" version="1" changeset="179472416" timestamp="2026-03-07T04:39:41Z" user="akashpuri" uid="23890431" lat="18.1503928" lon="74.5762595"/>
 <node id="13624324179" visible="true" version="1" changeset="179472416" timestamp="2026-03-07T04:39:41Z" user="akashpuri" uid="23890431" lat="18.1504188" lon="74.5762554"/>
 <node id="13624324180" visible="true" version="1" changeset="179472416" timestamp="2026-03-07T04:39:41Z" user="akashpuri" uid="23890431" lat="18.1503790" lon="74.5759226"/>
 <node id="13624324373" visible="true" version="1" changeset="179471929" timestamp="2026-03-07T04:17:12Z" user="akashpuri" uid="23890431" lat="18.1500593" lon="74.5778832"/>
 <node id="13624324374" visible="true" version="1" changeset="179471929" timestamp="2026-03-07T04:17:12Z" user="akashpuri" uid="23890431" lat="18.1500514" lon="74.5779801"/>
 <node id="13624324375" visible="true" version="1" changeset="179471929" timestamp="2026-03-07T04:17:12Z" user="akashpuri" uid="23890431" lat="18.1500950" lon="74.5779841"/>
 <node id="13624324376" visible="true" version="1" changeset="179471929" timestamp="2026-03-07T04:17:12Z" user="akashpuri" uid="23890431" lat="18.1500921" lon="74.5780194"/>
 <node id="13624324377" visible="true" version="1" changeset="179471929" timestamp="2026-03-07T04:17:12Z" user="akashpuri" uid="23890431" lat="18.1500472" lon="74.5780292"/>
 <node id="13624324378" visible="true" version="1" changeset="179471929" timestamp="2026-03-07T04:17:12Z" user="akashpuri" uid="23890431" lat="18.1500574" lon="74.5780803"/>
 <node id="13624324379" visible="true" version="1" changeset="179471929" timestamp="2026-03-07T04:17:12Z" user="akashpuri" uid="23890431" lat="18.1500149" lon="74.5780742"/>
 <node id="13624324380" visible="true" version="1" changeset="179471929" timestamp="2026-03-07T04:17:12Z" user="akashpuri" uid="23890431" lat="18.1499994" lon="74.5780498"/>
 <node id="13624324381" visible="true" version="1" changeset="179471929" timestamp="2026-03-07T04:17:12Z" user="akashpuri" uid="23890431" lat="18.1499782" lon="74.5780478"/>
 <node id="13624324382" visible="true" version="1" changeset="179471929" timestamp="2026-03-07T04:17:12Z" user="akashpuri" uid="23890431" lat="18.1499612" lon="74.5780504"/>
 <node id="13624324383" visible="true" version="1" changeset="179471929" timestamp="2026-03-07T04:17:12Z" user="akashpuri" uid="23890431" lat="18.1499395" lon="74.5778913"/>
 <node id="13624324384" visible="true" version="1" changeset="179471929" timestamp="2026-03-07T04:17:12Z" user="akashpuri" uid="23890431" lat="18.1499653" lon="74.5778937"/>
 <node id="13624324385" visible="true" version="1" changeset="179471929" timestamp="2026-03-07T04:17:12Z" user="akashpuri" uid="23890431" lat="18.1499676" lon="74.5778661"/>
 <node id="13624324386" visible="true" version="1" changeset="179471929" timestamp="2026-03-07T04:17:12Z" user="akashpuri" uid="23890431" lat="18.1500208" lon="74.5778711"/>
 <node id="13624324387" visible="true" version="1" changeset="179471929" timestamp="2026-03-07T04:17:12Z" user="akashpuri" uid="23890431" lat="18.1500187" lon="74.5778954"/>
 <node id="13624326131" visible="true" version="1" changeset="179471801" timestamp="2026-03-07T04:12:19Z" user="akashpuri" uid="23890431" lat="18.1500841" lon="74.5773757"/>
 <node id="13624326132" visible="true" version="1" changeset="179471801" timestamp="2026-03-07T04:12:19Z" user="akashpuri" uid="23890431" lat="18.1500888" lon="74.5775462"/>
 <node id="13624326133" visible="true" version="1" changeset="179471801" timestamp="2026-03-07T04:12:19Z" user="akashpuri" uid="23890431" lat="18.1498530" lon="74.5775534"/>
 <node id="13624326134" visible="true" version="1" changeset="179471801" timestamp="2026-03-07T04:12:19Z" user="akashpuri" uid="23890431" lat="18.1498483" lon="74.5773830"/>
 <node id="13624326353" visible="true" version="1" changeset="179471852" timestamp="2026-03-07T04:14:23Z" user="akashpuri" uid="23890431" lat="18.1501946" lon="74.5777241"/>
 <node id="13624326354" visible="true" version="1" changeset="179471852" timestamp="2026-03-07T04:14:23Z" user="akashpuri" uid="23890431" lat="18.1502000" lon="74.5777964"/>
 <node id="13624326355" visible="true" version="1" changeset="179471852" timestamp="2026-03-07T04:14:23Z" user="akashpuri" uid="23890431" lat="18.1498424" lon="74.5778262"/>
 <node id="13624326356" visible="true" version="1" changeset="179471852" timestamp="2026-03-07T04:14:23Z" user="akashpuri" uid="23890431" lat="18.1498370" lon="74.5777538"/>
 <node id="13624336323" visible="true" version="1" changeset="179471833" timestamp="2026-03-07T04:13:36Z" user="akashpuri" uid="23890431" lat="18.1501659" lon="74.5776348"/>
 <node id="13624336324" visible="true" version="1" changeset="179471833" timestamp="2026-03-07T04:13:36Z" user="akashpuri" uid="23890431" lat="18.1501703" lon="74.5776957"/>
 <node id="13624336325" visible="true" version="1" changeset="179471833" timestamp="2026-03-07T04:13:36Z" user="akashpuri" uid="23890431" lat="18.1501169" lon="74.5777000"/>
 <node id="13624336326" visible="true" version="1" changeset="179471833" timestamp="2026-03-07T04:13:36Z" user="akashpuri" uid="23890431" lat="18.1501155" lon="74.5776813"/>
 <node id="13624336327" visible="true" version="1" changeset="179471833" timestamp="2026-03-07T04:13:36Z" user="akashpuri" uid="23890431" lat="18.1498299" lon="74.5777041"/>
 <node id="13624336328" visible="true" version="1" changeset="179471833" timestamp="2026-03-07T04:13:36Z" user="akashpuri" uid="23890431" lat="18.1498287" lon="74.5776869"/>
 <node id="13624336329" visible="true" version="1" changeset="179471833" timestamp="2026-03-07T04:13:36Z" user="akashpuri" uid="23890431" lat="18.1497995" lon="74.5776893"/>
 <node id="13624336330" visible="true" version="1" changeset="179471833" timestamp="2026-03-07T04:13:36Z" user="akashpuri" uid="23890431" lat="18.1497966" lon="74.5776494"/>
 <node id="13624336331" visible="true" version="1" changeset="179471833" timestamp="2026-03-07T04:13:36Z" user="akashpuri" uid="23890431" lat="18.1498121" lon="74.5776331"/>
 <node id="13624336332" visible="true" version="1" changeset="179471833" timestamp="2026-03-07T04:13:36Z" user="akashpuri" uid="23890431" lat="18.1498294" lon="74.5776514"/>
 <node id="13624336333" visible="true" version="1" changeset="179471833" timestamp="2026-03-07T04:13:36Z" user="akashpuri" uid="23890431" lat="18.1498758" lon="74.5776453"/>
 <node id="13624336334" visible="true" version="1" changeset="179471833" timestamp="2026-03-07T04:13:36Z" user="akashpuri" uid="23890431" lat="18.1498816" lon="74.5776311"/>
 <node id="13624336335" visible="true" version="1" changeset="179471833" timestamp="2026-03-07T04:13:36Z" user="akashpuri" uid="23890431" lat="18.1500825" lon="74.5776067"/>
 <node id="13624336336" visible="true" version="1" changeset="179471833" timestamp="2026-03-07T04:13:36Z" user="akashpuri" uid="23890431" lat="18.1501037" lon="74.5776250"/>
 <node id="13624336337" visible="true" version="1" changeset="179471833" timestamp="2026-03-07T04:13:36Z" user="akashpuri" uid="23890431" lat="18.1501246" lon="74.5776233"/>
 <node id="13624336338" visible="true" version="1" changeset="179471833" timestamp="2026-03-07T04:13:36Z" user="akashpuri" uid="23890431" lat="18.1501257" lon="74.5776381"/>
 <node id="13624338854" visible="true" version="1" changeset="179472463" timestamp="2026-03-07T04:41:35Z" user="akashpuri" uid="23890431" lat="18.1509942" lon="74.5753452"/>
 <node id="13624338855" visible="true" version="1" changeset="179472463" timestamp="2026-03-07T04:41:35Z" user="akashpuri" uid="23890431" lat="18.1511022" lon="74.5756792"/>
 <node id="13624338856" visible="true" version="1" changeset="179472463" timestamp="2026-03-07T04:41:35Z" user="akashpuri" uid="23890431" lat="18.1510005" lon="74.5757157"/>
 <node id="13624338857" visible="true" version="1" changeset="179472463" timestamp="2026-03-07T04:41:35Z" user="akashpuri" uid="23890431" lat="18.1510201" lon="74.5757763"/>
 <node id="13624338858" visible="true" version="1" changeset="179472463" timestamp="2026-03-07T04:41:35Z" user="akashpuri" uid="23890431" lat="18.1509516" lon="74.5758009"/>
 <node id="13624338859" visible="true" version="1" changeset="179472463" timestamp="2026-03-07T04:41:35Z" user="akashpuri" uid="23890431" lat="18.1509445" lon="74.5757790"/>
 <node id="13624338860" visible="true" version="1" changeset="179472463" timestamp="2026-03-07T04:41:35Z" user="akashpuri" uid="23890431" lat="18.1508400" lon="74.5758166"/>
 <node id="13624338861" visible="true" version="1" changeset="179472463" timestamp="2026-03-07T04:41:35Z" user="akashpuri" uid="23890431" lat="18.1507026" lon="74.5753937"/>
 <node id="13624338862" visible="true" version="1" changeset="179472463" timestamp="2026-03-07T04:41:35Z" user="akashpuri" uid="23890431" lat="18.1508723" lon="74.5753326"/>
 <node id="13624338863" visible="true" version="1" changeset="179472463" timestamp="2026-03-07T04:41:35Z" user="akashpuri" uid="23890431" lat="18.1509009" lon="74.5753786"/>
 <node id="13624338864" visible="true" version="1" changeset="179472533" timestamp="2026-03-07T04:44:59Z" user="akashpuri" uid="23890431" lat="18.1503991" lon="74.5746581"/>
 <node id="13624338865" visible="true" version="1" changeset="179472533" timestamp="2026-03-07T04:44:59Z" user="akashpuri" uid="23890431" lat="18.1504610" lon="74.5748883"/>
 <node id="13624338866" visible="true" version="1" changeset="179472533" timestamp="2026-03-07T04:44:59Z" user="akashpuri" uid="23890431" lat="18.1503628" lon="74.5749175"/>
 <node id="13624338867" visible="true" version="1" changeset="179472533" timestamp="2026-03-07T04:44:59Z" user="akashpuri" uid="23890431" lat="18.1503536" lon="74.5748832"/>
 <node id="13624338868" visible="true" version="1" changeset="179472533" timestamp="2026-03-07T04:44:59Z" user="akashpuri" uid="23890431" lat="18.1503333" lon="74.5748892"/>
 <node id="13624338869" visible="true" version="1" changeset="179472533" timestamp="2026-03-07T04:44:59Z" user="akashpuri" uid="23890431" lat="18.1502972" lon="74.5747548"/>
 <node id="13624338870" visible="true" version="1" changeset="179472533" timestamp="2026-03-07T04:44:59Z" user="akashpuri" uid="23890431" lat="18.1503146" lon="74.5747497"/>
 <node id="13624338871" visible="true" version="1" changeset="179472533" timestamp="2026-03-07T04:44:59Z" user="akashpuri" uid="23890431" lat="18.1502981" lon="74.5746881"/>
 <node id="13624338972" visible="true" version="1" changeset="179472770" timestamp="2026-03-07T04:55:16Z" user="akashpuri" uid="23890431" lat="18.1491537" lon="74.5747062"/>
 <node id="13624338973" visible="true" version="1" changeset="179472770" timestamp="2026-03-07T04:55:16Z" user="akashpuri" uid="23890431" lat="18.1491286" lon="74.5748124"/>
 <node id="13624338974" visible="true" version="1" changeset="179472770" timestamp="2026-03-07T04:55:16Z" user="akashpuri" uid="23890431" lat="18.1490572" lon="74.5747937"/>
 <node id="13624338975" visible="true" version="1" changeset="179472770" timestamp="2026-03-07T04:55:16Z" user="akashpuri" uid="23890431" lat="18.1490823" lon="74.5746876"/>
 <node id="13624340856" visible="true" version="1" changeset="179471986" timestamp="2026-03-07T04:19:15Z" user="akashpuri" uid="23890431" lat="18.1493024" lon="74.5764819"/>
 <node id="13624340857" visible="true" version="1" changeset="179471986" timestamp="2026-03-07T04:19:15Z" user="akashpuri" uid="23890431" lat="18.1493411" lon="74.5767012"/>
 <node id="13624340858" visible="true" version="1" changeset="179471986" timestamp="2026-03-07T04:19:15Z" user="akashpuri" uid="23890431" lat="18.1492488" lon="74.5767192"/>
 <node id="13624340859" visible="true" version="1" changeset="179471986" timestamp="2026-03-07T04:19:15Z" user="akashpuri" uid="23890431" lat="18.1492100" lon="74.5765000"/>
 <node id="13624344358" visible="true" version="1" changeset="179472563" timestamp="2026-03-07T04:46:24Z" user="akashpuri" uid="23890431" lat="18.1502717" lon="74.5747045"/>
 <node id="13624344359" visible="true" version="1" changeset="179472563" timestamp="2026-03-07T04:46:24Z" user="akashpuri" uid="23890431" lat="18.1502946" lon="74.5747794"/>
 <node id="13624344360" visible="true" version="1" changeset="179472563" timestamp="2026-03-07T04:46:24Z" user="akashpuri" uid="23890431" lat="18.1502647" lon="74.5747895"/>
 <node id="13624344361" visible="true" version="1" changeset="179472563" timestamp="2026-03-07T04:46:24Z" user="akashpuri" uid="23890431" lat="18.1502955" lon="74.5748902"/>
 <node id="13624344362" visible="true" version="1" changeset="179472563" timestamp="2026-03-07T04:46:24Z" user="akashpuri" uid="23890431" lat="18.1503405" lon="74.5748926"/>
 <node id="13624344363" visible="true" version="1" changeset="179472563" timestamp="2026-03-07T04:46:24Z" user="akashpuri" uid="23890431" lat="18.1503392" lon="74.5749185"/>
 <node id="13624344364" visible="true" version="1" changeset="179472563" timestamp="2026-03-07T04:46:24Z" user="akashpuri" uid="23890431" lat="18.1502209" lon="74.5749587"/>
 <node id="13624344365" visible="true" version="1" changeset="179472563" timestamp="2026-03-07T04:46:24Z" user="akashpuri" uid="23890431" lat="18.1501755" lon="74.5748104"/>
 <node id="13624344366" visible="true" version="1" changeset="179472563" timestamp="2026-03-07T04:46:24Z" user="akashpuri" uid="23890431" lat="18.1501992" lon="74.5748024"/>
 <node id="13624344367" visible="true" version="1" changeset="179472563" timestamp="2026-03-07T04:46:24Z" user="akashpuri" uid="23890431" lat="18.1501927" lon="74.5747813"/>
 <node id="13624344368" visible="true" version="1" changeset="179472563" timestamp="2026-03-07T04:46:24Z" user="akashpuri" uid="23890431" lat="18.1502457" lon="74.5747633"/>
 <node id="13624344369" visible="true" version="1" changeset="179472563" timestamp="2026-03-07T04:46:24Z" user="akashpuri" uid="23890431" lat="18.1502318" lon="74.5747180"/>
 <node id="13624344788" visible="true" version="1" changeset="179472085" timestamp="2026-03-07T04:23:44Z" user="akashpuri" uid="23890431" lat="18.1489547" lon="74.5754922"/>
 <node id="13624344789" visible="true" version="1" changeset="179472085" timestamp="2026-03-07T04:23:44Z" user="akashpuri" uid="23890431" lat="18.1489442" lon="74.5755825"/>
 <node id="13624344790" visible="true" version="1" changeset="179472085" timestamp="2026-03-07T04:23:44Z" user="akashpuri" uid="23890431" lat="18.1487239" lon="74.5755542"/>
 <node id="13624344791" visible="true" version="1" changeset="179472085" timestamp="2026-03-07T04:23:44Z" user="akashpuri" uid="23890431" lat="18.1487344" lon="74.5754638"/>
 <node id="13624349051" visible="true" version="1" changeset="179472718" timestamp="2026-03-07T04:52:58Z" user="akashpuri" uid="23890431" lat="18.1489708" lon="74.5748252"/>
 <node id="13624349052" visible="true" version="1" changeset="179472718" timestamp="2026-03-07T04:52:58Z" user="akashpuri" uid="23890431" lat="18.1488294" lon="74.5747855"/>
 <node id="13624349053" visible="true" version="1" changeset="179472718" timestamp="2026-03-07T04:52:58Z" user="akashpuri" uid="23890431" lat="18.1488744" lon="74.5746080"/>
 <node id="13624349054" visible="true" version="1" changeset="179472718" timestamp="2026-03-07T04:52:58Z" user="akashpuri" uid="23890431" lat="18.1490256" lon="74.5746505"/>
 <node id="13624349055" visible="true" version="1" changeset="179472718" timestamp="2026-03-07T04:52:58Z" user="akashpuri" uid="23890431" lat="18.1490074" lon="74.5747221"/>
 <node id="13624349056" visible="true" version="1" changeset="179472718" timestamp="2026-03-07T04:52:58Z" user="akashpuri" uid="23890431" lat="18.1489570" lon="74.5747221"/>
 <node id="13624349057" visible="true" version="1" changeset="179472718" timestamp="2026-03-07T04:52:58Z" user="akashpuri" uid="23890431" lat="18.1489503" lon="74.5747483"/>
 <node id="13624349058" visible="true" version="1" changeset="179472718" timestamp="2026-03-07T04:52:58Z" user="akashpuri" uid="23890431" lat="18.1489877" lon="74.5747588"/>
 <node id="13624349601" visible="true" version="1" changeset="179472161" timestamp="2026-03-07T04:27:13Z" user="akashpuri" uid="23890431" lat="18.1489439" lon="74.5752479"/>
 <node id="13624349602" visible="true" version="1" changeset="179472161" timestamp="2026-03-07T04:27:13Z" user="akashpuri" uid="23890431" lat="18.1488488" lon="74.5752210"/>
 <node id="13624349603" visible="true" version="1" changeset="179472161" timestamp="2026-03-07T04:27:13Z" user="akashpuri" uid="23890431" lat="18.1488529" lon="74.5752049"/>
 <node id="13624349608" visible="true" version="1" changeset="179472222" timestamp="2026-03-07T04:29:57Z" user="akashpuri" uid="23890431" lat="18.1493157" lon="74.5750689"/>
 <node id="13624349609" visible="true" version="1" changeset="179472222" timestamp="2026-03-07T04:29:57Z" user="akashpuri" uid="23890431" lat="18.1492649" lon="74.5752508"/>
 <node id="13624349610" visible="true" version="1" changeset="179472222" timestamp="2026-03-07T04:29:57Z" user="akashpuri" uid="23890431" lat="18.1491675" lon="74.5752207"/>
 <node id="13624349611" visible="true" version="1" changeset="179472222" timestamp="2026-03-07T04:29:57Z" user="akashpuri" uid="23890431" lat="18.1492184" lon="74.5750388"/>
 <node id="13624351560" visible="true" version="1" changeset="179473184" timestamp="2026-03-07T05:17:22Z" user="akashpuri" uid="23890431" lat="18.1472311" lon="74.5744584"/>
 <node id="13624351561" visible="true" version="1" changeset="179473184" timestamp="2026-03-07T05:17:22Z" user="akashpuri" uid="23890431" lat="18.1472254" lon="74.5745006"/>
 <node id="13624351562" visible="true" version="1" changeset="179473184" timestamp="2026-03-07T05:17:22Z" user="akashpuri" uid="23890431" lat="18.1472447" lon="74.5745035"/>
 <node id="13624351563" visible="true" version="1" changeset="179473184" timestamp="2026-03-07T05:17:22Z" user="akashpuri" uid="23890431" lat="18.1472178" lon="74.5747008"/>
 <node id="13624351564" visible="true" version="1" changeset="179473184" timestamp="2026-03-07T05:17:22Z" user="akashpuri" uid="23890431" lat="18.1471034" lon="74.5746835"/>
 <node id="13624351565" visible="true" version="1" changeset="179473184" timestamp="2026-03-07T05:17:22Z" user="akashpuri" uid="23890431" lat="18.1471360" lon="74.5744440"/>
 <node id="13624351929" visible="true" version="1" changeset="179472285" timestamp="2026-03-07T04:32:30Z" user="akashpuri" uid="23890431" lat="18.1494563" lon="74.5750973"/>
 <node id="13624351930" visible="true" version="1" changeset="179472285" timestamp="2026-03-07T04:32:30Z" user="akashpuri" uid="23890431" lat="18.1493961" lon="74.5752971"/>
 <node id="13624351931" visible="true" version="1" changeset="179472285" timestamp="2026-03-07T04:32:30Z" user="akashpuri" uid="23890431" lat="18.1493244" lon="74.5753049"/>
 <node id="13624351932" visible="true" version="1" changeset="179472285" timestamp="2026-03-07T04:32:30Z" user="akashpuri" uid="23890431" lat="18.1492785" lon="74.5752632"/>
 <node id="13624351933" visible="true" version="1" changeset="179472285" timestamp="2026-03-07T04:32:30Z" user="akashpuri" uid="23890431" lat="18.1493403" lon="74.5750585"/>
 <node id="13624351934" visible="true" version="1" changeset="179472285" timestamp="2026-03-07T04:32:30Z" user="akashpuri" uid="23890431" lat="18.1493255" lon="74.5753165"/>
 <node id="13624352229" visible="true" version="1" changeset="179472311" timestamp="2026-03-07T04:33:40Z" user="akashpuri" uid="23890431" lat="18.1495934" lon="74.5751867"/>
 <node id="13624352230" visible="true" version="1" changeset="179472311" timestamp="2026-03-07T04:33:40Z" user="akashpuri" uid="23890431" lat="18.1495769" lon="74.5752586"/>
 <node id="13624352231" visible="true" version="1" changeset="179472311" timestamp="2026-03-07T04:33:40Z" user="akashpuri" uid="23890431" lat="18.1495603" lon="74.5752924"/>
 <node id="13624352232" visible="true" version="1" changeset="179472311" timestamp="2026-03-07T04:33:40Z" user="akashpuri" uid="23890431" lat="18.1494296" lon="74.5752591"/>
 <node id="13624352233" visible="true" version="1" changeset="179472311" timestamp="2026-03-07T04:33:40Z" user="akashpuri" uid="23890431" lat="18.1494624" lon="74.5751166"/>
 <node id="13624352234" visible="true" version="1" changeset="179472311" timestamp="2026-03-07T04:33:40Z" user="akashpuri" uid="23890431" lat="18.1495224" lon="74.5751319"/>
 <node id="13624352235" visible="true" version="1" changeset="179472311" timestamp="2026-03-07T04:33:40Z" user="akashpuri" uid="23890431" lat="18.1495144" lon="74.5751666"/>
 <node id="13624353260" visible="true" version="1" changeset="179472803" timestamp="2026-03-07T04:57:17Z" user="akashpuri" uid="23890431" lat="18.1488940" lon="74.5743905"/>
 <node id="13624353261" visible="true" version="1" changeset="179472803" timestamp="2026-03-07T04:57:17Z" user="akashpuri" uid="23890431" lat="18.1488785" lon="74.5744636"/>
 <node id="13624353262" visible="true" version="1" changeset="179472803" timestamp="2026-03-07T04:57:17Z" user="akashpuri" uid="23890431" lat="18.1487970" lon="74.5744445"/>
 <node id="13624353263" visible="true" version="1" changeset="179472803" timestamp="2026-03-07T04:57:17Z" user="akashpuri" uid="23890431" lat="18.1487779" lon="74.5745352"/>
 <node id="13624353264" visible="true" version="1" changeset="179472803" timestamp="2026-03-07T04:57:17Z" user="akashpuri" uid="23890431" lat="18.1487058" lon="74.5745184"/>
 <node id="13624353265" visible="true" version="1" changeset="179472803" timestamp="2026-03-07T04:57:17Z" user="akashpuri" uid="23890431" lat="18.1487405" lon="74.5743545"/>
 <node id="13624358710" visible="true" version="1" changeset="179472376" timestamp="2026-03-07T04:37:21Z" user="akashpuri" uid="23890431" lat="18.1501421" lon="74.5755225"/>
 <node id="13624358711" visible="true" version="1" changeset="179472376" timestamp="2026-03-07T04:37:21Z" user="akashpuri" uid="23890431" lat="18.1500922" lon="74.5755442"/>
 <node id="13624358712" visible="true" version="1" changeset="179472376" timestamp="2026-03-07T04:37:21Z" user="akashpuri" uid="23890431" lat="18.1501131" lon="74.5755977"/>
 <node id="13624358713" visible="true" version="1" changeset="179472376" timestamp="2026-03-07T04:37:21Z" user="akashpuri" uid="23890431" lat="18.1500703" lon="74.5756163"/>
 <node id="13624358714" visible="true" version="1" changeset="179472376" timestamp="2026-03-07T04:37:21Z" user="akashpuri" uid="23890431" lat="18.1500716" lon="74.5756673"/>
 <node id="13624358715" visible="true" version="1" changeset="179472376" timestamp="2026-03-07T04:37:21Z" user="akashpuri" uid="23890431" lat="18.1501014" lon="74.5756526"/>
 <node id="13624358716" visible="true" version="1" changeset="179472376" timestamp="2026-03-07T04:37:21Z" user="akashpuri" uid="23890431" lat="18.1501397" lon="74.5757389"/>
 <node id="13624358717" visible="true" version="1" changeset="179472376" timestamp="2026-03-07T04:37:21Z" user="akashpuri" uid="23890431" lat="18.1501122" lon="74.5757525"/>
 <node id="13624358718" visible="true" version="1" changeset="179472376" timestamp="2026-03-07T04:37:21Z" user="akashpuri" uid="23890431" lat="18.1501355" lon="74.5758049"/>
 <node id="13624358719" visible="true" version="1" changeset="179472376" timestamp="2026-03-07T04:37:21Z" user="akashpuri" uid="23890431" lat="18.1501850" lon="74.5757805"/>
 <node id="13624358720" visible="true" version="1" changeset="179472376" timestamp="2026-03-07T04:37:21Z" user="akashpuri" uid="23890431" lat="18.1502526" lon="74.5759328"/>
 <node id="13624358721" visible="true" version="1" changeset="179472376" timestamp="2026-03-07T04:37:21Z" user="akashpuri" uid="23890431" lat="18.1503010" lon="74.5759274"/>
 <node id="13624360205" visible="true" version="1" changeset="179472499" timestamp="2026-03-07T04:43:31Z" user="akashpuri" uid="23890431" lat="18.1509982" lon="74.5749660"/>
 <node id="13624360206" visible="true" version="1" changeset="179472499" timestamp="2026-03-07T04:43:31Z" user="akashpuri" uid="23890431" lat="18.1510516" lon="74.5752137"/>
 <node id="13624360207" visible="true" version="1" changeset="179472499" timestamp="2026-03-07T04:43:31Z" user="akashpuri" uid="23890431" lat="18.1506823" lon="74.5753018"/>
 <node id="13624360208" visible="true" version="1" changeset="179472499" timestamp="2026-03-07T04:43:31Z" user="akashpuri" uid="23890431" lat="18.1506289" lon="74.5750540"/>
 <node id="13624360213" visible="true" version="1" changeset="179472596" timestamp="2026-03-07T04:47:45Z" user="akashpuri" uid="23890431" lat="18.1503237" lon="74.5744256"/>
 <node id="13624360214" visible="true" version="1" changeset="179472596" timestamp="2026-03-07T04:47:45Z" user="akashpuri" uid="23890431" lat="18.1503850" lon="74.5746138"/>
 <node id="13624360215" visible="true" version="1" changeset="179472596" timestamp="2026-03-07T04:47:45Z" user="akashpuri" uid="23890431" lat="18.1503482" lon="74.5746271"/>
 <node id="13624360216" visible="true" version="1" changeset="179472596" timestamp="2026-03-07T04:47:45Z" user="akashpuri" uid="23890431" lat="18.1502869" lon="74.5744389"/>
 <node id="13624360280" visible="true" version="1" changeset="179472824" timestamp="2026-03-07T04:58:17Z" user="akashpuri" uid="23890431" lat="18.1485642" lon="74.5749147"/>
 <node id="13624360281" visible="true" version="1" changeset="179472824" timestamp="2026-03-07T04:58:17Z" user="akashpuri" uid="23890431" lat="18.1485128" lon="74.5750979"/>
 <node id="13624360282" visible="true" version="1" changeset="179472824" timestamp="2026-03-07T04:58:17Z" user="akashpuri" uid="23890431" lat="18.1484107" lon="74.5750663"/>
 <node id="13624360283" visible="true" version="1" changeset="179472824" timestamp="2026-03-07T04:58:17Z" user="akashpuri" uid="23890431" lat="18.1484620" lon="74.5748830"/>
 <node id="13624362801" visible="true" version="1" changeset="179472489" timestamp="2026-03-07T04:42:42Z" user="akashpuri" uid="23890431" lat="18.1505958" lon="74.5750675"/>
 <node id="13624362802" visible="true" version="1" changeset="179472489" timestamp="2026-03-07T04:42:42Z" user="akashpuri" uid="23890431" lat="18.1506198" lon="74.5751317"/>
 <node id="13624362803" visible="true" version="1" changeset="179472489" timestamp="2026-03-07T04:42:42Z" user="akashpuri" uid="23890431" lat="18.1505127" lon="74.5751759"/>
 <node id="13624362804" visible="true" version="1" changeset="179472489" timestamp="2026-03-07T04:42:42Z" user="akashpuri" uid="23890431" lat="18.1505244" lon="74.5752071"/>
 <node id="13624362805" visible="true" version="1" changeset="179472489" timestamp="2026-03-07T04:42:42Z" user="akashpuri" uid="23890431" lat="18.1503835" lon="74.5752653"/>
 <node id="13624362806" visible="true" version="1" changeset="179472489" timestamp="2026-03-07T04:42:42Z" user="akashpuri" uid="23890431" lat="18.1503621" lon="74.5752079"/>
 <node id="13624362807" visible="true" version="1" changeset="179472489" timestamp="2026-03-07T04:42:42Z" user="akashpuri" uid="23890431" lat="18.1503048" lon="74.5752315"/>
 <node id="13624362808" visible="true" version="1" changeset="179472489" timestamp="2026-03-07T04:42:42Z" user="akashpuri" uid="23890431" lat="18.1502907" lon="74.5751936"/>
 <node id="13624363468" visible="true" version="1" changeset="179473089" timestamp="2026-03-07T05:13:40Z" user="akashpuri" uid="23890431" lat="18.1478641" lon="74.5747097"/>
 <node id="13624363469" visible="true" version="1" changeset="179473089" timestamp="2026-03-07T05:13:40Z" user="akashpuri" uid="23890431" lat="18.1478180" lon="74.5748969"/>
 <node id="13624363470" visible="true" version="1" changeset="179473089" timestamp="2026-03-07T05:13:40Z" user="akashpuri" uid="23890431" lat="18.1477304" lon="74.5748730"/>
 <node id="13624363471" visible="true" version="1" changeset="179473089" timestamp="2026-03-07T05:13:40Z" user="akashpuri" uid="23890431" lat="18.1477766" lon="74.5746857"/>
 <node id="13624363472" visible="true" version="1" changeset="179473114" timestamp="2026-03-07T05:14:35Z" user="akashpuri" uid="23890431" lat="18.1477632" lon="74.5746687"/>
 <node id="13624363473" visible="true" version="1" changeset="179473114" timestamp="2026-03-07T05:14:35Z" user="akashpuri" uid="23890431" lat="18.1477237" lon="74.5748388"/>
 <node id="13624363474" visible="true" version="1" changeset="179473114" timestamp="2026-03-07T05:14:35Z" user="akashpuri" uid="23890431" lat="18.1477037" lon="74.5748336"/>
 <node id="13624363475" visible="true" version="1" changeset="179473114" timestamp="2026-03-07T05:14:35Z" user="akashpuri" uid="23890431" lat="18.1476975" lon="74.5748601"/>
 <node id="13624363476" visible="true" version="1" changeset="179473114" timestamp="2026-03-07T05:14:35Z" user="akashpuri" uid="23890431" lat="18.1476841" lon="74.5748619"/>
 <node id="13624363477" visible="true" version="1" changeset="179473114" timestamp="2026-03-07T05:14:35Z" user="akashpuri" uid="23890431" lat="18.1476788" lon="74.5748845"/>
 <node id="13624363478" visible="true" version="1" changeset="179473114" timestamp="2026-03-07T05:14:35Z" user="akashpuri" uid="23890431" lat="18.1475923" lon="74.5748622"/>
 <node id="13624363479" visible="true" version="1" changeset="179473114" timestamp="2026-03-07T05:14:35Z" user="akashpuri" uid="23890431" lat="18.1476444" lon="74.5746381"/>
 <node id="13624363480" visible="true" version="1" changeset="179473131" timestamp="2026-03-07T05:15:24Z" user="akashpuri" uid="23890431" lat="18.1475316" lon="74.5745855"/>
 <node id="13624363481" visible="true" version="1" changeset="179473131" timestamp="2026-03-07T05:15:24Z" user="akashpuri" uid="23890431" lat="18.1474865" lon="74.5747745"/>
 <node id="13624363482" visible="true" version="1" changeset="179473131" timestamp="2026-03-07T05:15:24Z" user="akashpuri" uid="23890431" lat="18.1473856" lon="74.5747478"/>
 <node id="13624363483" visible="true" version="1" changeset="179473131" timestamp="2026-03-07T05:15:24Z" user="akashpuri" uid="23890431" lat="18.1474308" lon="74.5745589"/>
 <node id="13624379775" visible="true" version="1" changeset="179473150" timestamp="2026-03-07T05:16:16Z" user="akashpuri" uid="23890431" lat="18.1474126" lon="74.5745101"/>
 <node id="13624379776" visible="true" version="1" changeset="179473150" timestamp="2026-03-07T05:16:16Z" user="akashpuri" uid="23890431" lat="18.1473700" lon="74.5747101"/>
 <node id="13624379777" visible="true" version="1" changeset="179473150" timestamp="2026-03-07T05:16:16Z" user="akashpuri" uid="23890431" lat="18.1472567" lon="74.5746834"/>
 <node id="13624379778" visible="true" version="1" changeset="179473150" timestamp="2026-03-07T05:16:16Z" user="akashpuri" uid="23890431" lat="18.1472993" lon="74.5744833"/>
 <node id="13624388603" visible="true" version="1" changeset="179472654" timestamp="2026-03-07T04:50:13Z" user="akashpuri" uid="23890431" lat="18.1502893" lon="74.5744699"/>
 <node id="13624388604" visible="true" version="1" changeset="179472654" timestamp="2026-03-07T04:50:13Z" user="akashpuri" uid="23890431" lat="18.1503390" lon="74.5746490"/>
 <node id="13624388605" visible="true" version="1" changeset="179472654" timestamp="2026-03-07T04:50:13Z" user="akashpuri" uid="23890431" lat="18.1502466" lon="74.5746774"/>
 <node id="13624388606" visible="true" version="1" changeset="179472654" timestamp="2026-03-07T04:50:13Z" user="akashpuri" uid="23890431" lat="18.1502370" lon="74.5746430"/>
 <node id="13624388607" visible="true" version="1" changeset="179472654" timestamp="2026-03-07T04:50:13Z" user="akashpuri" uid="23890431" lat="18.1501966" lon="74.5746554"/>
 <node id="13624388608" visible="true" version="1" changeset="179472654" timestamp="2026-03-07T04:50:13Z" user="akashpuri" uid="23890431" lat="18.1501859" lon="74.5746168"/>
 <node id="13624388609" visible="true" version="1" changeset="179472654" timestamp="2026-03-07T04:50:13Z" user="akashpuri" uid="23890431" lat="18.1500974" lon="74.5746439"/>
 <node id="13624388610" visible="true" version="1" changeset="179472654" timestamp="2026-03-07T04:50:13Z" user="akashpuri" uid="23890431" lat="18.1501085" lon="74.5746840"/>
 <node id="13624388611" visible="true" version="1" changeset="179472654" timestamp="2026-03-07T04:50:13Z" user="akashpuri" uid="23890431" lat="18.1500619" lon="74.5746983"/>
 <node id="13624388612" visible="true" version="1" changeset="179472654" timestamp="2026-03-07T04:50:13Z" user="akashpuri" uid="23890431" lat="18.1500223" lon="74.5745555"/>
 <node id="13624388613" visible="true" version="1" changeset="179472654" timestamp="2026-03-07T04:50:13Z" user="akashpuri" uid="23890431" lat="18.1501165" lon="74.5745266"/>
 <node id="13624388614" visible="true" version="1" changeset="179472654" timestamp="2026-03-07T04:50:13Z" user="akashpuri" uid="23890431" lat="18.1501327" lon="74.5745851"/>
 <node id="13624388615" visible="true" version="1" changeset="179472654" timestamp="2026-03-07T04:50:13Z" user="akashpuri" uid="23890431" lat="18.1501628" lon="74.5745758"/>
 <node id="13624388616" visible="true" version="1" changeset="179472654" timestamp="2026-03-07T04:50:13Z" user="akashpuri" uid="23890431" lat="18.1501456" lon="74.5745140"/>
 <node id="13624389168" visible="true" version="1" changeset="179473050" timestamp="2026-03-07T05:11:56Z" user="akashpuri" uid="23890431" lat="18.1481182" lon="74.5747582"/>
 <node id="13624389169" visible="true" version="1" changeset="179473050" timestamp="2026-03-07T05:11:56Z" user="akashpuri" uid="23890431" lat="18.1480562" lon="74.5749633"/>
 <node id="13624389170" visible="true" version="1" changeset="179473050" timestamp="2026-03-07T05:11:56Z" user="akashpuri" uid="23890431" lat="18.1479102" lon="74.5749145"/>
 <node id="13624389171" visible="true" version="1" changeset="179473050" timestamp="2026-03-07T05:11:56Z" user="akashpuri" uid="23890431" lat="18.1479331" lon="74.5748389"/>
 <node id="13624389172" visible="true" version="1" changeset="179473050" timestamp="2026-03-07T05:11:56Z" user="akashpuri" uid="23890431" lat="18.1480280" lon="74.5748707"/>
 <node id="13624389173" visible="true" version="1" changeset="179473050" timestamp="2026-03-07T05:11:56Z" user="akashpuri" uid="23890431" lat="18.1480507" lon="74.5747955"/>
 <node id="13624389174" visible="true" version="1" changeset="179473050" timestamp="2026-03-07T05:11:56Z" user="akashpuri" uid="23890431" lat="18.1479429" lon="74.5747594"/>
 <node id="13624389175" visible="true" version="1" changeset="179473050" timestamp="2026-03-07T05:11:56Z" user="akashpuri" uid="23890431" lat="18.1479594" lon="74.5747051"/>
 <node id="13624406601" visible="true" version="1" changeset="179472683" timestamp="2026-03-07T04:51:34Z" user="akashpuri" uid="23890431" lat="18.1493808" lon="74.5746336"/>
 <node id="13624406602" visible="true" version="1" changeset="179472683" timestamp="2026-03-07T04:51:34Z" user="akashpuri" uid="23890431" lat="18.1494050" lon="74.5746464"/>
 <node id="13624406603" visible="true" version="1" changeset="179472683" timestamp="2026-03-07T04:51:34Z" user="akashpuri" uid="23890431" lat="18.1493875" lon="74.5746832"/>
 <node id="13624406604" visible="true" version="1" changeset="179472683" timestamp="2026-03-07T04:51:34Z" user="akashpuri" uid="23890431" lat="18.1494144" lon="74.5746849"/>
 <node id="13624406605" visible="true" version="1" changeset="179472683" timestamp="2026-03-07T04:51:34Z" user="akashpuri" uid="23890431" lat="18.1493975" lon="74.5747155"/>
 <node id="13624406606" visible="true" version="1" changeset="179472683" timestamp="2026-03-07T04:51:34Z" user="akashpuri" uid="23890431" lat="18.1494430" lon="74.5747433"/>
 <node id="13624420865" visible="true" version="1" changeset="179473033" timestamp="2026-03-07T05:11:08Z" user="akashpuri" uid="23890431" lat="18.1482121" lon="74.5748044"/>
 <node id="13624420866" visible="true" version="1" changeset="179473033" timestamp="2026-03-07T05:11:08Z" user="akashpuri" uid="23890431" lat="18.1481628" lon="74.5749718"/>
 <node id="13624420867" visible="true" version="1" changeset="179473033" timestamp="2026-03-07T05:11:08Z" user="akashpuri" uid="23890431" lat="18.1480858" lon="74.5749467"/>
 <node id="13624420868" visible="true" version="1" changeset="179473033" timestamp="2026-03-07T05:11:08Z" user="akashpuri" uid="23890431" lat="18.1481350" lon="74.5747792"/>
 <node id="13624423100" visible="true" version="1" changeset="179473351" timestamp="2026-03-07T05:25:29Z" user="akashpuri" uid="23890431" lat="18.1452575" lon="74.5752087"/>
 <node id="13624427017" visible="true" version="1" changeset="179472844" timestamp="2026-03-07T04:59:24Z" user="akashpuri" uid="23890431" lat="18.1484500" lon="74.5748659"/>
 <node id="13624427018" visible="true" version="1" changeset="179472844" timestamp="2026-03-07T04:59:24Z" user="akashpuri" uid="23890431" lat="18.1483945" lon="74.5750505"/>
 <node id="13624427019" visible="true" version="1" changeset="179472844" timestamp="2026-03-07T04:59:24Z" user="akashpuri" uid="23890431" lat="18.1483018" lon="74.5750196"/>
 <node id="13624427020" visible="true" version="1" changeset="179472844" timestamp="2026-03-07T04:59:24Z" user="akashpuri" uid="23890431" lat="18.1483573" lon="74.5748350"/>
 <node id="13624433765" visible="true" version="1" changeset="179472789" timestamp="2026-03-07T04:56:21Z" user="akashpuri" uid="23890431" lat="18.1488189" lon="74.5746204"/>
 <node id="13624433766" visible="true" version="1" changeset="179472789" timestamp="2026-03-07T04:56:21Z" user="akashpuri" uid="23890431" lat="18.1488060" lon="74.5746628"/>
 <node id="13624433767" visible="true" version="1" changeset="179472789" timestamp="2026-03-07T04:56:21Z" user="akashpuri" uid="23890431" lat="18.1488375" lon="74.5746734"/>
 <node id="13624433768" visible="true" version="1" changeset="179472789" timestamp="2026-03-07T04:56:21Z" user="akashpuri" uid="23890431" lat="18.1488183" lon="74.5747368"/>
 <node id="13624433769" visible="true" version="1" changeset="179472789" timestamp="2026-03-07T04:56:21Z" user="akashpuri" uid="23890431" lat="18.1487067" lon="74.5746992"/>
 <node id="13624433770" visible="true" version="1" changeset="179472789" timestamp="2026-03-07T04:56:21Z" user="akashpuri" uid="23890431" lat="18.1487388" lon="74.5745935"/>
 <node id="13624437353" visible="true" version="1" changeset="179473071" timestamp="2026-03-07T05:12:50Z" user="akashpuri" uid="23890431" lat="18.1479376" lon="74.5747144"/>
 <node id="13624437354" visible="true" version="1" changeset="179473071" timestamp="2026-03-07T05:12:50Z" user="akashpuri" uid="23890431" lat="18.1478850" lon="74.5748990"/>
 <node id="13624437355" visible="true" version="1" changeset="179473071" timestamp="2026-03-07T05:12:50Z" user="akashpuri" uid="23890431" lat="18.1478281" lon="74.5748810"/>
 <node id="13624437356" visible="true" version="1" changeset="179473071" timestamp="2026-03-07T05:12:50Z" user="akashpuri" uid="23890431" lat="18.1478807" lon="74.5746965"/>
 <node id="13624444103" visible="true" version="1" changeset="179473016" timestamp="2026-03-07T05:10:14Z" user="akashpuri" uid="23890431" lat="18.1483314" lon="74.5748258"/>
 <node id="13624444104" visible="true" version="1" changeset="179473016" timestamp="2026-03-07T05:10:14Z" user="akashpuri" uid="23890431" lat="18.1482853" lon="74.5750087"/>
 <node id="13624444105" visible="true" version="1" changeset="179473016" timestamp="2026-03-07T05:10:14Z" user="akashpuri" uid="23890431" lat="18.1481894" lon="74.5749820"/>
 <node id="13624444106" visible="true" version="1" changeset="179473016" timestamp="2026-03-07T05:10:14Z" user="akashpuri" uid="23890431" lat="18.1482354" lon="74.5747991"/>
 <node id="13624446110" visible="true" version="1" changeset="179473203" timestamp="2026-03-07T05:18:29Z" user="akashpuri" uid="23890431" lat="18.1470156" lon="74.5744472"/>
 <node id="13624446111" visible="true" version="1" changeset="179473203" timestamp="2026-03-07T05:18:29Z" user="akashpuri" uid="23890431" lat="18.1469563" lon="74.5747962"/>
 <node id="13624446112" visible="true" version="1" changeset="179473203" timestamp="2026-03-07T05:18:29Z" user="akashpuri" uid="23890431" lat="18.1467932" lon="74.5747655"/>
 <node id="13624446113" visible="true" version="1" changeset="179473203" timestamp="2026-03-07T05:18:29Z" user="akashpuri" uid="23890431" lat="18.1468114" lon="74.5746584"/>
 <node id="13624446114" visible="true" version="1" changeset="179473203" timestamp="2026-03-07T05:18:29Z" user="akashpuri" uid="23890431" lat="18.1467650" lon="74.5746497"/>
 <node id="13624446115" visible="true" version="1" changeset="179473203" timestamp="2026-03-07T05:18:29Z" user="akashpuri" uid="23890431" lat="18.1468061" lon="74.5744078"/>
 <node id="13624446332" visible="true" version="1" changeset="179473375" timestamp="2026-03-07T05:26:33Z" user="akashpuri" uid="23890431" lat="18.1448414" lon="74.5753884"/>
 <node id="13624446333" visible="true" version="1" changeset="179473375" timestamp="2026-03-07T05:26:33Z" user="akashpuri" uid="23890431" lat="18.1448363" lon="74.5755385"/>
 <node id="13624446334" visible="true" version="1" changeset="179473375" timestamp="2026-03-07T05:26:33Z" user="akashpuri" uid="23890431" lat="18.1448672" lon="74.5755397"/>
 <node id="13624446335" visible="true" version="1" changeset="179473375" timestamp="2026-03-07T05:26:33Z" user="akashpuri" uid="23890431" lat="18.1448658" lon="74.5755803"/>
 <node id="13624446336" visible="true" version="1" changeset="179473375" timestamp="2026-03-07T05:26:33Z" user="akashpuri" uid="23890431" lat="18.1448514" lon="74.5755798"/>
 <node id="13624446337" visible="true" version="1" changeset="179473375" timestamp="2026-03-07T05:26:33Z" user="akashpuri" uid="23890431" lat="18.1448496" lon="74.5756325"/>
 <node id="13624446338" visible="true" version="1" changeset="179473375" timestamp="2026-03-07T05:26:33Z" user="akashpuri" uid="23890431" lat="18.1444765" lon="74.5756186"/>
 <node id="13624446339" visible="true" version="1" changeset="179473375" timestamp="2026-03-07T05:26:33Z" user="akashpuri" uid="23890431" lat="18.1444847" lon="74.5753750"/>
 <node id="13624446340" visible="true" version="1" changeset="179473400" timestamp="2026-03-07T05:27:42Z" user="akashpuri" uid="23890431" lat="18.1448584" lon="74.5757435"/>
 <node id="13624446341" visible="true" version="1" changeset="179473400" timestamp="2026-03-07T05:27:42Z" user="akashpuri" uid="23890431" lat="18.1448599" lon="74.5759015"/>
 <node id="13624446342" visible="true" version="1" changeset="179473400" timestamp="2026-03-07T05:27:42Z" user="akashpuri" uid="23890431" lat="18.1448904" lon="74.5759012"/>
 <node id="13624446343" visible="true" version="1" changeset="179473400" timestamp="2026-03-07T05:27:42Z" user="akashpuri" uid="23890431" lat="18.1448914" lon="74.5760072"/>
 <node id="13624446344" visible="true" version="1" changeset="179473400" timestamp="2026-03-07T05:27:42Z" user="akashpuri" uid="23890431" lat="18.1446471" lon="74.5760097"/>
 <node id="13624446345" visible="true" version="1" changeset="179473400" timestamp="2026-03-07T05:27:42Z" user="akashpuri" uid="23890431" lat="18.1446446" lon="74.5757457"/>
 <node id="13624447047" visible="true" version="1" changeset="179473970" timestamp="2026-03-07T05:48:29Z" user="akashpuri" uid="23890431" lat="18.1454965" lon="74.5735322"/>
 <node id="13624447048" visible="true" version="1" changeset="179473970" timestamp="2026-03-07T05:48:29Z" user="akashpuri" uid="23890431" lat="18.1455641" lon="74.5741193"/>
 <node id="13624447049" visible="true" version="1" changeset="179473970" timestamp="2026-03-07T05:48:29Z" user="akashpuri" uid="23890431" lat="18.1451980" lon="74.5741660"/>
 <node id="13624447050" visible="true" version="1" changeset="179473970" timestamp="2026-03-07T05:48:29Z" user="akashpuri" uid="23890431" lat="18.1448518" lon="74.5741146"/>
 <node id="13624447051" visible="true" version="1" changeset="179473970" timestamp="2026-03-07T05:48:29Z" user="akashpuri" uid="23890431" lat="18.1447950" lon="74.5736217"/>
 <node id="13624458710" visible="true" version="2" changeset="179473269" timestamp="2026-03-07T05:21:23Z" user="akashpuri" uid="23890431" lat="18.1461101" lon="74.5752742"/>
 <node id="13624458711" visible="true" version="2" changeset="179473269" timestamp="2026-03-07T05:21:23Z" user="akashpuri" uid="23890431" lat="18.1461522" lon="74.5754158"/>
 <node id="13624458712" visible="true" version="2" changeset="179473269" timestamp="2026-03-07T05:21:23Z" user="akashpuri" uid="23890431" lat="18.1461807" lon="74.5755184"/>
 <node id="13624458713" visible="true" version="2" changeset="179473269" timestamp="2026-03-07T05:21:23Z" user="akashpuri" uid="23890431" lat="18.1461807" lon="74.5755626"/>
 <node id="13624458714" visible="true" version="2" changeset="179473269" timestamp="2026-03-07T05:21:23Z" user="akashpuri" uid="23890431" lat="18.1461807" lon="74.5756688"/>
 <node id="13624458715" visible="true" version="2" changeset="179473269" timestamp="2026-03-07T05:21:23Z" user="akashpuri" uid="23890431" lat="18.1460210" lon="74.5756741"/>
 <node id="13624458716" visible="true" version="2" changeset="179473269" timestamp="2026-03-07T05:21:23Z" user="akashpuri" uid="23890431" lat="18.1460143" lon="74.5756069"/>
 <node id="13624458717" visible="true" version="2" changeset="179473269" timestamp="2026-03-07T05:21:23Z" user="akashpuri" uid="23890431" lat="18.1460109" lon="74.5755697"/>
 <node id="13624458718" visible="true" version="2" changeset="179473269" timestamp="2026-03-07T05:21:23Z" user="akashpuri" uid="23890431" lat="18.1459958" lon="74.5754830"/>
 <node id="13624458719" visible="true" version="2" changeset="179473269" timestamp="2026-03-07T05:21:23Z" user="akashpuri" uid="23890431" lat="18.1459840" lon="74.5754423"/>
 <node id="13624458720" visible="true" version="2" changeset="179473269" timestamp="2026-03-07T05:21:23Z" user="akashpuri" uid="23890431" lat="18.1459705" lon="74.5753786"/>
 <node id="13624458721" visible="true" version="2" changeset="179473269" timestamp="2026-03-07T05:21:23Z" user="akashpuri" uid="23890431" lat="18.1459554" lon="74.5753414"/>
 <node id="13624463213" visible="true" version="1" changeset="179473303" timestamp="2026-03-07T05:22:55Z" user="akashpuri" uid="23890431" lat="18.1458764" lon="74.5749150"/>
 <node id="13624463214" visible="true" version="1" changeset="179473303" timestamp="2026-03-07T05:22:55Z" user="akashpuri" uid="23890431" lat="18.1459772" lon="74.5750282"/>
 <node id="13624463215" visible="true" version="1" changeset="179473303" timestamp="2026-03-07T05:22:55Z" user="akashpuri" uid="23890431" lat="18.1460092" lon="74.5750902"/>
 <node id="13624463216" visible="true" version="1" changeset="179473303" timestamp="2026-03-07T05:22:55Z" user="akashpuri" uid="23890431" lat="18.1460613" lon="74.5751857"/>
 <node id="13624463217" visible="true" version="1" changeset="179473303" timestamp="2026-03-07T05:22:55Z" user="akashpuri" uid="23890431" lat="18.1459234" lon="74.5752618"/>
 <node id="13624463218" visible="true" version="1" changeset="179473303" timestamp="2026-03-07T05:22:55Z" user="akashpuri" uid="23890431" lat="18.1458696" lon="74.5751840"/>
 <node id="13624463219" visible="true" version="1" changeset="179473303" timestamp="2026-03-07T05:22:55Z" user="akashpuri" uid="23890431" lat="18.1458074" lon="74.5751114"/>
 <node id="13624463220" visible="true" version="1" changeset="179473303" timestamp="2026-03-07T05:22:55Z" user="akashpuri" uid="23890431" lat="18.1457788" lon="74.5750760"/>
 <node id="13624463221" visible="true" version="1" changeset="179473303" timestamp="2026-03-07T05:22:55Z" user="akashpuri" uid="23890431" lat="18.1457570" lon="74.5750459"/>
 <node id="13624463666" visible="true" version="1" changeset="179473326" timestamp="2026-03-07T05:24:16Z" user="akashpuri" uid="23890431" lat="18.1456964" lon="74.5751981"/>
 <node id="13624463667" visible="true" version="1" changeset="179473326" timestamp="2026-03-07T05:24:16Z" user="akashpuri" uid="23890431" lat="18.1457216" lon="74.5753592"/>
 <node id="13624463668" visible="true" version="1" changeset="179473326" timestamp="2026-03-07T05:24:16Z" user="akashpuri" uid="23890431" lat="18.1457654" lon="74.5754618"/>
 <node id="13624463669" visible="true" version="1" changeset="179473326" timestamp="2026-03-07T05:24:16Z" user="akashpuri" uid="23890431" lat="18.1458074" lon="74.5755538"/>
 <node id="13624463670" visible="true" version="1" changeset="179473326" timestamp="2026-03-07T05:24:16Z" user="akashpuri" uid="23890431" lat="18.1458494" lon="74.5756211"/>
 <node id="13624463671" visible="true" version="1" changeset="179473326" timestamp="2026-03-07T05:24:16Z" user="akashpuri" uid="23890431" lat="18.1458797" lon="74.5756848"/>
 <node id="13624463672" visible="true" version="1" changeset="179473326" timestamp="2026-03-07T05:24:16Z" user="akashpuri" uid="23890431" lat="18.1459100" lon="74.5757078"/>
 <node id="13624463673" visible="true" version="1" changeset="179473326" timestamp="2026-03-07T05:24:16Z" user="akashpuri" uid="23890431" lat="18.1458545" lon="74.5758051"/>
 <node id="13624463674" visible="true" version="1" changeset="179473326" timestamp="2026-03-07T05:24:16Z" user="akashpuri" uid="23890431" lat="18.1458125" lon="74.5757644"/>
 <node id="13624463675" visible="true" version="1" changeset="179473326" timestamp="2026-03-07T05:24:16Z" user="akashpuri" uid="23890431" lat="18.1457687" lon="74.5757202"/>
 <node id="13624463676" visible="true" version="1" changeset="179473326" timestamp="2026-03-07T05:24:16Z" user="akashpuri" uid="23890431" lat="18.1457570" lon="74.5757007"/>
 <node id="13624463677" visible="true" version="1" changeset="179473326" timestamp="2026-03-07T05:24:16Z" user="akashpuri" uid="23890431" lat="18.1457351" lon="74.5757166"/>
 <node id="13624463678" visible="true" version="1" changeset="179473326" timestamp="2026-03-07T05:24:16Z" user="akashpuri" uid="23890431" lat="18.1456678" lon="74.5756104"/>
 <node id="13624463679" visible="true" version="1" changeset="179473326" timestamp="2026-03-07T05:24:16Z" user="akashpuri" uid="23890431" lat="18.1456880" lon="74.5755874"/>
 <node id="13624463680" visible="true" version="1" changeset="179473326" timestamp="2026-03-07T05:24:16Z" user="akashpuri" uid="23890431" lat="18.1456645" lon="74.5755326"/>
 <node id="13624463681" visible="true" version="1" changeset="179473326" timestamp="2026-03-07T05:24:16Z" user="akashpuri" uid="23890431" lat="18.1456224" lon="74.5754441"/>
 <node id="13624463682" visible="true" version="1" changeset="179473326" timestamp="2026-03-07T05:24:16Z" user="akashpuri" uid="23890431" lat="18.1456157" lon="74.5753733"/>
 <node id="13624463683" visible="true" version="2" changeset="179473463" timestamp="2026-03-07T05:30:05Z" user="akashpuri" uid="23890431" lat="18.1456073" lon="74.5752954"/>
 <node id="13624463684" visible="true" version="1" changeset="179473326" timestamp="2026-03-07T05:24:16Z" user="akashpuri" uid="23890431" lat="18.1455989" lon="74.5752547"/>
 <node id="13624463685" visible="true" version="1" changeset="179473326" timestamp="2026-03-07T05:24:16Z" user="akashpuri" uid="23890431" lat="18.1456006" lon="74.5752247"/>
 <node id="13624465701" visible="true" version="1" changeset="179473351" timestamp="2026-03-07T05:25:29Z" user="akashpuri" uid="23890431" lat="18.1452458" lon="74.5755432"/>
 <node id="13624465702" visible="true" version="1" changeset="179473351" timestamp="2026-03-07T05:25:29Z" user="akashpuri" uid="23890431" lat="18.1451701" lon="74.5755627"/>
 <node id="13624465703" visible="true" version="1" changeset="179473351" timestamp="2026-03-07T05:25:29Z" user="akashpuri" uid="23890431" lat="18.1450611" lon="74.5755588"/>
 <node id="13624465704" visible="true" version="1" changeset="179473351" timestamp="2026-03-07T05:25:29Z" user="akashpuri" uid="23890431" lat="18.1450726" lon="74.5751964"/>
 <node id="13624465705" visible="true" version="1" changeset="179473351" timestamp="2026-03-07T05:25:29Z" user="akashpuri" uid="23890431" lat="18.1451802" lon="74.5752300"/>
 <node id="13624466488" visible="true" version="1" changeset="179474089" timestamp="2026-03-07T05:53:08Z" user="akashpuri" uid="23890431" lat="18.1562638" lon="74.5810504"/>
 <node id="13624466489" visible="true" version="1" changeset="179474089" timestamp="2026-03-07T05:53:08Z" user="akashpuri" uid="23890431" lat="18.1563127" lon="74.5811112"/>
 <node id="13624466490" visible="true" version="1" changeset="179474089" timestamp="2026-03-07T05:53:08Z" user="akashpuri" uid="23890431" lat="18.1563396" lon="74.5811857"/>
 <node id="13624466491" visible="true" version="1" changeset="179474089" timestamp="2026-03-07T05:53:08Z" user="akashpuri" uid="23890431" lat="18.1563413" lon="74.5812653"/>
 <node id="13624466492" visible="true" version="1" changeset="179474089" timestamp="2026-03-07T05:53:08Z" user="akashpuri" uid="23890431" lat="18.1563178" lon="74.5813410"/>
 <node id="13624466493" visible="true" version="1" changeset="179474089" timestamp="2026-03-07T05:53:08Z" user="akashpuri" uid="23890431" lat="18.1562716" lon="74.5814041"/>
 <node id="13624466494" visible="true" version="1" changeset="179474089" timestamp="2026-03-07T05:53:08Z" user="akashpuri" uid="23890431" lat="18.1559909" lon="74.5814234"/>
 <node id="13624466495" visible="true" version="1" changeset="179474089" timestamp="2026-03-07T05:53:08Z" user="akashpuri" uid="23890431" lat="18.1559396" lon="74.5813704"/>
 <node id="13624466496" visible="true" version="1" changeset="179474089" timestamp="2026-03-07T05:53:08Z" user="akashpuri" uid="23890431" lat="18.1559068" lon="74.5813030"/>
 <node id="13624466497" visible="true" version="1" changeset="179474089" timestamp="2026-03-07T05:53:08Z" user="akashpuri" uid="23890431" lat="18.1558961" lon="74.5812282"/>
 <node id="13624466498" visible="true" version="1" changeset="179474089" timestamp="2026-03-07T05:53:08Z" user="akashpuri" uid="23890431" lat="18.1559084" lon="74.5811537"/>
 <node id="13624466499" visible="true" version="1" changeset="179474089" timestamp="2026-03-07T05:53:08Z" user="akashpuri" uid="23890431" lat="18.1559426" lon="74.5810871"/>
 <node id="13624466500" visible="true" version="1" changeset="179474089" timestamp="2026-03-07T05:53:08Z" user="akashpuri" uid="23890431" lat="18.1559950" lon="74.5810354"/>
 <node id="13624468403" visible="true" version="1" changeset="179473441" timestamp="2026-03-07T05:29:11Z" user="akashpuri" uid="23890431" lat="18.1452474" lon="74.5755908"/>
 <node id="13624468404" visible="true" version="1" changeset="179473441" timestamp="2026-03-07T05:29:11Z" user="akashpuri" uid="23890431" lat="18.1452558" lon="74.5757785"/>
 <node id="13624468405" visible="true" version="1" changeset="179473441" timestamp="2026-03-07T05:29:11Z" user="akashpuri" uid="23890431" lat="18.1451718" lon="74.5758175"/>
 <node id="13624468406" visible="true" version="1" changeset="179473441" timestamp="2026-03-07T05:29:11Z" user="akashpuri" uid="23890431" lat="18.1451129" lon="74.5757945"/>
 <node id="13624468407" visible="true" version="1" changeset="179473441" timestamp="2026-03-07T05:29:11Z" user="akashpuri" uid="23890431" lat="18.1451095" lon="74.5755768"/>
 <node id="13624468408" visible="true" version="1" changeset="179473441" timestamp="2026-03-07T05:29:11Z" user="akashpuri" uid="23890431" lat="18.1451718" lon="74.5755945"/>
 <node id="13624484743" visible="true" version="1" changeset="179474143" timestamp="2026-03-07T05:54:37Z" user="akashpuri" uid="23890431" lat="18.1559875" lon="74.5822563"/>
 <node id="13624484744" visible="true" version="1" changeset="179474143" timestamp="2026-03-07T05:54:37Z" user="akashpuri" uid="23890431" lat="18.1561389" lon="74.5824315"/>
 <node id="13624484745" visible="true" version="1" changeset="179474143" timestamp="2026-03-07T05:54:37Z" user="akashpuri" uid="23890431" lat="18.1561389" lon="74.5824917"/>
 <node id="13624484746" visible="true" version="1" changeset="179474143" timestamp="2026-03-07T05:54:37Z" user="akashpuri" uid="23890431" lat="18.1562729" lon="74.5826403"/>
 <node id="13624484747" visible="true" version="1" changeset="179474143" timestamp="2026-03-07T05:54:37Z" user="akashpuri" uid="23890431" lat="18.1560095" lon="74.5829035"/>
 <node id="13624484748" visible="true" version="1" changeset="179474143" timestamp="2026-03-07T05:54:37Z" user="akashpuri" uid="23890431" lat="18.1558648" lon="74.5827430"/>
 <node id="13624484749" visible="true" version="1" changeset="179474143" timestamp="2026-03-07T05:54:37Z" user="akashpuri" uid="23890431" lat="18.1558967" lon="74.5823129"/>
 <node id="13624484750" visible="true" version="1" changeset="179474143" timestamp="2026-03-07T05:54:37Z" user="akashpuri" uid="23890431" lat="18.1559774" lon="74.5822351"/>
 <node id="13624496252" visible="true" version="1" changeset="179474213" timestamp="2026-03-07T05:56:49Z" user="akashpuri" uid="23890431" lat="18.1579542" lon="74.5847950"/>
 <node id="13624496253" visible="true" version="1" changeset="179474213" timestamp="2026-03-07T05:56:49Z" user="akashpuri" uid="23890431" lat="18.1579582" lon="74.5850116"/>
 <node id="13624496254" visible="true" version="1" changeset="179474213" timestamp="2026-03-07T05:56:49Z" user="akashpuri" uid="23890431" lat="18.1579330" lon="74.5850222"/>
 <node id="13624496255" visible="true" version="1" changeset="179474213" timestamp="2026-03-07T05:56:49Z" user="akashpuri" uid="23890431" lat="18.1579179" lon="74.5850541"/>
 <node id="13624496256" visible="true" version="1" changeset="179474213" timestamp="2026-03-07T05:56:49Z" user="akashpuri" uid="23890431" lat="18.1578910" lon="74.5850523"/>
 <node id="13624496257" visible="true" version="1" changeset="179474213" timestamp="2026-03-07T05:56:49Z" user="akashpuri" uid="23890431" lat="18.1578573" lon="74.5850611"/>
 <node id="13624496258" visible="true" version="1" changeset="179474213" timestamp="2026-03-07T05:56:49Z" user="akashpuri" uid="23890431" lat="18.1578170" lon="74.5850558"/>
 <node id="13624496259" visible="true" version="1" changeset="179474213" timestamp="2026-03-07T05:56:49Z" user="akashpuri" uid="23890431" lat="18.1577985" lon="74.5850328"/>
 <node id="13624496260" visible="true" version="1" changeset="179474213" timestamp="2026-03-07T05:56:49Z" user="akashpuri" uid="23890431" lat="18.1577396" lon="74.5850346"/>
 <node id="13624496261" visible="true" version="1" changeset="179474213" timestamp="2026-03-07T05:56:49Z" user="akashpuri" uid="23890431" lat="18.1577178" lon="74.5850275"/>
 <node id="13624496262" visible="true" version="1" changeset="179474213" timestamp="2026-03-07T05:56:49Z" user="akashpuri" uid="23890431" lat="18.1576841" lon="74.5850257"/>
 <node id="13624496263" visible="true" version="1" changeset="179474213" timestamp="2026-03-07T05:56:49Z" user="akashpuri" uid="23890431" lat="18.1576606" lon="74.5850080"/>
 <node id="13624496264" visible="true" version="1" changeset="179474213" timestamp="2026-03-07T05:56:49Z" user="akashpuri" uid="23890431" lat="18.1576371" lon="74.5850151"/>
 <node id="13624496265" visible="true" version="1" changeset="179474213" timestamp="2026-03-07T05:56:49Z" user="akashpuri" uid="23890431" lat="18.1576253" lon="74.5850035"/>
 <node id="13624496266" visible="true" version="1" changeset="179474213" timestamp="2026-03-07T05:56:49Z" user="akashpuri" uid="23890431" lat="18.1576118" lon="74.5850187"/>
 <node id="13624496267" visible="true" version="1" changeset="179474213" timestamp="2026-03-07T05:56:49Z" user="akashpuri" uid="23890431" lat="18.1575682" lon="74.5849500"/>
 <node id="13624496268" visible="true" version="1" changeset="179474213" timestamp="2026-03-07T05:56:49Z" user="akashpuri" uid="23890431" lat="18.1577749" lon="74.5848045"/>
 <node id="13624496269" visible="true" version="1" changeset="179474213" timestamp="2026-03-07T05:56:49Z" user="akashpuri" uid="23890431" lat="18.1578064" lon="74.5848002"/>
 <node id="13624496270" visible="true" version="1" changeset="179474213" timestamp="2026-03-07T05:56:49Z" user="akashpuri" uid="23890431" lat="18.1578031" lon="74.5847738"/>
 <node id="13624496271" visible="true" version="1" changeset="179474213" timestamp="2026-03-07T05:56:49Z" user="akashpuri" uid="23890431" lat="18.1578237" lon="74.5847709"/>
 <node id="13624496272" visible="true" version="1" changeset="179474213" timestamp="2026-03-07T05:56:49Z" user="akashpuri" uid="23890431" lat="18.1578422" lon="74.5847904"/>
 <node id="13624496273" visible="true" version="1" changeset="179474213" timestamp="2026-03-07T05:56:49Z" user="akashpuri" uid="23890431" lat="18.1578926" lon="74.5847886"/>
 <node id="13624496274" visible="true" version="1" changeset="179474213" timestamp="2026-03-07T05:56:49Z" user="akashpuri" uid="23890431" lat="18.1579128" lon="74.5847709"/>
 <node id="13624496275" visible="true" version="1" changeset="179474213" timestamp="2026-03-07T05:56:49Z" user="akashpuri" uid="23890431" lat="18.1579313" lon="74.5847692"/>
 <node id="13624496276" visible="true" version="1" changeset="179474213" timestamp="2026-03-07T05:56:49Z" user="akashpuri" uid="23890431" lat="18.1579212" lon="74.5847957"/>
 <node id="13624503801" visible="true" version="1" changeset="179474089" timestamp="2026-03-07T05:53:08Z" user="akashpuri" uid="23890431" lat="18.1562081" lon="74.5814474"/>
 <node id="13624503802" visible="true" version="1" changeset="179474089" timestamp="2026-03-07T05:53:08Z" user="akashpuri" uid="23890431" lat="18.1561345" lon="74.5814659"/>
 <node id="13624503803" visible="true" version="1" changeset="179474089" timestamp="2026-03-07T05:53:08Z" user="akashpuri" uid="23890431" lat="18.1560592" lon="74.5814576"/>
 <node id="13624503804" visible="true" version="1" changeset="179474089" timestamp="2026-03-07T05:53:08Z" user="akashpuri" uid="23890431" lat="18.1560604" lon="74.5810038"/>
 <node id="13624503805" visible="true" version="1" changeset="179474089" timestamp="2026-03-07T05:53:08Z" user="akashpuri" uid="23890431" lat="18.1561318" lon="74.5809956"/>
 <node id="13624503806" visible="true" version="1" changeset="179474089" timestamp="2026-03-07T05:53:08Z" user="akashpuri" uid="23890431" lat="18.1562021" lon="74.5810117"/>
 <node id="13624799449" visible="true" version="1" changeset="179485532" timestamp="2026-03-07T10:49:20Z" user="akashpuri" uid="23890431" lat="18.1453630" lon="74.5839163"/>
 <node id="13624799450" visible="true" version="1" changeset="179485532" timestamp="2026-03-07T10:49:20Z" user="akashpuri" uid="23890431" lat="18.1453458" lon="74.5840368"/>
 <node id="13624799451" visible="true" version="1" changeset="179485532" timestamp="2026-03-07T10:49:20Z" user="akashpuri" uid="23890431" lat="18.1450686" lon="74.5839930"/>
 <node id="13624799452" visible="true" version="1" changeset="179485532" timestamp="2026-03-07T10:49:20Z" user="akashpuri" uid="23890431" lat="18.1450859" lon="74.5838725"/>
 <node id="13624818756" visible="true" version="1" changeset="179486038" timestamp="2026-03-07T11:02:37Z" user="akashpuri" uid="23890431" lat="18.1448162" lon="74.5821656"/>
 <node id="13624818757" visible="true" version="1" changeset="179486038" timestamp="2026-03-07T11:02:37Z" user="akashpuri" uid="23890431" lat="18.1447623" lon="74.5824560"/>
 <node id="13624818758" visible="true" version="1" changeset="179486038" timestamp="2026-03-07T11:02:37Z" user="akashpuri" uid="23890431" lat="18.1445756" lon="74.5824176"/>
 <node id="13624818759" visible="true" version="1" changeset="179486038" timestamp="2026-03-07T11:02:37Z" user="akashpuri" uid="23890431" lat="18.1446296" lon="74.5821272"/>
 <node id="13624820771" visible="true" version="1" changeset="179485489" timestamp="2026-03-07T10:48:25Z" user="akashpuri" uid="23890431" lat="18.1479350" lon="74.5836830"/>
 <node id="13624820772" visible="true" version="1" changeset="179485489" timestamp="2026-03-07T10:48:25Z" user="akashpuri" uid="23890431" lat="18.1479464" lon="74.5838277"/>
 <node id="13624820773" visible="true" version="1" changeset="179485489" timestamp="2026-03-07T10:48:25Z" user="akashpuri" uid="23890431" lat="18.1477910" lon="74.5838414"/>
 <node id="13624820774" visible="true" version="1" changeset="179485489" timestamp="2026-03-07T10:48:25Z" user="akashpuri" uid="23890431" lat="18.1477796" lon="74.5836967"/>
 <node id="13624825301" visible="true" version="1" changeset="179485593" timestamp="2026-03-07T10:50:10Z" user="akashpuri" uid="23890431" lat="18.1447229" lon="74.5825323"/>
 <node id="13624825302" visible="true" version="1" changeset="179485593" timestamp="2026-03-07T10:50:10Z" user="akashpuri" uid="23890431" lat="18.1446470" lon="74.5829304"/>
 <node id="13624825303" visible="true" version="1" changeset="179485593" timestamp="2026-03-07T10:50:10Z" user="akashpuri" uid="23890431" lat="18.1444964" lon="74.5828986"/>
 <node id="13624825304" visible="true" version="1" changeset="179485593" timestamp="2026-03-07T10:50:10Z" user="akashpuri" uid="23890431" lat="18.1445723" lon="74.5825005"/>
 <way id="59393631" visible="true" version="15" changeset="134273747" timestamp="2023-03-29T18:04:17Z" user="PlaneMad" uid="1306">
  <nd ref="1423283155"/>
  <nd ref="8759362291"/>
  <nd ref="8759362290"/>
  <nd ref="8759362289"/>
  <nd ref="6590790725"/>
  <nd ref="1423283179"/>
  <nd ref="9225417738"/>
  <nd ref="8759362293"/>
  <nd ref="8759362292"/>
  <nd ref="1423283185"/>
  <nd ref="5608835519"/>
  <nd ref="1423283189"/>
  <nd ref="1423283197"/>
  <nd ref="8759362288"/>
  <nd ref="8759362287"/>
  <nd ref="1423283201"/>
  <nd ref="8759362286"/>
  <nd ref="1423283202"/>
  <nd ref="8759362285"/>
  <nd ref="1423283204"/>
  <nd ref="9225417719"/>
  <nd ref="1423283208"/>
  <nd ref="1423283209"/>
  <nd ref="1423283212"/>
  <nd ref="1423283213"/>
  <nd ref="1423283221"/>
  <nd ref="1423283223"/>
  <nd ref="1423283224"/>
  <nd ref="1423283226"/>
  <nd ref="1423283227"/>
  <nd ref="1423283228"/>
  <nd ref="1423283230"/>
  <nd ref="1423283231"/>
  <nd ref="10771574328"/>
  <nd ref="1423283233"/>
  <nd ref="10771574327"/>
  <nd ref="1423283235"/>
  <nd ref="10771574326"/>
  <nd ref="1423283237"/>
  <nd ref="1423283240"/>
  <nd ref="10771574325"/>
  <nd ref="1423283248"/>
  <nd ref="10771574324"/>
  <nd ref="1423283252"/>
  <nd ref="10771574323"/>
  <nd ref="1423283254"/>
  <nd ref="10771574322"/>
  <nd ref="1423283257"/>
  <nd ref="1423283258"/>
  <nd ref="1423283270"/>
  <nd ref="1423283272"/>
  <nd ref="1423283275"/>
  <nd ref="1423283279"/>
  <nd ref="1423283286"/>
  <nd ref="1423283289"/>
  <nd ref="1423283291"/>
  <nd ref="1423283294"/>
  <nd ref="1423283296"/>
  <nd ref="1423283298"/>
  <nd ref="1423283299"/>
  <nd ref="1423283302"/>
  <nd ref="1423283320"/>
  <nd ref="1423283321"/>
  <nd ref="1423283337"/>
  <nd ref="1423283341"/>
  <nd ref="1423283343"/>
  <nd ref="6590790724"/>
  <nd ref="1423283422"/>
  <nd ref="1423283432"/>
  <nd ref="1423283434"/>
  <nd ref="1423283438"/>
  <nd ref="1423283443"/>
  <nd ref="1423283445"/>
  <nd ref="1423283446"/>
  <nd ref="1423283448"/>
  <nd ref="1423283449"/>
  <nd ref="1423283450"/>
  <nd ref="1423283454"/>
  <nd ref="1423283462"/>
  <nd ref="1423283467"/>
  <nd ref="1423283469"/>
  <nd ref="1423283476"/>
  <nd ref="1423283479"/>
  <nd ref="1423283487"/>
  <nd ref="1423283490"/>
  <nd ref="1423283494"/>
  <nd ref="1423283495"/>
  <nd ref="1423283496"/>
  <nd ref="6590375049"/>
  <nd ref="1423283497"/>
  <nd ref="1423283498"/>
  <nd ref="1423283506"/>
  <nd ref="1423283522"/>
  <nd ref="1423283526"/>
  <nd ref="1423283530"/>
  <nd ref="1423283532"/>
  <nd ref="1423283534"/>
  <nd ref="1423283533"/>
  <nd ref="9225386610"/>
  <nd ref="9225386611"/>
  <nd ref="1423283529"/>
  <nd ref="1423283524"/>
  <nd ref="1423283521"/>
  <nd ref="1423283517"/>
  <nd ref="9225386612"/>
  <nd ref="1423283519"/>
  <nd ref="1423283523"/>
  <nd ref="9225386613"/>
  <nd ref="1423283525"/>
  <nd ref="1423283528"/>
  <nd ref="1423283535"/>
  <nd ref="1423283540"/>
  <nd ref="1423283549"/>
  <nd ref="1423283564"/>
  <nd ref="1423283569"/>
  <nd ref="1423283580"/>
  <nd ref="1423283581"/>
  <nd ref="1423283585"/>
  <nd ref="1423283586"/>
  <nd ref="1423283588"/>
  <nd ref="1423283593"/>
  <nd ref="1423283595"/>
  <nd ref="1423283597"/>
  <nd ref="1423283599"/>
  <nd ref="1423283601"/>
  <nd ref="1423283602"/>
  <nd ref="1423283603"/>
  <nd ref="1423283604"/>
  <nd ref="1423283605"/>
  <nd ref="1423283612"/>
  <nd ref="5608836867"/>
  <nd ref="1423283613"/>
  <nd ref="1423283615"/>
  <nd ref="1423283617"/>
  <nd ref="1423283619"/>
  <nd ref="1423283620"/>
  <nd ref="1423283621"/>
  <nd ref="1423283622"/>
  <nd ref="1423283624"/>
  <nd ref="1423283626"/>
  <nd ref="1423283631"/>
  <nd ref="6590375050"/>
  <nd ref="1423283632"/>
  <nd ref="1423283633"/>
  <nd ref="6590375048"/>
  <nd ref="5595323855"/>
  <nd ref="1423283635"/>
  <nd ref="1423283636"/>
  <nd ref="6164531170"/>
  <nd ref="1423283637"/>
  <nd ref="5609005148"/>
  <nd ref="1423283639"/>
  <nd ref="6164531169"/>
  <nd ref="1423283640"/>
  <nd ref="6164531168"/>
  <nd ref="1423283641"/>
  <nd ref="1423283643"/>
  <nd ref="1423283644"/>
  <nd ref="1423283645"/>
  <nd ref="1423283646"/>
  <nd ref="1423283647"/>
  <nd ref="1423283648"/>
  <nd ref="1423283649"/>
  <nd ref="1423283650"/>
  <nd ref="9042275300"/>
  <nd ref="1423283651"/>
  <nd ref="1423283652"/>
  <nd ref="1423283653"/>
  <nd ref="1423283654"/>
  <nd ref="1423283655"/>
  <nd ref="1423283656"/>
  <nd ref="1423283657"/>
  <nd ref="1423283658"/>
  <nd ref="1423283659"/>
  <nd ref="1423283660"/>
  <nd ref="9042275301"/>
  <nd ref="1423283661"/>
  <nd ref="1423283662"/>
  <nd ref="1423283663"/>
  <nd ref="1423283664"/>
  <nd ref="1423283665"/>
  <nd ref="1423283666"/>
  <nd ref="1423283667"/>
  <nd ref="1423283668"/>
  <nd ref="1423283669"/>
  <nd ref="2204460150"/>
  <tag k="electrified" v="contact_line"/>
  <tag k="frequency" v="50"/>
  <tag k="gauge" v="1676"/>
  <tag k="passenger_lines" v="1"/>
  <tag k="railway" v="rail"/>
  <tag k="usage" v="branch"/>
  <tag k="voltage" v="25000"/>
 </way>
 <way id="128913665" visible="true" version="12" changeset="134273747" timestamp="2023-03-29T18:04:17Z" user="PlaneMad" uid="1306">
  <nd ref="1423283145"/>
  <nd ref="3251591095"/>
  <nd ref="4440136007"/>
  <nd ref="2315565377"/>
  <nd ref="2314603407"/>
  <nd ref="3251591172"/>
  <nd ref="3251590695"/>
  <nd ref="2314616802"/>
  <nd ref="1423283142"/>
  <nd ref="2315565669"/>
  <nd ref="1423283141"/>
  <tag k="highway" v="secondary"/>
 </way>
 <way id="128913669" visible="true" version="4" changeset="162755504" timestamp="2025-02-20T20:00:35Z" user="Ayumu &quot;Osaka&quot; Kasuga" uid="21931680">
  <nd ref="1423283144"/>
  <nd ref="1423283145"/>
  <tag k="highway" v="primary"/>
  <tag k="ref:old" v="SH66"/>
 </way>
 <way id="128913674" visible="true" version="9" changeset="142084237" timestamp="2023-10-03T07:07:01Z" user="iamsaurabhc" uid="19505666">
  <nd ref="1423283161"/>
  <nd ref="10771574238"/>
  <nd ref="3251590788"/>
  <nd ref="3251588230"/>
  <nd ref="2314603169"/>
  <nd ref="3251591201"/>
  <nd ref="2314603400"/>
  <nd ref="2315565542"/>
  <nd ref="1423283152"/>
  <nd ref="3251590805"/>
  <nd ref="1860218582"/>
  <nd ref="3251591129"/>
  <nd ref="3251590390"/>
  <nd ref="3251590400"/>
  <nd ref="11235269461"/>
  <nd ref="2314616533"/>
  <nd ref="3251591077"/>
  <nd ref="2315565537"/>
  <nd ref="1423283139"/>
  <tag k="highway" v="tertiary"/>
  <tag k="oneway" v="no"/>
 </way>
 <way id="128913676" visible="true" version="16" changeset="142083424" timestamp="2023-10-03T06:52:38Z" user="iamsaurabhc" uid="19505666">
  <nd ref="3252642236"/>
  <nd ref="2315565561"/>
  <nd ref="10771574237"/>
  <nd ref="3251593449"/>
  <nd ref="3251593268"/>
  <nd ref="11235260957"/>
  <nd ref="11235260959"/>
  <nd ref="1860218663"/>
  <nd ref="3251593397"/>
  <nd ref="3251593450"/>
  <nd ref="1860218587"/>
  <nd ref="3251593391"/>
  <nd ref="3251593289"/>
  <nd ref="3251593272"/>
  <nd ref="3251593340"/>
  <nd ref="1423283200"/>
  <tag k="highway" v="primary"/>
  <tag k="name" v="Bhigwan Road"/>
  <tag k="ref" v="SH68"/>
 </way>
 <way id="128913678" visible="true" version="6" changeset="42770273" timestamp="2016-10-10T07:37:41Z" user="mapusdotin" uid="3754246">
  <nd ref="1423283165"/>
  <nd ref="2314616800"/>
  <nd ref="3252642111"/>
  <nd ref="3251590387"/>
  <nd ref="3251590766"/>
  <nd ref="3252641964"/>
  <nd ref="3251590693"/>
  <nd ref="1423283161"/>
  <nd ref="3227191127"/>
  <nd ref="3252641536"/>
  <nd ref="3252641556"/>
  <nd ref="3252642036"/>
  <nd ref="3252642023"/>
  <nd ref="3252642004"/>
  <nd ref="3252641905"/>
  <nd ref="1423283178"/>
  <nd ref="3252642056"/>
  <nd ref="1423283182"/>
  <nd ref="1423283191"/>
  <nd ref="3252641933"/>
  <nd ref="1423283199"/>
  <nd ref="3252641963"/>
  <nd ref="4440176699"/>
  <nd ref="30611598"/>
  <tag k="highway" v="secondary"/>
  <tag k="oneway" v="no"/>
 </way>
 <way id="128913679" visible="true" version="7" changeset="134273747" timestamp="2023-03-29T18:04:17Z" user="PlaneMad" uid="1306">
  <nd ref="1423283144"/>
  <nd ref="3251590912"/>
  <nd ref="3251591126"/>
  <nd ref="2315565595"/>
  <nd ref="3251590741"/>
  <nd ref="3251590956"/>
  <nd ref="1423283149"/>
  <nd ref="3251590763"/>
  <nd ref="2315565686"/>
  <nd ref="3251590743"/>
  <nd ref="2315565622"/>
  <nd ref="3251591167"/>
  <nd ref="3251591063"/>
  <nd ref="3251590624"/>
  <nd ref="2314603309"/>
  <nd ref="3047805457"/>
  <tag k="highway" v="tertiary"/>
 </way>
 <way id="128913682" visible="true" version="10" changeset="173719271" timestamp="2025-10-24T13:51:56Z" user="samikshasidha" uid="22943982">
  <nd ref="1423283153"/>
  <nd ref="1423283156"/>
  <nd ref="1423283162"/>
  <nd ref="1423283168"/>
  <nd ref="1423283172"/>
  <nd ref="1423283175"/>
  <nd ref="4440149517"/>
  <nd ref="1423283184"/>
  <nd ref="1423283187"/>
  <nd ref="8045058116"/>
  <nd ref="3227191144"/>
  <nd ref="3227191151"/>
  <nd ref="3227191159"/>
  <nd ref="3227191163"/>
  <nd ref="3227191175"/>
  <nd ref="3227191188"/>
  <nd ref="3227191193"/>
  <nd ref="3227191200"/>
  <nd ref="4440153354"/>
  <nd ref="3227191208"/>
  <nd ref="3227191213"/>
  <nd ref="3227191217"/>
  <nd ref="3227191226"/>
  <nd ref="11088623862"/>
  <nd ref="10727154745"/>
  <nd ref="8045058103"/>
  <nd ref="4440176697"/>
  <nd ref="1423283216"/>
  <nd ref="3227191218"/>
  <nd ref="4440176698"/>
  <nd ref="10727154740"/>
  <nd ref="10727154739"/>
  <nd ref="10727154738"/>
  <nd ref="3227191210"/>
  <nd ref="3227191194"/>
  <nd ref="3227191191"/>
  <nd ref="3227191179"/>
  <nd ref="4440160284"/>
  <nd ref="3227191156"/>
  <nd ref="3227191147"/>
  <nd ref="3227191141"/>
  <nd ref="1423283186"/>
  <nd ref="1423283183"/>
  <nd ref="1423283177"/>
  <nd ref="1423283174"/>
  <nd ref="1423283169"/>
  <nd ref="1423283160"/>
  <nd ref="1423283164"/>
  <nd ref="1423283153"/>
  <tag k="landuse" v="railway"/>
 </way>
 <way id="128913691" visible="true" version="15" changeset="173719271" timestamp="2025-10-24T13:51:56Z" user="samikshasidha" uid="22943982">
  <nd ref="1423283146"/>
  <nd ref="1423283140"/>
  <nd ref="1423283131"/>
  <nd ref="1423283118"/>
  <nd ref="1423283116"/>
  <nd ref="1423283113"/>
  <nd ref="1423283117"/>
  <nd ref="3227190818"/>
  <nd ref="3227190819"/>
  <nd ref="3227190816"/>
  <nd ref="3227190817"/>
  <nd ref="3227190822"/>
  <nd ref="3227190824"/>
  <nd ref="3227190827"/>
  <nd ref="3227190823"/>
  <nd ref="3227190821"/>
  <nd ref="3227190820"/>
  <nd ref="3227190814"/>
  <nd ref="1423283114"/>
  <nd ref="3227190807"/>
  <nd ref="3227190804"/>
  <nd ref="3227190805"/>
  <nd ref="3227190806"/>
  <nd ref="3227190808"/>
  <nd ref="3227190809"/>
  <nd ref="3227190812"/>
  <nd ref="3227190810"/>
  <nd ref="3227190815"/>
  <nd ref="1423283115"/>
  <nd ref="1423283127"/>
  <nd ref="1423283137"/>
  <nd ref="3251590849"/>
  <nd ref="1423283138"/>
  <nd ref="1423283147"/>
  <nd ref="3227191089"/>
  <nd ref="1423283154"/>
  <nd ref="3227191093"/>
  <nd ref="3227191095"/>
  <nd ref="3227191132"/>
  <nd ref="3227191125"/>
  <nd ref="3227191129"/>
  <nd ref="1423283171"/>
  <nd ref="3227191136"/>
  <nd ref="3227191137"/>
  <nd ref="3227191138"/>
  <nd ref="1423283181"/>
  <nd ref="3227191142"/>
  <nd ref="3227191146"/>
  <nd ref="3227191155"/>
  <nd ref="3227191152"/>
  <nd ref="1423283203"/>
  <nd ref="3227191180"/>
  <nd ref="3227191197"/>
  <nd ref="3227191195"/>
  <nd ref="3227191202"/>
  <nd ref="3227191215"/>
  <nd ref="1423283206"/>
  <nd ref="3227191176"/>
  <nd ref="3227191158"/>
  <nd ref="3227191160"/>
  <nd ref="1423283198"/>
  <nd ref="1423283211"/>
  <nd ref="4440176646"/>
  <nd ref="4440176647"/>
  <nd ref="1423283215"/>
  <nd ref="4440176648"/>
  <nd ref="1423283219"/>
  <nd ref="4440176649"/>
  <nd ref="1423283222"/>
  <nd ref="1423283225"/>
  <nd ref="3227191247"/>
  <nd ref="11088623862"/>
  <nd ref="10727154745"/>
  <nd ref="8045058103"/>
  <nd ref="4440176697"/>
  <nd ref="1423283216"/>
  <nd ref="3227191218"/>
  <nd ref="4440176698"/>
  <nd ref="10727154740"/>
  <nd ref="10727154739"/>
  <nd ref="10727154738"/>
  <nd ref="3227191210"/>
  <nd ref="8045058102"/>
  <nd ref="3227191198"/>
  <nd ref="3227191194"/>
  <nd ref="3227191187"/>
  <nd ref="3227191186"/>
  <nd ref="3227191157"/>
  <nd ref="3227191156"/>
  <nd ref="3227191147"/>
  <nd ref="3227191151"/>
  <nd ref="3227191159"/>
  <nd ref="3227191163"/>
  <nd ref="3227191169"/>
  <nd ref="3227191184"/>
  <nd ref="3227191183"/>
  <nd ref="3227191192"/>
  <nd ref="3227191189"/>
  <nd ref="3227191196"/>
  <nd ref="3227191199"/>
  <nd ref="3227191206"/>
  <nd ref="3227191209"/>
  <nd ref="3227191221"/>
  <nd ref="3227191220"/>
  <nd ref="3227191208"/>
  <nd ref="3227191213"/>
  <nd ref="3227191217"/>
  <nd ref="3227191226"/>
  <nd ref="3227191243"/>
  <nd ref="1423283217"/>
  <nd ref="3227191233"/>
  <nd ref="3227191227"/>
  <nd ref="3227191230"/>
  <nd ref="3227191228"/>
  <nd ref="3227191229"/>
  <nd ref="3227191234"/>
  <nd ref="3227191235"/>
  <nd ref="3227191236"/>
  <nd ref="1423283218"/>
  <nd ref="3227191232"/>
  <nd ref="3227191231"/>
  <nd ref="3227191237"/>
  <nd ref="3227191238"/>
  <nd ref="3227191241"/>
  <nd ref="3227191242"/>
  <nd ref="3227191245"/>
  <nd ref="3227191246"/>
  <nd ref="3227191239"/>
  <nd ref="3227191240"/>
  <nd ref="1423283214"/>
  <nd ref="1423283210"/>
  <nd ref="3227191207"/>
  <nd ref="3227191203"/>
  <nd ref="1423283207"/>
  <nd ref="1423283205"/>
  <nd ref="3227191214"/>
  <nd ref="3227191211"/>
  <nd ref="3227191205"/>
  <nd ref="3227191219"/>
  <nd ref="3227191216"/>
  <nd ref="3227191223"/>
  <nd ref="3227191224"/>
  <nd ref="1423283194"/>
  <nd ref="3227191225"/>
  <nd ref="1423283192"/>
  <nd ref="3227191201"/>
  <nd ref="3227191190"/>
  <nd ref="3227191185"/>
  <nd ref="3227191148"/>
  <nd ref="3227191143"/>
  <nd ref="3227191140"/>
  <nd ref="3227191145"/>
  <nd ref="1423283193"/>
  <nd ref="1423283180"/>
  <nd ref="1423283163"/>
  <nd ref="1423283151"/>
  <nd ref="1423283146"/>
  <tag k="name" v="Baramati"/>
  <tag k="name:ja" v="バーラーマティー"/>
  <tag k="name:ta" v="பரமத்தி"/>
  <tag k="place" v="town"/>
 </way>
 <way id="175430066" visible="true" version="7" changeset="142084976" timestamp="2023-10-03T07:20:45Z" user="jyotikatke" uid="19620700">
  <nd ref="2314603309"/>
  <nd ref="2315565425"/>
  <nd ref="1860218622"/>
  <nd ref="11235289289"/>
  <nd ref="3251590662"/>
  <nd ref="3251590628"/>
  <nd ref="1860218554"/>
  <nd ref="2315565354"/>
  <nd ref="3251590685"/>
  <nd ref="1860218688"/>
  <nd ref="3251588204"/>
  <nd ref="1860218674"/>
  <nd ref="2315565632"/>
  <nd ref="2314603206"/>
  <tag k="highway" v="tertiary"/>
 </way>
 <way id="175430067" visible="true" version="8" changeset="42769908" timestamp="2016-10-10T07:15:53Z" user="mapusdotin" uid="3754246">
  <nd ref="1860218587"/>
  <nd ref="3251593266"/>
  <nd ref="3251593270"/>
  <nd ref="3227191139"/>
  <nd ref="4440160285"/>
  <nd ref="1860218640"/>
  <nd ref="1860218601"/>
  <nd ref="3251593339"/>
  <nd ref="3251593271"/>
  <nd ref="1860218697"/>
  <nd ref="3251593341"/>
  <nd ref="4440160286"/>
  <nd ref="1860218659"/>
  <tag k="highway" v="residential"/>
  <tag k="oneway" v="no"/>
 </way>
 <way id="175430068" visible="true" version="8" changeset="134273747" timestamp="2023-03-29T18:04:17Z" user="PlaneMad" uid="1306">
  <nd ref="4275829654"/>
  <nd ref="4275829648"/>
  <nd ref="1860218678"/>
  <nd ref="2315565373"/>
  <nd ref="2314616549"/>
  <nd ref="2314616595"/>
  <nd ref="1860218582"/>
  <nd ref="2314616620"/>
  <nd ref="3251590586"/>
  <nd ref="2315565252"/>
  <nd ref="1860218615"/>
  <nd ref="1860218626"/>
  <nd ref="1860218648"/>
  <nd ref="1860218591"/>
  <nd ref="10771574254"/>
  <nd ref="2314616571"/>
  <nd ref="1860218667"/>
  <nd ref="1860218635"/>
  <nd ref="2314616591"/>
  <nd ref="2314616562"/>
  <nd ref="1423283135"/>
  <tag k="highway" v="tertiary"/>
  <tag k="name" v="Jejuri Moregaon Baramati Road"/>
 </way>
 <way id="175430071" visible="true" version="6" changeset="134273747" timestamp="2023-03-29T18:04:17Z" user="PlaneMad" uid="1306">
  <nd ref="3252642050"/>
  <nd ref="1860278651"/>
  <nd ref="1860278617"/>
  <nd ref="3252641961"/>
  <nd ref="1860278625"/>
  <nd ref="10771552302"/>
  <nd ref="3252642230"/>
  <nd ref="1860278638"/>
  <nd ref="3252641938"/>
  <nd ref="1860278595"/>
  <nd ref="3252641879"/>
  <nd ref="3252642199"/>
  <nd ref="9225417717"/>
  <nd ref="5608835519"/>
  <nd ref="9225417730"/>
  <nd ref="10771552294"/>
  <nd ref="3251588538"/>
  <nd ref="3251593438"/>
  <nd ref="1860218663"/>
  <nd ref="1860218596"/>
  <nd ref="1860218566"/>
  <nd ref="3251593383"/>
  <nd ref="3251593376"/>
  <nd ref="3251593413"/>
  <nd ref="3251593336"/>
  <nd ref="3251588543"/>
  <nd ref="3251593334"/>
  <nd ref="3251593402"/>
  <nd ref="1860218601"/>
  <nd ref="3251593373"/>
  <nd ref="1860218559"/>
  <tag k="highway" v="tertiary"/>
  <tag k="oneway" v="no"/>
 </way>
 <way id="175441621" visible="true" version="10" changeset="134273747" timestamp="2023-03-29T18:04:17Z" user="PlaneMad" uid="1306">
  <nd ref="4275829663"/>
  <nd ref="4275829665"/>
  <nd ref="2315565353"/>
  <nd ref="1860278612"/>
  <nd ref="3251591183"/>
  <nd ref="3251588209"/>
  <nd ref="2131145554"/>
  <nd ref="1860278650"/>
  <nd ref="10771574235"/>
  <nd ref="1860278639"/>
  <tag k="highway" v="tertiary"/>
  <tag k="name" v="Patas Road"/>
 </way>
 <way id="202550121" visible="true" version="3" changeset="27683350" timestamp="2014-12-25T04:55:32Z" user="EC95" uid="2410326">
  <nd ref="2125145135"/>
  <nd ref="2125145155"/>
  <nd ref="3251591152"/>
  <nd ref="2314603236"/>
  <tag k="highway" v="primary"/>
  <tag k="oneway" v="no"/>
 </way>
 <way id="203140195" visible="true" version="5" changeset="134273747" timestamp="2023-03-29T18:04:17Z" user="PlaneMad" uid="1306">
  <nd ref="2131145554"/>
  <nd ref="2131145549"/>
  <nd ref="2131145546"/>
  <nd ref="2131145541"/>
  <nd ref="2131145552"/>
  <nd ref="3251590509"/>
  <nd ref="2131145542"/>
  <tag k="highway" v="unclassified"/>
  <tag k="oneway" v="no"/>
 </way>
 <way id="203140197" visible="true" version="4" changeset="134273747" timestamp="2023-03-29T18:04:17Z" user="PlaneMad" uid="1306">
  <nd ref="2315565353"/>
  <nd ref="2315565358"/>
  <nd ref="2315565356"/>
  <nd ref="2315565481"/>
  <nd ref="3251590911"/>
  <nd ref="2315565663"/>
  <nd ref="3251590738"/>
  <nd ref="2131145542"/>
  <nd ref="3251590907"/>
  <nd ref="3251590775"/>
  <nd ref="2131145548"/>
  <nd ref="3251590601"/>
  <nd ref="2314603169"/>
  <tag k="highway" v="unclassified"/>
  <tag k="oneway" v="no"/>
 </way>
 <way id="222492821" visible="true" version="3" changeset="58842815" timestamp="2018-05-10T08:54:03Z" user="mottiger" uid="7504544">
  <nd ref="2314603064"/>
  <nd ref="3227191135"/>
  <tag k="bridge" v="yes"/>
  <tag k="highway" v="primary"/>
  <tag k="layer" v="1"/>
  <tag k="oneway" v="no"/>
 </way>
 <way id="222492822" visible="true" version="3" changeset="114034655" timestamp="2021-11-20T17:16:33Z" user="Heinz_V" uid="91490">
  <nd ref="2314603258"/>
  <nd ref="2314603096"/>
  <nd ref="2314603158"/>
  <nd ref="2314603056"/>
  <nd ref="2314603125"/>
  <nd ref="2314603279"/>
  <nd ref="2314603218"/>
  <nd ref="2314603316"/>
  <nd ref="2314603164"/>
  <nd ref="2314603081"/>
  <nd ref="2314603118"/>
  <nd ref="2314603253"/>
  <nd ref="2314603247"/>
  <nd ref="2314603208"/>
  <nd ref="2314603228"/>
  <nd ref="2314603292"/>
  <nd ref="2314603408"/>
  <nd ref="2314603306"/>
  <nd ref="2314603387"/>
  <nd ref="2314603284"/>
  <nd ref="2314603330"/>
  <nd ref="2314603168"/>
  <nd ref="2314603098"/>
  <nd ref="2314603214"/>
  <nd ref="2314603402"/>
  <nd ref="2314603267"/>
  <nd ref="2314603333"/>
  <nd ref="2314603210"/>
  <nd ref="2314603101"/>
  <nd ref="2314603053"/>
  <nd ref="2314603070"/>
  <nd ref="2314603246"/>
  <nd ref="2314603227"/>
  <nd ref="2314603181"/>
  <nd ref="2314603311"/>
  <nd ref="2314603155"/>
  <nd ref="2314603150"/>
  <nd ref="2314603134"/>
  <nd ref="2314603235"/>
  <nd ref="2314603202"/>
  <nd ref="2314603171"/>
  <nd ref="2314603104"/>
  <nd ref="2314603288"/>
  <nd ref="2314603127"/>
  <nd ref="2314603225"/>
  <nd ref="2314603337"/>
  <nd ref="2314603063"/>
  <nd ref="2314603204"/>
  <nd ref="2314603100"/>
  <nd ref="2314603160"/>
  <nd ref="2314603139"/>
  <nd ref="2314603233"/>
  <nd ref="2314603363"/>
  <nd ref="2314603099"/>
  <nd ref="2314603069"/>
  <nd ref="2314603229"/>
  <nd ref="2314603213"/>
  <nd ref="2314603262"/>
  <nd ref="2314603348"/>
  <nd ref="2314603243"/>
  <nd ref="2314603234"/>
  <nd ref="2314603219"/>
  <nd ref="2314603368"/>
  <nd ref="2314603275"/>
  <nd ref="2314603178"/>
  <nd ref="2314603132"/>
  <nd ref="2314603203"/>
  <nd ref="2314603394"/>
  <nd ref="2314603264"/>
  <nd ref="2314603077"/>
  <nd ref="2314603249"/>
  <nd ref="2314603067"/>
  <nd ref="2314603346"/>
  <nd ref="2314603252"/>
  <nd ref="2314603207"/>
  <nd ref="2314603299"/>
  <nd ref="2314603238"/>
  <nd ref="2314603232"/>
  <nd ref="2314603090"/>
  <nd ref="2314603122"/>
  <nd ref="2314603163"/>
  <nd ref="2314603410"/>
  <nd ref="2314603362"/>
  <nd ref="2314603265"/>
  <nd ref="2314603200"/>
  <nd ref="2314603354"/>
  <nd ref="2314603254"/>
  <nd ref="2314603344"/>
  <nd ref="2314603172"/>
  <nd ref="2314603052"/>
  <nd ref="2314603239"/>
  <nd ref="2314603135"/>
  <nd ref="2314603340"/>
  <nd ref="2314603274"/>
  <nd ref="2314603108"/>
  <nd ref="2314603358"/>
  <nd ref="2314603201"/>
  <nd ref="2314603248"/>
  <nd ref="2314603073"/>
  <nd ref="2314603259"/>
  <nd ref="2314603061"/>
  <nd ref="2314603332"/>
  <nd ref="2314603060"/>
  <nd ref="2314603092"/>
  <nd ref="2314603280"/>
  <nd ref="2314603182"/>
  <nd ref="2314603111"/>
  <nd ref="2314603083"/>
  <nd ref="2314603129"/>
  <nd ref="2314603166"/>
  <nd ref="2314603068"/>
  <nd ref="2314603054"/>
  <nd ref="2314603140"/>
  <nd ref="2314603105"/>
  <nd ref="2314603266"/>
  <nd ref="2314603156"/>
  <nd ref="2314603231"/>
  <nd ref="2314603352"/>
  <nd ref="2314603241"/>
  <nd ref="2314603260"/>
  <nd ref="2314603209"/>
  <nd ref="2314603109"/>
  <nd ref="2314603144"/>
  <nd ref="2314603392"/>
  <nd ref="2314603170"/>
  <nd ref="2314603196"/>
  <nd ref="2314603286"/>
  <nd ref="2314603106"/>
  <nd ref="2314603356"/>
  <nd ref="2314603283"/>
  <nd ref="2314603314"/>
  <nd ref="2314603058"/>
  <nd ref="2314603212"/>
  <nd ref="2314603065"/>
  <nd ref="2314603287"/>
  <nd ref="2314603263"/>
  <nd ref="2314603290"/>
  <nd ref="2314603116"/>
  <nd ref="2314603360"/>
  <nd ref="2314603197"/>
  <nd ref="2314603051"/>
  <nd ref="2314603183"/>
  <nd ref="2314603335"/>
  <nd ref="2314603396"/>
  <nd ref="2314603350"/>
  <nd ref="2314603123"/>
  <nd ref="2314603059"/>
  <nd ref="2314603094"/>
  <nd ref="2314603342"/>
  <nd ref="2314603277"/>
  <nd ref="2314603270"/>
  <nd ref="2314603113"/>
  <nd ref="2314603079"/>
  <nd ref="2314603324"/>
  <nd ref="2314603185"/>
  <nd ref="2314603184"/>
  <nd ref="2314603112"/>
  <nd ref="2314603062"/>
  <nd ref="2314603370"/>
  <nd ref="2314603141"/>
  <nd ref="2314603146"/>
  <nd ref="2314603406"/>
  <nd ref="2314603117"/>
  <nd ref="2314603326"/>
  <nd ref="2314603088"/>
  <nd ref="2314603072"/>
  <nd ref="2314603103"/>
  <nd ref="2314603159"/>
  <nd ref="2314603153"/>
  <nd ref="2314603383"/>
  <nd ref="2314603162"/>
  <nd ref="2314603131"/>
  <nd ref="2314603256"/>
  <nd ref="2314603093"/>
  <nd ref="2314603328"/>
  <nd ref="4440125636"/>
  <nd ref="2314603398"/>
  <nd ref="2314603173"/>
  <nd ref="2314603085"/>
  <nd ref="2314603066"/>
  <nd ref="2314603089"/>
  <nd ref="2314603179"/>
  <nd ref="2314603177"/>
  <nd ref="2314603281"/>
  <nd ref="2314603176"/>
  <nd ref="2314603126"/>
  <nd ref="2314603257"/>
  <nd ref="2314603297"/>
  <nd ref="2314603188"/>
  <nd ref="2314603136"/>
  <nd ref="2314603320"/>
  <nd ref="2314603133"/>
  <nd ref="4440125635"/>
  <nd ref="2314603365"/>
  <nd ref="2314603190"/>
  <nd ref="2314603313"/>
  <nd ref="2314603142"/>
  <nd ref="2314603143"/>
  <nd ref="2314603251"/>
  <nd ref="2314603084"/>
  <nd ref="2314603404"/>
  <nd ref="2314603272"/>
  <nd ref="2314603268"/>
  <nd ref="2314603289"/>
  <nd ref="2314603055"/>
  <nd ref="2314603078"/>
  <nd ref="2314603050"/>
  <nd ref="2314603255"/>
  <nd ref="2314603215"/>
  <nd ref="2314603409"/>
  <nd ref="2314603385"/>
  <nd ref="2314603282"/>
  <nd ref="2314603411"/>
  <nd ref="2314603075"/>
  <nd ref="2314603087"/>
  <nd ref="2314603124"/>
  <nd ref="2314603082"/>
  <nd ref="2314603193"/>
  <nd ref="2314603198"/>
  <nd ref="2314603114"/>
  <nd ref="2314603154"/>
  <nd ref="2314603095"/>
  <nd ref="2314603080"/>
  <nd ref="2314603304"/>
  <nd ref="2314603147"/>
  <nd ref="2314603389"/>
  <nd ref="2314603322"/>
  <nd ref="2314603318"/>
  <nd ref="2314603295"/>
  <nd ref="2314603211"/>
  <nd ref="2314603244"/>
  <nd ref="2314603271"/>
  <nd ref="2314603076"/>
  <nd ref="2314603091"/>
  <nd ref="2314603302"/>
  <nd ref="2314603199"/>
  <nd ref="2314603293"/>
  <nd ref="2314603273"/>
  <nd ref="2314603119"/>
  <nd ref="2314603258"/>
  <tag k="natural" v="water"/>
  <tag k="water" v="river"/>
 </way>
 <way id="222492824" visible="true" version="3" changeset="134273747" timestamp="2023-03-29T18:04:17Z" user="PlaneMad" uid="1306">
  <nd ref="1423283139"/>
  <nd ref="2314603152"/>
  <nd ref="2314603240"/>
  <nd ref="3251590620"/>
  <nd ref="3251590930"/>
  <nd ref="2315565427"/>
  <nd ref="3251590840"/>
  <nd ref="3251590568"/>
  <nd ref="3251591136"/>
  <nd ref="3251590361"/>
  <nd ref="2315565299"/>
  <nd ref="3251591200"/>
  <nd ref="3251591198"/>
  <nd ref="2315565585"/>
  <nd ref="2315565704"/>
  <nd ref="3251590416"/>
  <nd ref="2315565369"/>
  <nd ref="3251590828"/>
  <nd ref="2315565346"/>
  <nd ref="3251590397"/>
  <nd ref="2315565626"/>
  <nd ref="3251590715"/>
  <nd ref="2315565345"/>
  <nd ref="3251590553"/>
  <nd ref="2315565396"/>
  <nd ref="2315565591"/>
  <nd ref="2315565615"/>
  <nd ref="3251590611"/>
  <nd ref="2315565628"/>
  <nd ref="2315565577"/>
  <nd ref="2315565296"/>
  <nd ref="2315565303"/>
  <nd ref="2315565316"/>
  <nd ref="2315565320"/>
  <tag k="highway" v="secondary"/>
  <tag k="name" v="Baramati Songaon Road"/>
  <tag k="oneway" v="no"/>
 </way>
 <way id="222492826" visible="true" version="6" changeset="142084237" timestamp="2023-10-03T07:07:01Z" user="iamsaurabhc" uid="19505666">
  <nd ref="2314603152"/>
  <nd ref="3251590681"/>
  <nd ref="3251588198"/>
  <nd ref="2314616806"/>
  <nd ref="3251590820"/>
  <nd ref="3251591074"/>
  <nd ref="2314603222"/>
  <nd ref="2314603195"/>
  <nd ref="2314603407"/>
  <tag k="highway" v="residential"/>
  <tag k="name" v="Doctor Ambedakar Putalal Road"/>
  <tag k="oneway" v="no"/>
 </way>
 <way id="222492827" visible="true" version="2" changeset="27683350" timestamp="2014-12-25T04:55:29Z" user="EC95" uid="2410326">
  <nd ref="2314603236"/>
  <nd ref="3251591211"/>
  <nd ref="2314603064"/>
  <tag k="highway" v="primary"/>
  <tag k="oneway" v="no"/>
 </way>
 <way id="222492829" visible="true" version="4" changeset="27683350" timestamp="2014-12-25T05:05:06Z" user="EC95" uid="2410326">
  <nd ref="3227191135"/>
  <nd ref="3251593345"/>
  <nd ref="1423283173"/>
  <nd ref="3251593401"/>
  <nd ref="1860218559"/>
  <nd ref="3251593363"/>
  <nd ref="3251588518"/>
  <nd ref="3251588557"/>
  <nd ref="3251593371"/>
  <nd ref="1423283195"/>
  <nd ref="3251588555"/>
  <nd ref="1423283200"/>
  <tag k="highway" v="primary"/>
  <tag k="oneway" v="no"/>
 </way>
 <way id="222493865" visible="true" version="3" changeset="142084237" timestamp="2023-10-03T07:07:01Z" user="iamsaurabhc" uid="19505666">
  <nd ref="2314616639"/>
  <nd ref="2314616688"/>
  <nd ref="2314616568"/>
  <nd ref="2314616546"/>
  <nd ref="2314616790"/>
  <nd ref="2314616753"/>
  <nd ref="2314616695"/>
  <nd ref="2314616645"/>
  <tag k="highway" v="residential"/>
  <tag k="oneway" v="no"/>
 </way>
 <way id="222493867" visible="true" version="2" changeset="19988925" timestamp="2014-01-14T11:50:40Z" user="parambyte" uid="715224">
  <nd ref="2622104856"/>
  <nd ref="2622104844"/>
  <nd ref="2622104741"/>
  <nd ref="2622104851"/>
  <nd ref="2622104928"/>
  <nd ref="2622104875"/>
  <nd ref="2622104889"/>
  <nd ref="2622104866"/>
  <nd ref="2622104882"/>
  <nd ref="2622104930"/>
  <nd ref="2314616770"/>
  <nd ref="2314616692"/>
  <nd ref="2314616732"/>
  <nd ref="2314616566"/>
  <nd ref="2314616555"/>
  <nd ref="2314616759"/>
  <nd ref="2314616570"/>
  <nd ref="2314616614"/>
  <nd ref="2314616578"/>
  <nd ref="2314616697"/>
  <nd ref="2314616809"/>
  <nd ref="2314616542"/>
  <nd ref="2314616737"/>
  <nd ref="2314616752"/>
  <nd ref="2314616569"/>
  <nd ref="2314616672"/>
  <nd ref="2314616685"/>
  <nd ref="2314616760"/>
  <nd ref="2314616761"/>
  <nd ref="2314616712"/>
  <nd ref="2314616612"/>
  <nd ref="2314616563"/>
  <nd ref="2314616544"/>
  <nd ref="2314616673"/>
  <nd ref="2314616559"/>
  <nd ref="2314616686"/>
  <nd ref="2314616694"/>
  <nd ref="2314616755"/>
  <nd ref="2314616803"/>
  <nd ref="2314616599"/>
  <nd ref="2314616556"/>
  <nd ref="2314616534"/>
  <nd ref="2314616733"/>
  <nd ref="2314616663"/>
  <nd ref="2314616558"/>
  <nd ref="2314616540"/>
  <nd ref="2314616601"/>
  <nd ref="2314616616"/>
  <nd ref="2314616603"/>
  <nd ref="2314616528"/>
  <nd ref="2314616583"/>
  <nd ref="2314616662"/>
  <nd ref="2314616575"/>
  <nd ref="2314616564"/>
  <nd ref="2314616596"/>
  <nd ref="2314616589"/>
  <nd ref="2314616521"/>
  <nd ref="2314616683"/>
  <nd ref="2314616590"/>
  <nd ref="2314616795"/>
  <nd ref="2314616665"/>
  <nd ref="2314616650"/>
  <nd ref="2314616767"/>
  <nd ref="2314616743"/>
  <nd ref="2314616730"/>
  <nd ref="2314616580"/>
  <nd ref="2314616525"/>
  <nd ref="2314616766"/>
  <nd ref="2314616717"/>
  <nd ref="2314616678"/>
  <nd ref="2314616640"/>
  <nd ref="2314616539"/>
  <nd ref="2314616635"/>
  <nd ref="2314616668"/>
  <nd ref="2314616547"/>
  <nd ref="2314616756"/>
  <nd ref="2314616548"/>
  <nd ref="2314616812"/>
  <nd ref="2314616584"/>
  <nd ref="2314616615"/>
  <nd ref="2314616597"/>
  <nd ref="2314616799"/>
  <nd ref="2314616693"/>
  <nd ref="2314616702"/>
  <nd ref="2314616808"/>
  <nd ref="2314616744"/>
  <nd ref="2314616661"/>
  <nd ref="2314616658"/>
  <nd ref="2314616631"/>
  <nd ref="2314616560"/>
  <nd ref="2314616720"/>
  <nd ref="2314616735"/>
  <nd ref="2314616529"/>
  <nd ref="2314616801"/>
  <nd ref="2314616538"/>
  <nd ref="2314616520"/>
  <nd ref="2314616537"/>
  <nd ref="2314616742"/>
  <nd ref="2314616530"/>
  <nd ref="2314616664"/>
  <nd ref="2314603149"/>
  <nd ref="2125145032"/>
  <tag k="waterway" v="stream"/>
 </way>
 <way id="222493868" visible="true" version="10" changeset="162755504" timestamp="2025-02-20T20:00:35Z" user="Ayumu &quot;Osaka&quot; Kasuga" uid="21931680">
  <nd ref="2314616675"/>
  <nd ref="5661464660"/>
  <nd ref="5658355162"/>
  <nd ref="12605088524"/>
  <nd ref="3148726600"/>
  <nd ref="3254591006"/>
  <nd ref="3254590842"/>
  <nd ref="3254590774"/>
  <nd ref="2314603120"/>
  <nd ref="3254590528"/>
  <nd ref="3254590525"/>
  <nd ref="245643437"/>
  <nd ref="3254591097"/>
  <nd ref="2314603194"/>
  <nd ref="3254590686"/>
  <nd ref="2314603221"/>
  <nd ref="3254590787"/>
  <nd ref="3254590750"/>
  <nd ref="3148726606"/>
  <tag k="highway" v="secondary"/>
  <tag k="oneway" v="no"/>
  <tag k="ref" v="NH965G"/>
  <tag k="ref:old" v="SH66"/>
 </way>
 <way id="222493869" visible="true" version="4" changeset="142084237" timestamp="2023-10-03T07:07:01Z" user="iamsaurabhc" uid="19505666">
  <nd ref="2314616571"/>
  <nd ref="2314616652"/>
  <nd ref="2314616659"/>
  <nd ref="2314616750"/>
  <nd ref="2314616639"/>
  <nd ref="2314616654"/>
  <nd ref="2314616681"/>
  <nd ref="2314616557"/>
  <nd ref="2314616796"/>
  <nd ref="2314616613"/>
  <nd ref="2314616798"/>
  <nd ref="2314616645"/>
  <nd ref="2314616670"/>
  <nd ref="3251590445"/>
  <nd ref="2314616533"/>
  <tag k="highway" v="residential"/>
  <tag k="oneway" v="no"/>
 </way>
 <way id="222493870" visible="true" version="1" changeset="16225168" timestamp="2013-05-21T14:45:07Z" user="parambyte" uid="715224">
  <nd ref="2314616802"/>
  <nd ref="2314616806"/>
  <nd ref="2314616531"/>
  <tag k="highway" v="tertiary"/>
  <tag k="oneway" v="no"/>
 </way>
 <way id="222493871" visible="true" version="5" changeset="142084237" timestamp="2023-10-03T07:07:01Z" user="iamsaurabhc" uid="19505666">
  <nd ref="2314616557"/>
  <nd ref="3254591082"/>
  <nd ref="3251590663"/>
  <nd ref="2314616680"/>
  <nd ref="2314616748"/>
  <nd ref="2314616704"/>
  <nd ref="2314616620"/>
  <tag k="highway" v="residential"/>
  <tag k="oneway" v="no"/>
 </way>
 <way id="222604165" visible="true" version="3" changeset="27683350" timestamp="2014-12-25T04:55:32Z" user="EC95" uid="2410326">
  <nd ref="2315565365"/>
  <nd ref="3251590554"/>
  <nd ref="2315565524"/>
  <nd ref="3251590528"/>
  <nd ref="2315565270"/>
  <nd ref="2315565499"/>
  <nd ref="3251590830"/>
  <nd ref="2315565485"/>
  <nd ref="2315565686"/>
  <tag k="highway" v="residential"/>
  <tag k="oneway" v="no"/>
 </way>
 <way id="222604180" visible="true" version="3" changeset="27683350" timestamp="2014-12-25T04:55:32Z" user="EC95" uid="2410326">
  <nd ref="2315565579"/>
  <nd ref="3251590660"/>
  <nd ref="3251590893"/>
  <nd ref="2315565497"/>
  <nd ref="3251588194"/>
  <nd ref="2315565485"/>
  <tag k="highway" v="residential"/>
  <tag k="oneway" v="no"/>
 </way>
 <way id="222604182" visible="true" version="3" changeset="142084976" timestamp="2023-10-03T07:20:45Z" user="jyotikatke" uid="19620700">
  <nd ref="2315565581"/>
  <nd ref="2315565413"/>
  <tag k="highway" v="residential"/>
  <tag k="oneway" v="no"/>
 </way>
 <way id="222604184" visible="true" version="4" changeset="134273747" timestamp="2023-03-29T18:04:17Z" user="PlaneMad" uid="1306">
  <nd ref="2315565365"/>
  <nd ref="2315565326"/>
  <nd ref="2315565330"/>
  <nd ref="3251590723"/>
  <nd ref="3251590640"/>
  <nd ref="3251590739"/>
  <nd ref="10771574242"/>
  <nd ref="1423283145"/>
  <tag k="highway" v="residential"/>
  <tag k="oneway" v="no"/>
 </way>
 <way id="222604187" visible="true" version="6" changeset="161720000" timestamp="2025-01-24T16:38:56Z" user="sakshi_96" uid="22420495">
  <nd ref="2315565354"/>
  <nd ref="3251590713"/>
  <nd ref="2315566652"/>
  <nd ref="2315565379"/>
  <nd ref="3251590638"/>
  <nd ref="3251590799"/>
  <nd ref="12529678392"/>
  <nd ref="3251590655"/>
  <nd ref="2315565243"/>
  <nd ref="2315565387"/>
  <nd ref="3251590550"/>
  <nd ref="3227191077"/>
  <nd ref="2315565657"/>
  <nd ref="3251590439"/>
  <nd ref="2315565674"/>
  <nd ref="3227191063"/>
  <nd ref="2315565676"/>
  <nd ref="3251590501"/>
  <nd ref="2315565377"/>
  <tag k="highway" v="residential"/>
  <tag k="oneway" v="no"/>
 </way>
 <way id="222604188" visible="true" version="3" changeset="134273747" timestamp="2023-03-29T18:04:17Z" user="PlaneMad" uid="1306">
  <nd ref="2315565542"/>
  <nd ref="2315565573"/>
  <nd ref="2315565559"/>
  <nd ref="3251591208"/>
  <nd ref="2315565547"/>
  <nd ref="2315565360"/>
  <nd ref="3251591174"/>
  <nd ref="2315565261"/>
  <nd ref="2315565373"/>
  <tag k="highway" v="unclassified"/>
  <tag k="oneway" v="no"/>
 </way>
 <way id="222604190" visible="true" version="2" changeset="27683350" timestamp="2014-12-25T04:55:33Z" user="EC95" uid="2410326">
  <nd ref="2315565363"/>
  <nd ref="3251591193"/>
  <nd ref="3251590935"/>
  <nd ref="3251591082"/>
  <nd ref="3251590923"/>
  <nd ref="3251590366"/>
  <nd ref="2315565249"/>
  <tag k="highway" v="tertiary"/>
  <tag k="oneway" v="no"/>
 </way>
 <way id="222604191" visible="true" version="3" changeset="27683350" timestamp="2014-12-25T04:55:33Z" user="EC95" uid="2410326">
  <nd ref="2315565425"/>
  <nd ref="3251588226"/>
  <nd ref="2315565579"/>
  <nd ref="3251590630"/>
  <nd ref="3251590466"/>
  <nd ref="2315565622"/>
  <tag k="highway" v="residential"/>
  <tag k="oneway" v="no"/>
 </way>
 <way id="222604192" visible="true" version="4" changeset="142084237" timestamp="2023-10-03T07:07:01Z" user="iamsaurabhc" uid="19505666">
  <nd ref="2314603400"/>
  <nd ref="2315565258"/>
  <nd ref="2315565290"/>
  <nd ref="2315565284"/>
  <nd ref="2315565473"/>
  <nd ref="2315565655"/>
  <nd ref="2315565375"/>
  <nd ref="2315565371"/>
  <nd ref="2315565575"/>
  <nd ref="2315565665"/>
  <nd ref="2315565538"/>
  <nd ref="3251591213"/>
  <nd ref="2315565651"/>
  <nd ref="2315565540"/>
  <nd ref="2315565344"/>
  <nd ref="2315565698"/>
  <nd ref="2315565252"/>
  <tag k="highway" v="residential"/>
  <tag k="oneway" v="no"/>
 </way>
 <way id="222604197" visible="true" version="6" changeset="142084976" timestamp="2023-10-03T07:20:45Z" user="jyotikatke" uid="19620700">
  <nd ref="2315565387"/>
  <nd ref="3251590417"/>
  <nd ref="2315566633"/>
  <nd ref="3251590750"/>
  <nd ref="3251590867"/>
  <nd ref="3251590467"/>
  <nd ref="2315565413"/>
  <nd ref="3251590765"/>
  <nd ref="3251588249"/>
  <nd ref="2315565339"/>
  <nd ref="2315565671"/>
  <nd ref="2315565347"/>
  <nd ref="2315565632"/>
  <tag k="highway" v="residential"/>
  <tag k="oneway" v="no"/>
 </way>
 <way id="222604200" visible="true" version="3" changeset="27683350" timestamp="2014-12-25T04:55:33Z" user="EC95" uid="2410326">
  <nd ref="2315565597"/>
  <nd ref="2315565367"/>
  <nd ref="2315565328"/>
  <nd ref="3251590408"/>
  <nd ref="2315565338"/>
  <nd ref="2315565634"/>
  <nd ref="3251590510"/>
  <nd ref="3251588217"/>
  <nd ref="2315565539"/>
  <nd ref="2315565514"/>
  <nd ref="2315565712"/>
  <nd ref="2315565553"/>
  <nd ref="3251590671"/>
  <nd ref="2315565715"/>
  <nd ref="2315565645"/>
  <tag k="highway" v="residential"/>
  <tag k="oneway" v="no"/>
 </way>
 <way id="222604203" visible="true" version="4" changeset="142084237" timestamp="2023-10-03T07:07:01Z" user="iamsaurabhc" uid="19505666">
  <nd ref="2315565394"/>
  <nd ref="2315565532"/>
  <nd ref="2315565659"/>
  <nd ref="3251590542"/>
  <nd ref="2315565581"/>
  <tag k="highway" v="residential"/>
  <tag k="oneway" v="no"/>
 </way>
 <way id="222604205" visible="true" version="2" changeset="134273747" timestamp="2023-03-29T18:04:17Z" user="PlaneMad" uid="1306">
  <nd ref="2131145542"/>
  <nd ref="2315565351"/>
  <nd ref="2315565400"/>
  <nd ref="2315565630"/>
  <nd ref="2315565277"/>
  <tag k="highway" v="unclassified"/>
  <tag k="oneway" v="no"/>
 </way>
 <way id="222604206" visible="true" version="3" changeset="27683350" timestamp="2014-12-25T04:55:33Z" user="EC95" uid="2410326">
  <nd ref="2315565497"/>
  <nd ref="3251590957"/>
  <nd ref="2315565342"/>
  <nd ref="3251590563"/>
  <nd ref="3251590796"/>
  <nd ref="2315565700"/>
  <tag k="highway" v="residential"/>
  <tag k="oneway" v="no"/>
 </way>
 <way id="222604207" visible="true" version="3" changeset="27683350" timestamp="2014-12-25T04:55:33Z" user="EC95" uid="2410326">
  <nd ref="2315565392"/>
  <nd ref="2315565479"/>
  <nd ref="3251588239"/>
  <nd ref="3251590904"/>
  <nd ref="3251590664"/>
  <nd ref="2315565365"/>
  <nd ref="3251590508"/>
  <nd ref="2315565595"/>
  <tag k="highway" v="residential"/>
  <tag k="oneway" v="no"/>
 </way>
 <way id="222604208" visible="true" version="3" changeset="142084237" timestamp="2023-10-03T07:07:01Z" user="iamsaurabhc" uid="19505666">
  <nd ref="2315565532"/>
  <nd ref="2315565340"/>
  <nd ref="2315565503"/>
  <tag k="highway" v="residential"/>
  <tag k="oneway" v="no"/>
 </way>
 <way id="222604209" visible="true" version="4" changeset="142084237" timestamp="2023-10-03T07:07:01Z" user="iamsaurabhc" uid="19505666">
  <nd ref="2315565537"/>
  <nd ref="2315565643"/>
  <nd ref="2315565597"/>
  <nd ref="3251590729"/>
  <nd ref="2315565489"/>
  <nd ref="2315565640"/>
  <nd ref="3251590505"/>
  <nd ref="2315565530"/>
  <nd ref="2315565645"/>
  <nd ref="2315565516"/>
  <nd ref="3251588221"/>
  <nd ref="2315565394"/>
  <tag k="highway" v="residential"/>
  <tag k="oneway" v="no"/>
 </way>
 <way id="222604210" visible="true" version="4" changeset="142082355" timestamp="2023-10-03T06:33:11Z" user="ompatekar" uid="16275581">
  <nd ref="2315565674"/>
  <nd ref="3227191072"/>
  <nd ref="11235240680"/>
  <nd ref="2315565415"/>
  <nd ref="2315565392"/>
  <nd ref="2315565335"/>
  <nd ref="3251590496"/>
  <nd ref="11235240681"/>
  <nd ref="3227191063"/>
  <tag k="highway" v="residential"/>
  <tag k="oneway" v="no"/>
 </way>
 <way id="222604211" visible="true" version="3" changeset="27683350" timestamp="2014-12-25T04:55:33Z" user="EC95" uid="2410326">
  <nd ref="2315565657"/>
  <nd ref="3251588235"/>
  <nd ref="3251591117"/>
  <nd ref="3251590398"/>
  <nd ref="3251590566"/>
  <nd ref="2315565647"/>
  <nd ref="2315565413"/>
  <tag k="highway" v="residential"/>
  <tag k="oneway" v="no"/>
 </way>
 <way id="222604212" visible="true" version="2" changeset="52644695" timestamp="2017-10-05T06:25:55Z" user="Hanish" uid="6755263">
  <nd ref="2315565322"/>
  <nd ref="2315565407"/>
  <nd ref="2315565440"/>
  <nd ref="2315565526"/>
  <nd ref="2315565322"/>
  <tag k="amenity" v="bus_station"/>
  <tag k="name" v="Baramati Bus Stand"/>
 </way>
 <way id="222604213" visible="true" version="3" changeset="27683350" timestamp="2014-12-25T04:55:34Z" user="EC95" uid="2410326">
  <nd ref="2315565514"/>
  <nd ref="3251590826"/>
  <nd ref="2315565641"/>
  <nd ref="2314616595"/>
  <tag k="highway" v="residential"/>
  <tag k="oneway" v="no"/>
 </way>
 <way id="222604285" visible="true" version="3" changeset="27683350" timestamp="2014-12-25T04:55:29Z" user="EC95" uid="2410326">
  <nd ref="2315566633"/>
  <nd ref="2315566606"/>
  <nd ref="2315566631"/>
  <nd ref="3251590716"/>
  <nd ref="2315566654"/>
  <nd ref="2315566652"/>
  <tag k="highway" v="residential"/>
  <tag k="oneway" v="no"/>
 </way>
 <way id="222604287" visible="true" version="2" changeset="27696095" timestamp="2014-12-25T20:43:06Z" user="EC95" uid="2410326">
  <nd ref="1423283182"/>
  <nd ref="2315566646"/>
  <nd ref="3252642141"/>
  <nd ref="3252642048"/>
  <nd ref="3252642051"/>
  <nd ref="3252642053"/>
  <nd ref="3252641950"/>
  <nd ref="3252642127"/>
  <nd ref="3252641980"/>
  <nd ref="2315566668"/>
  <tag k="highway" v="residential"/>
  <tag k="oneway" v="no"/>
 </way>
 <way id="294763734" visible="true" version="6" changeset="159465064" timestamp="2024-11-22T15:55:26Z" user="Amit Khopade" uid="20973597">
  <nd ref="2983245729"/>
  <nd ref="2983245730"/>
  <nd ref="2983245738"/>
  <nd ref="2983762848"/>
  <nd ref="2983245751"/>
  <nd ref="2983245759"/>
  <nd ref="2983245768"/>
  <nd ref="12365280897"/>
  <nd ref="2983245776"/>
  <nd ref="2983245786"/>
  <nd ref="2983245798"/>
  <nd ref="2983245806"/>
  <nd ref="2983245825"/>
  <nd ref="2983245838"/>
  <nd ref="2983245852"/>
  <nd ref="2983245864"/>
  <nd ref="2983245884"/>
  <nd ref="2983245914"/>
  <nd ref="12365280974"/>
  <nd ref="2983245953"/>
  <nd ref="2983245986"/>
  <nd ref="2983246010"/>
  <nd ref="2983246029"/>
  <nd ref="2983246051"/>
  <nd ref="2983246073"/>
  <nd ref="2983246090"/>
  <nd ref="2983246109"/>
  <nd ref="2983246130"/>
  <nd ref="2983246249"/>
  <nd ref="2983246262"/>
  <nd ref="2983246273"/>
  <nd ref="2983246278"/>
  <nd ref="2983246284"/>
  <nd ref="2983246290"/>
  <nd ref="2983246296"/>
  <nd ref="2983246311"/>
  <nd ref="2983246539"/>
  <nd ref="2983246556"/>
  <nd ref="2983246574"/>
  <nd ref="2983246588"/>
  <nd ref="2983246601"/>
  <nd ref="2983246617"/>
  <nd ref="2983246646"/>
  <nd ref="2983246652"/>
  <nd ref="2983246661"/>
  <nd ref="2983246665"/>
  <nd ref="2983246671"/>
  <nd ref="2983246690"/>
  <nd ref="2306724214"/>
  <nd ref="2306724215"/>
  <nd ref="2306724217"/>
  <nd ref="2306724218"/>
  <nd ref="2306724219"/>
  <nd ref="2306724220"/>
  <nd ref="2306724221"/>
  <nd ref="2306724222"/>
  <nd ref="2306724223"/>
  <nd ref="2306724224"/>
  <nd ref="2306724225"/>
  <nd ref="2306724226"/>
  <nd ref="2306724227"/>
  <nd ref="2306724229"/>
  <nd ref="2306724230"/>
  <nd ref="2306724231"/>
  <nd ref="2306724232"/>
  <nd ref="2306724233"/>
  <nd ref="2306724234"/>
  <nd ref="2306724235"/>
  <nd ref="2306724236"/>
  <nd ref="2306724237"/>
  <nd ref="2306724238"/>
  <nd ref="2306724239"/>
  <nd ref="2306724240"/>
  <nd ref="2306724241"/>
  <nd ref="2306724242"/>
  <nd ref="2306724244"/>
  <nd ref="2306724245"/>
  <nd ref="2306724246"/>
  <nd ref="2306724247"/>
  <nd ref="2306724248"/>
  <nd ref="2306724249"/>
  <nd ref="2306724250"/>
  <nd ref="2306724251"/>
  <nd ref="2306724252"/>
  <nd ref="2306724253"/>
  <nd ref="2306724255"/>
  <nd ref="2306724254"/>
  <nd ref="2306724256"/>
  <nd ref="2983247046"/>
  <tag k="cables" v="3"/>
  <tag k="name" v="132 kV Phaltan- Baramati SC line"/>
  <tag k="operator" v="MSETCL"/>
  <tag k="power" v="line"/>
  <tag k="voltage" v="132000"/>
 </way>
 <way id="300674880" visible="true" version="2" changeset="134273747" timestamp="2023-03-29T18:04:17Z" user="PlaneMad" uid="1306">
  <nd ref="3047805457"/>
  <nd ref="1423283157"/>
  <tag k="bridge" v="yes"/>
  <tag k="highway" v="tertiary"/>
  <tag k="layer" v="1"/>
 </way>
 <way id="300674881" visible="true" version="4" changeset="134273747" timestamp="2023-03-29T18:04:17Z" user="PlaneMad" uid="1306">
  <nd ref="1423283157"/>
  <nd ref="3251591215"/>
  <nd ref="3047805458"/>
  <nd ref="1423283158"/>
  <nd ref="3251593312"/>
  <nd ref="3251593366"/>
  <nd ref="1860218659"/>
  <nd ref="1423283167"/>
  <nd ref="3251593301"/>
  <nd ref="1423283170"/>
  <nd ref="1423283173"/>
  <tag k="highway" v="tertiary"/>
 </way>
 <way id="303454017" visible="true" version="6" changeset="134273747" timestamp="2023-03-29T18:04:17Z" user="PlaneMad" uid="1306">
  <nd ref="1423283139"/>
  <nd ref="2315565363"/>
  <nd ref="3251590863"/>
  <nd ref="1423283135"/>
  <nd ref="3148726605"/>
  <tag k="highway" v="primary"/>
  <tag k="ref:old" v="SH68"/>
 </way>
 <way id="304913733" visible="true" version="9" changeset="134273747" timestamp="2023-03-29T18:04:17Z" user="PlaneMad" uid="1306">
  <nd ref="2125145226"/>
  <nd ref="3094833402"/>
  <nd ref="3094833404"/>
  <nd ref="2125145228"/>
  <nd ref="2125145217"/>
  <nd ref="2125145213"/>
  <nd ref="2125145197"/>
  <nd ref="2125145198"/>
  <nd ref="2125145210"/>
  <nd ref="2315566660"/>
  <nd ref="2315566658"/>
  <nd ref="2315566616"/>
  <nd ref="2315566637"/>
  <nd ref="2125145205"/>
  <nd ref="2315566648"/>
  <nd ref="2315566656"/>
  <nd ref="2125145194"/>
  <nd ref="2315566624"/>
  <nd ref="2125145183"/>
  <nd ref="4440149519"/>
  <nd ref="2125145176"/>
  <nd ref="2315566664"/>
  <nd ref="2315566666"/>
  <nd ref="2125145171"/>
  <nd ref="10771574234"/>
  <nd ref="2125145165"/>
  <nd ref="2125145154"/>
  <nd ref="2125145152"/>
  <nd ref="10771574257"/>
  <nd ref="2125145158"/>
  <nd ref="2125145163"/>
  <nd ref="2622104888"/>
  <nd ref="2125145167"/>
  <nd ref="2622104737"/>
  <nd ref="2622104884"/>
  <nd ref="2622104735"/>
  <nd ref="2125145177"/>
  <nd ref="2622104857"/>
  <nd ref="2622104742"/>
  <nd ref="2125145175"/>
  <nd ref="2622104721"/>
  <nd ref="2622104765"/>
  <nd ref="2622104856"/>
  <nd ref="2622104940"/>
  <nd ref="2125145162"/>
  <nd ref="2622104763"/>
  <nd ref="2622104878"/>
  <nd ref="2622104909"/>
  <nd ref="2314616773"/>
  <nd ref="2125145148"/>
  <nd ref="2314616610"/>
  <nd ref="2314616579"/>
  <nd ref="2314616593"/>
  <nd ref="2314616586"/>
  <nd ref="2125145140"/>
  <nd ref="2314616647"/>
  <nd ref="2314616765"/>
  <nd ref="2314616561"/>
  <nd ref="5661464657"/>
  <nd ref="2314616632"/>
  <nd ref="2314616700"/>
  <nd ref="2314616574"/>
  <nd ref="2314616536"/>
  <nd ref="2314616772"/>
  <nd ref="5661464658"/>
  <nd ref="2125145118"/>
  <nd ref="5661464659"/>
  <nd ref="2314616608"/>
  <nd ref="2314616594"/>
  <nd ref="2125145086"/>
  <nd ref="2314616811"/>
  <nd ref="5661464643"/>
  <nd ref="2314616638"/>
  <nd ref="5661464642"/>
  <nd ref="5661464641"/>
  <nd ref="2314616754"/>
  <nd ref="5661464640"/>
  <nd ref="2314616746"/>
  <nd ref="5661464639"/>
  <nd ref="2314616749"/>
  <nd ref="5661464638"/>
  <nd ref="2314616552"/>
  <nd ref="2314616626"/>
  <nd ref="5658355651"/>
  <nd ref="2314616587"/>
  <nd ref="6283408860"/>
  <nd ref="5658355648"/>
  <nd ref="2314616646"/>
  <nd ref="2125145051"/>
  <nd ref="5658355659"/>
  <nd ref="5658355658"/>
  <nd ref="2314616797"/>
  <nd ref="5658355657"/>
  <nd ref="2314616715"/>
  <nd ref="2314616728"/>
  <nd ref="2314616690"/>
  <nd ref="2314616609"/>
  <nd ref="2314616763"/>
  <nd ref="2314616551"/>
  <nd ref="2314616582"/>
  <nd ref="2314616762"/>
  <nd ref="2314616741"/>
  <nd ref="2314616682"/>
  <nd ref="2314616793"/>
  <nd ref="2125145061"/>
  <nd ref="2314616653"/>
  <nd ref="2314616687"/>
  <nd ref="2314616629"/>
  <nd ref="2314616617"/>
  <nd ref="2314616581"/>
  <nd ref="2125145083"/>
  <nd ref="2314616691"/>
  <nd ref="2314616644"/>
  <nd ref="2314616721"/>
  <nd ref="2314616778"/>
  <nd ref="2314616701"/>
  <nd ref="2314616751"/>
  <nd ref="2125145070"/>
  <nd ref="2314616643"/>
  <nd ref="2314616621"/>
  <nd ref="2314616604"/>
  <nd ref="2314616768"/>
  <nd ref="2314616573"/>
  <nd ref="2314616585"/>
  <nd ref="2314616637"/>
  <nd ref="2314616669"/>
  <nd ref="2314616532"/>
  <nd ref="2314616726"/>
  <nd ref="2314616714"/>
  <nd ref="2314616628"/>
  <nd ref="2314616710"/>
  <nd ref="2314616636"/>
  <nd ref="2314616624"/>
  <nd ref="2314616775"/>
  <nd ref="2314616656"/>
  <nd ref="2314616779"/>
  <nd ref="2314616776"/>
  <nd ref="2314616747"/>
  <nd ref="2314616781"/>
  <nd ref="2314616739"/>
  <nd ref="2314616764"/>
  <nd ref="2314616625"/>
  <nd ref="2314616567"/>
  <nd ref="2314616633"/>
  <nd ref="2314616541"/>
  <nd ref="2125145014"/>
  <nd ref="2314616689"/>
  <nd ref="2314616619"/>
  <nd ref="2314616707"/>
  <nd ref="2314616782"/>
  <nd ref="2314616789"/>
  <nd ref="2314616699"/>
  <nd ref="2314616731"/>
  <nd ref="2314616705"/>
  <nd ref="2314616780"/>
  <nd ref="2314616708"/>
  <nd ref="2125145026"/>
  <nd ref="2314616769"/>
  <nd ref="2314616713"/>
  <nd ref="2314616526"/>
  <nd ref="2314616722"/>
  <nd ref="2314616734"/>
  <nd ref="2314616718"/>
  <nd ref="2314616553"/>
  <nd ref="2314616642"/>
  <nd ref="2314616655"/>
  <nd ref="2125145045"/>
  <nd ref="2314616784"/>
  <nd ref="2314616651"/>
  <nd ref="2314616724"/>
  <nd ref="2314616787"/>
  <nd ref="2314616706"/>
  <nd ref="2314616634"/>
  <nd ref="2314616606"/>
  <nd ref="2314616810"/>
  <nd ref="2314616622"/>
  <nd ref="2314616719"/>
  <nd ref="2314616725"/>
  <nd ref="2314616698"/>
  <nd ref="2314616792"/>
  <nd ref="2314616611"/>
  <nd ref="2314616788"/>
  <nd ref="2314616723"/>
  <nd ref="2314616736"/>
  <nd ref="2314616785"/>
  <nd ref="2314616679"/>
  <nd ref="2125145102"/>
  <nd ref="2314616711"/>
  <nd ref="2314616771"/>
  <nd ref="2314616600"/>
  <nd ref="2314616777"/>
  <nd ref="2314616577"/>
  <nd ref="2314616666"/>
  <nd ref="2314616709"/>
  <nd ref="2314616783"/>
  <nd ref="2125145115"/>
  <nd ref="2314616648"/>
  <nd ref="2314616524"/>
  <nd ref="2314616623"/>
  <nd ref="2125145147"/>
  <nd ref="2314616729"/>
  <nd ref="2314616676"/>
  <nd ref="5658356750"/>
  <nd ref="5658356751"/>
  <nd ref="5658356752"/>
  <nd ref="2314616592"/>
  <nd ref="5658356747"/>
  <nd ref="2125145144"/>
  <nd ref="5658356773"/>
  <nd ref="2314616657"/>
  <nd ref="5658356772"/>
  <nd ref="5658356771"/>
  <nd ref="2314618626"/>
  <nd ref="2314618635"/>
  <nd ref="2314618601"/>
  <nd ref="5658356770"/>
  <nd ref="2314618607"/>
  <nd ref="2314618609"/>
  <nd ref="5658356769"/>
  <nd ref="2314618644"/>
  <nd ref="5658356768"/>
  <nd ref="5658356767"/>
  <nd ref="2125145119"/>
  <nd ref="5658356766"/>
  <nd ref="5658356765"/>
  <nd ref="2314618604"/>
  <nd ref="5658356764"/>
  <nd ref="2314618638"/>
  <nd ref="5658356763"/>
  <nd ref="2314618596"/>
  <nd ref="5658356762"/>
  <nd ref="5658356761"/>
  <nd ref="2314618598"/>
  <nd ref="5658356760"/>
  <nd ref="2125145089"/>
  <nd ref="5658356759"/>
  <nd ref="5658356758"/>
  <nd ref="2314618618"/>
  <nd ref="5658356757"/>
  <nd ref="2314618647"/>
  <nd ref="5658356756"/>
  <nd ref="2314618623"/>
  <nd ref="2314618629"/>
  <nd ref="5658356755"/>
  <nd ref="2125145079"/>
  <nd ref="5658356754"/>
  <nd ref="5658356753"/>
  <nd ref="2314618603"/>
  <nd ref="2314618593"/>
  <tag k="waterway" v="canal"/>
  <tag k="width" v="10"/>
 </way>
 <way id="305527074" visible="true" version="4" changeset="134273747" timestamp="2023-03-29T18:04:17Z" user="PlaneMad" uid="1306">
  <nd ref="2315565387"/>
  <nd ref="3251588227"/>
  <nd ref="3251590461"/>
  <nd ref="3251591068"/>
  <nd ref="2315565342"/>
  <nd ref="10771552283"/>
  <nd ref="3251588192"/>
  <nd ref="3251590865"/>
  <nd ref="3251590540"/>
  <nd ref="2315565479"/>
  <tag k="highway" v="residential"/>
  <tag k="oneway" v="no"/>
 </way>
 <way id="309522982" visible="true" version="3" changeset="162755504" timestamp="2025-02-20T20:00:35Z" user="Ayumu &quot;Osaka&quot; Kasuga" uid="21931680">
  <nd ref="3148726606"/>
  <nd ref="3148726607"/>
  <tag k="bridge" v="yes"/>
  <tag k="highway" v="secondary"/>
  <tag k="layer" v="1"/>
  <tag k="oneway" v="no"/>
  <tag k="ref" v="NH965G"/>
  <tag k="ref:old" v="SH66"/>
 </way>
 <way id="309522986" visible="true" version="8" changeset="162957392" timestamp="2025-02-26T05:29:05Z" user="olasakeeb" uid="19294194">
  <nd ref="2125145135"/>
  <nd ref="2314603224"/>
  <nd ref="4440136011"/>
  <nd ref="4440125612"/>
  <nd ref="3251590552"/>
  <nd ref="3251591137"/>
  <nd ref="2314603217"/>
  <nd ref="3148726609"/>
  <nd ref="3251588232"/>
  <nd ref="3251590575"/>
  <nd ref="3148726608"/>
  <nd ref="3251591154"/>
  <nd ref="1423283144"/>
  <tag k="highway" v="primary"/>
  <tag k="name" v="SH221"/>
  <tag k="oneway" v="no"/>
  <tag k="ref" v="NH965G"/>
  <tag k="ref:old" v="SH66"/>
 </way>
 <way id="309522987" visible="true" version="4" changeset="134273747" timestamp="2023-03-29T18:04:17Z" user="PlaneMad" uid="1306">
  <nd ref="3148726605"/>
  <nd ref="4440128406"/>
  <nd ref="2314616757"/>
  <tag k="bridge" v="yes"/>
  <tag k="highway" v="primary"/>
  <tag k="layer" v="1"/>
  <tag k="ref:old" v="SH68"/>
 </way>
 <way id="309522988" visible="true" version="4" changeset="134273747" timestamp="2023-03-29T18:04:17Z" user="PlaneMad" uid="1306">
  <nd ref="2314616757"/>
  <nd ref="3254591117"/>
  <nd ref="3254590617"/>
  <nd ref="3254590493"/>
  <nd ref="3254590603"/>
  <nd ref="1423283129"/>
  <nd ref="3254590876"/>
  <nd ref="1423283130"/>
  <nd ref="3254590968"/>
  <nd ref="1423283134"/>
  <nd ref="1423283133"/>
  <tag k="highway" v="primary"/>
  <tag k="ref:old" v="SH68"/>
 </way>
 <way id="310421687" visible="true" version="8" changeset="162755504" timestamp="2025-02-20T20:00:35Z" user="Ayumu &quot;Osaka&quot; Kasuga" uid="21931680">
  <nd ref="2314603240"/>
  <nd ref="3251590708"/>
  <nd ref="11235221590"/>
  <nd ref="2314616531"/>
  <nd ref="3251591181"/>
  <nd ref="3251590689"/>
  <nd ref="3251590615"/>
  <nd ref="3251590949"/>
  <nd ref="3251590512"/>
  <nd ref="4440125620"/>
  <nd ref="1423283128"/>
  <nd ref="1423283136"/>
  <nd ref="3251590644"/>
  <nd ref="3251590643"/>
  <nd ref="1423283145"/>
  <tag k="highway" v="primary"/>
  <tag k="name" v="New Kacheri Road"/>
  <tag k="oneway" v="no"/>
  <tag k="ref" v="NH965G"/>
 </way>
 <way id="316588294" visible="true" version="1" changeset="27365496" timestamp="2014-12-09T21:00:26Z" user="pyram" uid="497849">
  <nd ref="3227191062"/>
  <nd ref="3227191066"/>
  <nd ref="3227191068"/>
  <nd ref="3227191070"/>
  <nd ref="3227191073"/>
  <nd ref="3227191075"/>
  <nd ref="3227191078"/>
  <nd ref="3227191081"/>
  <nd ref="3227191084"/>
  <nd ref="3227191086"/>
  <nd ref="3227191085"/>
  <nd ref="3227191083"/>
  <nd ref="3227191080"/>
  <nd ref="3227191076"/>
  <nd ref="3227191074"/>
  <nd ref="3227191071"/>
  <nd ref="3227191069"/>
  <nd ref="3227191067"/>
  <nd ref="3227191065"/>
  <nd ref="3227190859"/>
  <nd ref="3227191062"/>
  <tag k="leisure" v="pitch"/>
 </way>
 <way id="316588295" visible="true" version="3" changeset="134857526" timestamp="2023-04-13T10:58:32Z" user="Gshreya" uid="18935178">
  <nd ref="3227191090"/>
  <nd ref="1423283160"/>
  <nd ref="1423283164"/>
  <nd ref="1423283153"/>
  <nd ref="3227191090"/>
  <tag k="leisure" v="park"/>
  <tag k="name" v="Poonavala Garden"/>
 </way>
 <way id="316588296" visible="true" version="4" changeset="123068416" timestamp="2022-07-01T06:16:31Z" user="user_14062769" uid="14062769">
  <nd ref="3227190858"/>
  <nd ref="3227191082"/>
  <nd ref="3227191087"/>
  <nd ref="3227191088"/>
  <nd ref="3227191064"/>
  <nd ref="3227190858"/>
  <tag k="leisure" v="stadium"/>
  <tag k="name" v="Dr. Babasaheb Ambedkar Stadium"/>
  <tag k="name:etymology:wikidata" v="Q231690"/>
 </way>
 <way id="316588298" visible="true" version="3" changeset="81206820" timestamp="2020-02-19T07:15:44Z" user="R3_anusha" uid="10142756">
  <nd ref="3227191097"/>
  <nd ref="3227191094"/>
  <nd ref="3227191092"/>
  <nd ref="3227191106"/>
  <nd ref="3227191107"/>
  <nd ref="3227191103"/>
  <nd ref="3227191102"/>
  <nd ref="3227191105"/>
  <nd ref="3227191104"/>
  <nd ref="3227191101"/>
  <nd ref="3227191100"/>
  <nd ref="3227191098"/>
  <nd ref="3227191099"/>
  <nd ref="3227191096"/>
  <nd ref="3227191097"/>
  <tag k="addr:district" v="Pune"/>
  <tag k="addr:postcode" v="413102"/>
  <tag k="addr:state" v="Maharashtra"/>
  <tag k="addr:subdistrict" v="Baramati"/>
  <tag k="amenity" v="hospital"/>
  <tag k="building" v="yes"/>
  <tag k="description" v="Sub District Hospital"/>
  <tag k="name" v="Silver Jubilee Sub District Hospital, Baramati"/>
  <tag k="source" v="OpenGovernmentData"/>
 </way>
 <way id="316588300" visible="true" version="1" changeset="27365496" timestamp="2014-12-09T21:00:26Z" user="pyram" uid="497849">
  <nd ref="3227190839"/>
  <nd ref="3227190847"/>
  <nd ref="3227190835"/>
  <nd ref="3227190826"/>
  <nd ref="3227190833"/>
  <nd ref="3227190832"/>
  <nd ref="3227190829"/>
  <nd ref="3227190828"/>
  <nd ref="3227190831"/>
  <nd ref="3227190830"/>
  <nd ref="3227190825"/>
  <nd ref="3227190834"/>
  <nd ref="3227190846"/>
  <nd ref="3227190836"/>
  <nd ref="3227190837"/>
  <nd ref="3227190840"/>
  <nd ref="3227190841"/>
  <nd ref="3227190844"/>
  <nd ref="3227190845"/>
  <nd ref="3227190842"/>
  <nd ref="3227190843"/>
  <nd ref="3227190838"/>
  <nd ref="3227190839"/>
  <tag k="building" v="yes"/>
 </way>
 <way id="316588302" visible="true" version="1" changeset="27365496" timestamp="2014-12-09T21:00:26Z" user="pyram" uid="497849">
  <nd ref="3227190856"/>
  <nd ref="3227190857"/>
  <nd ref="3227191061"/>
  <nd ref="3227190860"/>
  <nd ref="3227190856"/>
  <tag k="building" v="yes"/>
 </way>
 <way id="316588303" visible="true" version="1" changeset="27365496" timestamp="2014-12-09T21:00:26Z" user="pyram" uid="497849">
  <nd ref="3227190854"/>
  <nd ref="3227190855"/>
  <nd ref="3227190853"/>
  <nd ref="3227190852"/>
  <nd ref="3227190854"/>
  <tag k="building" v="yes"/>
 </way>
 <way id="316588305" visible="true" version="1" changeset="27365496" timestamp="2014-12-09T21:00:26Z" user="pyram" uid="497849">
  <nd ref="3227190849"/>
  <nd ref="3227190851"/>
  <nd ref="3227190850"/>
  <nd ref="3227190848"/>
  <nd ref="3227190849"/>
  <tag k="building" v="yes"/>
 </way>
 <way id="316588306" visible="true" version="1" changeset="27365496" timestamp="2014-12-09T21:00:27Z" user="pyram" uid="497849">
  <nd ref="3227191131"/>
  <nd ref="3227191134"/>
  <nd ref="3227191133"/>
  <nd ref="3227191130"/>
  <nd ref="3227191131"/>
  <tag k="building" v="yes"/>
 </way>
 <way id="316588335" visible="true" version="3" changeset="134273747" timestamp="2023-03-29T18:04:17Z" user="PlaneMad" uid="1306">
  <nd ref="1860278650"/>
  <nd ref="3251588220"/>
  <nd ref="3251590701"/>
  <nd ref="3251590903"/>
  <nd ref="3227191127"/>
  <tag k="highway" v="tertiary"/>
 </way>
 <way id="316588337" visible="true" version="3" changeset="142084976" timestamp="2023-10-03T07:20:45Z" user="jyotikatke" uid="19620700">
  <nd ref="2315565379"/>
  <nd ref="3251590944"/>
  <nd ref="3251590525"/>
  <nd ref="3251590386"/>
  <nd ref="2315565700"/>
  <nd ref="3251591166"/>
  <nd ref="11235289291"/>
  <nd ref="3251590658"/>
  <nd ref="2315565579"/>
  <tag k="highway" v="residential"/>
  <tag k="oneway" v="no"/>
 </way>
 <way id="316588339" visible="true" version="2" changeset="27683350" timestamp="2014-12-25T04:55:34Z" user="EC95" uid="2410326">
  <nd ref="2315565676"/>
  <nd ref="3251590885"/>
  <nd ref="2315565678"/>
  <nd ref="2315565638"/>
  <nd ref="3251590388"/>
  <nd ref="3251590389"/>
  <nd ref="2315565647"/>
  <tag k="highway" v="residential"/>
  <tag k="oneway" v="no"/>
 </way>
 <way id="316588341" visible="true" version="2" changeset="27683350" timestamp="2014-12-25T04:55:34Z" user="EC95" uid="2410326">
  <nd ref="3227191077"/>
  <nd ref="3251590846"/>
  <nd ref="3227191079"/>
  <nd ref="3227191072"/>
  <tag k="highway" v="residential"/>
 </way>
 <way id="318781152" visible="true" version="1" changeset="27683350" timestamp="2014-12-25T04:55:16Z" user="EC95" uid="2410326">
  <nd ref="3251590666"/>
  <nd ref="3251590495"/>
  <tag k="highway" v="residential"/>
  <tag k="oneway" v="no"/>
 </way>
 <way id="318781154" visible="true" version="1" changeset="27683350" timestamp="2014-12-25T04:55:16Z" user="EC95" uid="2410326">
  <nd ref="3251591196"/>
  <nd ref="3251591195"/>
  <nd ref="3251590901"/>
  <nd ref="3251591191"/>
  <nd ref="3251590538"/>
  <nd ref="3251590482"/>
  <nd ref="3251588258"/>
  <nd ref="3251591062"/>
  <nd ref="3251590909"/>
  <nd ref="3251590511"/>
  <nd ref="3251590586"/>
  <tag k="highway" v="residential"/>
  <tag k="oneway" v="no"/>
 </way>
 <way id="318781156" visible="true" version="1" changeset="27683350" timestamp="2014-12-25T04:55:16Z" user="EC95" uid="2410326">
  <nd ref="3251590614"/>
  <nd ref="3251588190"/>
  <tag k="highway" v="residential"/>
  <tag k="oneway" v="no"/>
 </way>
 <way id="318781157" visible="true" version="1" changeset="27683350" timestamp="2014-12-25T04:55:16Z" user="EC95" uid="2410326">
  <nd ref="3251591098"/>
  <nd ref="3251590630"/>
  <tag k="highway" v="residential"/>
  <tag k="oneway" v="no"/>
 </way>
 <way id="318781160" visible="true" version="1" changeset="27683350" timestamp="2014-12-25T04:55:16Z" user="EC95" uid="2410326">
  <nd ref="3251590905"/>
  <nd ref="3251591101"/>
  <nd ref="3251590871"/>
  <nd ref="3251591122"/>
  <nd ref="3251590497"/>
  <nd ref="3251588215"/>
  <nd ref="3251591184"/>
  <nd ref="3251590539"/>
  <nd ref="3251590453"/>
  <nd ref="3251591158"/>
  <nd ref="3251590527"/>
  <nd ref="3251590522"/>
  <nd ref="3251590377"/>
  <nd ref="3251588216"/>
  <nd ref="3251590751"/>
  <nd ref="1860218626"/>
  <tag k="highway" v="residential"/>
  <tag k="oneway" v="no"/>
 </way>
 <way id="318781161" visible="true" version="1" changeset="27683350" timestamp="2014-12-25T04:55:16Z" user="EC95" uid="2410326">
  <nd ref="3251590695"/>
  <nd ref="3251590370"/>
  <nd ref="3251591074"/>
  <tag k="highway" v="residential"/>
  <tag k="oneway" v="no"/>
 </way>
 <way id="318781162" visible="true" version="1" changeset="27683350" timestamp="2014-12-25T04:55:16Z" user="EC95" uid="2410326">
  <nd ref="3251591066"/>
  <nd ref="3251590601"/>
  <tag k="highway" v="residential"/>
  <tag k="oneway" v="no"/>
 </way>
 <way id="318781164" visible="true" version="1" changeset="27683350" timestamp="2014-12-25T04:55:17Z" user="EC95" uid="2410326">
  <nd ref="2315565290"/>
  <nd ref="3251590853"/>
  <nd ref="3251591116"/>
  <nd ref="3251588223"/>
  <nd ref="3251590831"/>
  <nd ref="3251591124"/>
  <nd ref="3251590782"/>
  <nd ref="3251591141"/>
  <nd ref="3251591115"/>
  <tag k="highway" v="residential"/>
  <tag k="oneway" v="no"/>
 </way>
 <way id="318781165" visible="true" version="1" changeset="27683350" timestamp="2014-12-25T04:55:17Z" user="EC95" uid="2410326">
  <nd ref="3251591169"/>
  <nd ref="3251590468"/>
  <nd ref="3251590747"/>
  <tag k="highway" v="residential"/>
  <tag k="oneway" v="no"/>
 </way>
 <way id="318781166" visible="true" version="1" changeset="27683350" timestamp="2014-12-25T04:55:17Z" user="EC95" uid="2410326">
  <nd ref="3251591155"/>
  <nd ref="3251590837"/>
  <nd ref="3251590627"/>
  <nd ref="3251590414"/>
  <tag k="highway" v="residential"/>
  <tag k="oneway" v="no"/>
 </way>
 <way id="318781167" visible="true" version="1" changeset="27683350" timestamp="2014-12-25T04:55:17Z" user="EC95" uid="2410326">
  <nd ref="3251590576"/>
  <nd ref="3251590423"/>
  <nd ref="3251591177"/>
  <tag k="highway" v="residential"/>
  <tag k="oneway" v="no"/>
 </way>
 <way id="318781169" visible="true" version="1" changeset="27683350" timestamp="2014-12-25T04:55:17Z" user="EC95" uid="2410326">
  <nd ref="3251591126"/>
  <nd ref="3251590914"/>
  <nd ref="3251588245"/>
  <nd ref="3251590723"/>
  <tag k="highway" v="residential"/>
  <tag k="oneway" v="no"/>
 </way>
 <way id="318781170" visible="true" version="2" changeset="134273747" timestamp="2023-03-29T18:04:17Z" user="PlaneMad" uid="1306">
  <nd ref="1423283141"/>
  <nd ref="3251590700"/>
  <nd ref="3251590457"/>
  <nd ref="3251590567"/>
  <nd ref="3251588198"/>
  <tag k="highway" v="residential"/>
  <tag k="oneway" v="no"/>
 </way>
 <way id="318781171" visible="true" version="1" changeset="27683350" timestamp="2014-12-25T04:55:17Z" user="EC95" uid="2410326">
  <nd ref="3251590407"/>
  <nd ref="3251590887"/>
  <nd ref="3251590660"/>
  <nd ref="3251590406"/>
  <nd ref="3251590796"/>
  <tag k="highway" v="residential"/>
  <tag k="oneway" v="no"/>
 </way>
 <way id="318781172" visible="true" version="1" changeset="27683350" timestamp="2014-12-25T04:55:17Z" user="EC95" uid="2410326">
  <nd ref="3251590820"/>
  <nd ref="3251590481"/>
  <nd ref="3251590689"/>
  <tag k="highway" v="residential"/>
  <tag k="oneway" v="no"/>
 </way>
 <way id="318781173" visible="true" version="1" changeset="27683350" timestamp="2014-12-25T04:55:17Z" user="EC95" uid="2410326">
  <nd ref="3251590431"/>
  <nd ref="2131145549"/>
  <tag k="highway" v="residential"/>
  <tag k="oneway" v="no"/>
 </way>
 <way id="318781174" visible="true" version="1" changeset="27683350" timestamp="2014-12-25T04:55:17Z" user="EC95" uid="2410326">
  <nd ref="3251588227"/>
  <nd ref="3251590672"/>
  <nd ref="3251590897"/>
  <nd ref="3251590846"/>
  <tag k="highway" v="residential"/>
  <tag k="oneway" v="no"/>
 </way>
 <way id="318781175" visible="true" version="3" changeset="142082317" timestamp="2023-10-03T06:32:02Z" user="ompatekar" uid="16275581">
  <nd ref="3251590607"/>
  <nd ref="3251590570"/>
  <nd ref="11235221593"/>
  <nd ref="3251590622"/>
  <nd ref="3251590806"/>
  <nd ref="4440125613"/>
  <nd ref="3251590552"/>
  <tag k="highway" v="residential"/>
  <tag k="oneway" v="no"/>
 </way>
 <way id="318781176" visible="true" version="1" changeset="27683350" timestamp="2014-12-25T04:55:17Z" user="EC95" uid="2410326">
  <nd ref="3251591137"/>
  <nd ref="3251591079"/>
  <nd ref="3251590704"/>
  <nd ref="3251590780"/>
  <nd ref="3251591061"/>
  <nd ref="3251590383"/>
  <nd ref="3251590673"/>
  <nd ref="3251591070"/>
  <nd ref="3251588208"/>
  <nd ref="3251590653"/>
  <nd ref="3251588177"/>
  <tag k="highway" v="residential"/>
  <tag k="oneway" v="no"/>
 </way>
 <way id="318781180" visible="true" version="2" changeset="179472285" timestamp="2026-03-07T04:32:30Z" user="akashpuri" uid="23890431">
  <nd ref="3251591081"/>
  <nd ref="13624351934"/>
  <nd ref="3251590668"/>
  <nd ref="3251590542"/>
  <tag k="highway" v="residential"/>
  <tag k="oneway" v="no"/>
 </way>
 <way id="318781181" visible="true" version="1" changeset="27683350" timestamp="2014-12-25T04:55:18Z" user="EC95" uid="2410326">
  <nd ref="3251591104"/>
  <nd ref="3251591121"/>
  <tag k="highway" v="residential"/>
  <tag k="oneway" v="no"/>
 </way>
 <way id="318781183" visible="true" version="1" changeset="27683350" timestamp="2014-12-25T04:55:18Z" user="EC95" uid="2410326">
  <nd ref="3251590941"/>
  <nd ref="3251590800"/>
  <nd ref="3251590848"/>
  <nd ref="3251590635"/>
  <nd ref="3251591100"/>
  <nd ref="3251590931"/>
  <nd ref="3251590661"/>
  <nd ref="3251590825"/>
  <nd ref="3251590581"/>
  <nd ref="3251588251"/>
  <nd ref="3251588206"/>
  <tag k="highway" v="residential"/>
  <tag k="oneway" v="no"/>
 </way>
 <way id="318781184" visible="true" version="1" changeset="27683350" timestamp="2014-12-25T04:55:18Z" user="EC95" uid="2410326">
  <nd ref="3251591199"/>
  <nd ref="3251590703"/>
  <nd ref="3251590446"/>
  <nd ref="3251590697"/>
  <nd ref="3251590677"/>
  <nd ref="3251590566"/>
  <tag k="highway" v="residential"/>
  <tag k="oneway" v="no"/>
 </way>
 <way id="318781185" visible="true" version="1" changeset="27683350" timestamp="2014-12-25T04:55:18Z" user="EC95" uid="2410326">
  <nd ref="3251591068"/>
  <nd ref="3251591157"/>
  <nd ref="3251590778"/>
  <nd ref="3251590862"/>
  <tag k="highway" v="residential"/>
  <tag k="oneway" v="no"/>
 </way>
 <way id="318781186" visible="true" version="1" changeset="27683350" timestamp="2014-12-25T04:55:18Z" user="EC95" uid="2410326">
  <nd ref="3251591172"/>
  <nd ref="3251590784"/>
  <nd ref="3251590868"/>
  <nd ref="3251590885"/>
  <tag k="highway" v="residential"/>
  <tag k="oneway" v="no"/>
 </way>
 <way id="318781188" visible="true" version="1" changeset="27683350" timestamp="2014-12-25T04:55:18Z" user="EC95" uid="2410326">
  <nd ref="3251588221"/>
  <nd ref="3251590430"/>
  <nd ref="3251590411"/>
  <nd ref="3251591147"/>
  <nd ref="3251590826"/>
  <tag k="highway" v="residential"/>
  <tag k="oneway" v="no"/>
 </way>
 <way id="318781189" visible="true" version="1" changeset="27683350" timestamp="2014-12-25T04:55:18Z" user="EC95" uid="2410326">
  <nd ref="3251590900"/>
  <nd ref="3251590518"/>
  <nd ref="3251590500"/>
  <nd ref="3251590443"/>
  <nd ref="3251591213"/>
  <tag k="highway" v="residential"/>
  <tag k="oneway" v="no"/>
 </way>
 <way id="318781191" visible="true" version="1" changeset="27683350" timestamp="2014-12-25T04:55:18Z" user="EC95" uid="2410326">
  <nd ref="3251590894"/>
  <nd ref="3251591163"/>
  <nd ref="3251591133"/>
  <nd ref="3251590551"/>
  <nd ref="3251590699"/>
  <tag k="highway" v="residential"/>
  <tag k="oneway" v="no"/>
 </way>
 <way id="318781192" visible="true" version="1" changeset="27683350" timestamp="2014-12-25T04:55:18Z" user="EC95" uid="2410326">
  <nd ref="3251590707"/>
  <nd ref="3251590678"/>
  <tag k="highway" v="residential"/>
  <tag k="oneway" v="no"/>
 </way>
 <way id="318781193" visible="true" version="1" changeset="27683350" timestamp="2014-12-25T04:55:18Z" user="EC95" uid="2410326">
  <nd ref="3251588210"/>
  <nd ref="3251591104"/>
  <nd ref="3251590740"/>
  <nd ref="3251590763"/>
  <tag k="highway" v="residential"/>
  <tag k="oneway" v="no"/>
 </way>
 <way id="318781194" visible="true" version="1" changeset="27683350" timestamp="2014-12-25T04:55:18Z" user="EC95" uid="2410326">
  <nd ref="3251590914"/>
  <nd ref="3251590508"/>
  <nd ref="3251590859"/>
  <tag k="highway" v="residential"/>
  <tag k="oneway" v="no"/>
 </way>
 <way id="318781195" visible="true" version="1" changeset="27683350" timestamp="2014-12-25T04:55:18Z" user="EC95" uid="2410326">
  <nd ref="3251590911"/>
  <nd ref="3251590547"/>
  <nd ref="3251590781"/>
  <nd ref="3251588187"/>
  <nd ref="3251590872"/>
  <nd ref="3251590549"/>
  <nd ref="3251590577"/>
  <nd ref="3251588209"/>
  <tag k="highway" v="residential"/>
  <tag k="oneway" v="no"/>
 </way>
 <way id="318781196" visible="true" version="1" changeset="27683350" timestamp="2014-12-25T04:55:18Z" user="EC95" uid="2410326">
  <nd ref="3251590813"/>
  <nd ref="3251590944"/>
  <tag k="highway" v="residential"/>
  <tag k="oneway" v="no"/>
 </way>
 <way id="318781198" visible="true" version="1" changeset="27683350" timestamp="2014-12-25T04:55:18Z" user="EC95" uid="2410326">
  <nd ref="3251590474"/>
  <nd ref="3251591148"/>
  <nd ref="3251591096"/>
  <tag k="highway" v="residential"/>
  <tag k="oneway" v="no"/>
 </way>
 <way id="318781199" visible="true" version="1" changeset="27683350" timestamp="2014-12-25T04:55:18Z" user="EC95" uid="2410326">
  <nd ref="3251590638"/>
  <nd ref="3251590716"/>
  <nd ref="3251591145"/>
  <nd ref="3251590455"/>
  <nd ref="3251590618"/>
  <nd ref="3251590592"/>
  <nd ref="3251588249"/>
  <tag k="highway" v="residential"/>
  <tag k="oneway" v="no"/>
 </way>
 <way id="318781200" visible="true" version="1" changeset="27683350" timestamp="2014-12-25T04:55:18Z" user="EC95" uid="2410326">
  <nd ref="3251590487"/>
  <nd ref="3251590362"/>
  <nd ref="3251590528"/>
  <nd ref="3251590469"/>
  <tag k="highway" v="residential"/>
  <tag k="oneway" v="no"/>
 </way>
 <way id="318781201" visible="true" version="1" changeset="27683350" timestamp="2014-12-25T04:55:18Z" user="EC95" uid="2410326">
  <nd ref="3251590844"/>
  <nd ref="3251590832"/>
  <nd ref="3251590485"/>
  <nd ref="3251590830"/>
  <nd ref="3251590956"/>
  <tag k="highway" v="residential"/>
  <tag k="oneway" v="no"/>
 </way>
 <way id="318781202" visible="true" version="1" changeset="27683350" timestamp="2014-12-25T04:55:18Z" user="EC95" uid="2410326">
  <nd ref="3251590756"/>
  <nd ref="3251590862"/>
  <nd ref="3227191079"/>
  <tag k="highway" v="residential"/>
  <tag k="oneway" v="no"/>
 </way>
 <way id="318781203" visible="true" version="1" changeset="27683350" timestamp="2014-12-25T04:55:19Z" user="EC95" uid="2410326">
  <nd ref="3251590676"/>
  <nd ref="3251590497"/>
  <tag k="highway" v="residential"/>
  <tag k="oneway" v="no"/>
 </way>
 <way id="318781204" visible="true" version="1" changeset="27683350" timestamp="2014-12-25T04:55:19Z" user="EC95" uid="2410326">
  <nd ref="3251590632"/>
  <nd ref="3251590659"/>
  <nd ref="3251590435"/>
  <nd ref="3251590640"/>
  <tag k="highway" v="residential"/>
  <tag k="oneway" v="no"/>
 </way>
 <way id="318781205" visible="true" version="1" changeset="27683350" timestamp="2014-12-25T04:55:19Z" user="EC95" uid="2410326">
  <nd ref="3251591166"/>
  <nd ref="3251591168"/>
  <nd ref="3251590662"/>
  <tag k="highway" v="residential"/>
  <tag k="oneway" v="no"/>
 </way>
 <way id="318781207" visible="true" version="1" changeset="27683350" timestamp="2014-12-25T04:55:19Z" user="EC95" uid="2410326">
  <nd ref="3251590675"/>
  <nd ref="3251590487"/>
  <nd ref="3251590683"/>
  <tag k="highway" v="residential"/>
  <tag k="oneway" v="no"/>
 </way>
 <way id="318781208" visible="true" version="1" changeset="27683350" timestamp="2014-12-25T04:55:19Z" user="EC95" uid="2410326">
  <nd ref="3251590889"/>
  <nd ref="3251590664"/>
  <tag k="highway" v="residential"/>
  <tag k="oneway" v="no"/>
 </way>
 <way id="318781209" visible="true" version="1" changeset="27683350" timestamp="2014-12-25T04:55:19Z" user="EC95" uid="2410326">
  <nd ref="3251590701"/>
  <nd ref="3251590783"/>
  <nd ref="3251590385"/>
  <nd ref="3251590845"/>
  <nd ref="3251590441"/>
  <tag k="highway" v="residential"/>
  <tag k="oneway" v="no"/>
 </way>
 <way id="318781210" visible="true" version="1" changeset="27683350" timestamp="2014-12-25T04:55:19Z" user="EC95" uid="2410326">
  <nd ref="3251590505"/>
  <nd ref="3251591071"/>
  <nd ref="3251590408"/>
  <tag k="highway" v="residential"/>
  <tag k="oneway" v="no"/>
 </way>
 <way id="318781212" visible="true" version="1" changeset="27683350" timestamp="2014-12-25T04:55:19Z" user="EC95" uid="2410326">
  <nd ref="3251588179"/>
  <nd ref="3251590934"/>
  <tag k="highway" v="residential"/>
  <tag k="oneway" v="no"/>
 </way>
 <way id="318781213" visible="true" version="1" changeset="27683350" timestamp="2014-12-25T04:55:19Z" user="EC95" uid="2410326">
  <nd ref="3251591072"/>
  <nd ref="3251590623"/>
  <nd ref="3251590643"/>
  <tag k="highway" v="residential"/>
  <tag k="oneway" v="no"/>
 </way>
 <way id="318781215" visible="true" version="1" changeset="27683350" timestamp="2014-12-25T04:55:19Z" user="EC95" uid="2410326">
  <nd ref="3251590903"/>
  <nd ref="3251590838"/>
  <nd ref="3251590819"/>
  <nd ref="3251590441"/>
  <nd ref="3251588182"/>
  <nd ref="3251590605"/>
  <nd ref="3251591089"/>
  <nd ref="3251590775"/>
  <tag k="highway" v="residential"/>
  <tag k="oneway" v="no"/>
 </way>
 <way id="318781216" visible="true" version="1" changeset="27683350" timestamp="2014-12-25T04:55:19Z" user="EC95" uid="2410326">
  <nd ref="3251590724"/>
  <nd ref="3251590841"/>
  <nd ref="3251590824"/>
  <nd ref="3251591153"/>
  <nd ref="2315566652"/>
  <tag k="highway" v="residential"/>
  <tag k="oneway" v="no"/>
 </way>
 <way id="318781218" visible="true" version="1" changeset="27683350" timestamp="2014-12-25T04:55:19Z" user="EC95" uid="2410326">
  <nd ref="3251590891"/>
  <nd ref="3251590391"/>
  <nd ref="3251590709"/>
  <nd ref="3251590502"/>
  <nd ref="3251590457"/>
  <tag k="highway" v="residential"/>
  <tag k="oneway" v="no"/>
 </way>
 <way id="318781221" visible="true" version="1" changeset="27683350" timestamp="2014-12-25T04:55:19Z" user="EC95" uid="2410326">
  <nd ref="3251590880"/>
  <nd ref="3251590522"/>
  <tag k="highway" v="residential"/>
  <tag k="oneway" v="no"/>
 </way>
 <way id="318781222" visible="true" version="1" changeset="27683350" timestamp="2014-12-25T04:55:19Z" user="EC95" uid="2410326">
  <nd ref="3251590816"/>
  <nd ref="3251590835"/>
  <tag k="highway" v="residential"/>
  <tag k="oneway" v="no"/>
 </way>
 <way id="318781223" visible="true" version="1" changeset="27683350" timestamp="2014-12-25T04:55:19Z" user="EC95" uid="2410326">
  <nd ref="2315565553"/>
  <nd ref="3251590958"/>
  <nd ref="3251590854"/>
  <tag k="highway" v="residential"/>
  <tag k="oneway" v="no"/>
 </way>
 <way id="318781224" visible="true" version="1" changeset="27683350" timestamp="2014-12-25T04:55:19Z" user="EC95" uid="2410326">
  <nd ref="3251590803"/>
  <nd ref="3251590608"/>
  <nd ref="3251588211"/>
  <nd ref="3251590532"/>
  <nd ref="3251590818"/>
  <nd ref="3251590402"/>
  <nd ref="3251590536"/>
  <nd ref="3251591177"/>
  <nd ref="3251590766"/>
  <tag k="highway" v="residential"/>
  <tag k="oneway" v="no"/>
 </way>
 <way id="318781227" visible="true" version="1" changeset="27683350" timestamp="2014-12-25T04:55:20Z" user="EC95" uid="2410326">
  <nd ref="3251588239"/>
  <nd ref="3251590787"/>
  <nd ref="3251591092"/>
  <nd ref="3251591095"/>
  <tag k="highway" v="residential"/>
  <tag k="oneway" v="no"/>
 </way>
 <way id="318781229" visible="true" version="1" changeset="27683350" timestamp="2014-12-25T04:55:20Z" user="EC95" uid="2410326">
  <nd ref="3251590524"/>
  <nd ref="3251590650"/>
  <nd ref="3251590768"/>
  <tag k="highway" v="residential"/>
  <tag k="oneway" v="no"/>
 </way>
 <way id="318781231" visible="true" version="3" changeset="142171056" timestamp="2023-10-05T05:03:08Z" user="neharikas" uid="18812446">
  <nd ref="3251590367"/>
  <nd ref="3251588190"/>
  <nd ref="3251590512"/>
  <nd ref="4440125619"/>
  <nd ref="3251590506"/>
  <nd ref="11240401707"/>
  <nd ref="3251590519"/>
  <nd ref="3251591173"/>
  <nd ref="3251590779"/>
  <nd ref="3251590535"/>
  <nd ref="3251590580"/>
  <nd ref="3251590374"/>
  <tag k="highway" v="residential"/>
  <tag k="oneway" v="no"/>
 </way>
 <way id="318781232" visible="true" version="1" changeset="27683350" timestamp="2014-12-25T04:55:20Z" user="EC95" uid="2410326">
  <nd ref="3251590741"/>
  <nd ref="3251590683"/>
  <nd ref="3251590859"/>
  <nd ref="3251590554"/>
  <nd ref="3251590479"/>
  <nd ref="3251591090"/>
  <nd ref="3251590889"/>
  <nd ref="3251590495"/>
  <nd ref="3251590890"/>
  <nd ref="3251590680"/>
  <nd ref="3251590540"/>
  <tag k="highway" v="residential"/>
  <tag k="oneway" v="no"/>
 </way>
 <way id="318781234" visible="true" version="2" changeset="142090618" timestamp="2023-10-03T09:14:04Z" user="alivapanda" uid="19505674">
  <nd ref="3251591204"/>
  <nd ref="3251590474"/>
  <nd ref="3251590815"/>
  <nd ref="11235409008"/>
  <nd ref="3251588241"/>
  <tag k="highway" v="residential"/>
  <tag k="oneway" v="no"/>
 </way>
 <way id="318781235" visible="true" version="1" changeset="27683350" timestamp="2014-12-25T04:55:20Z" user="EC95" uid="2410326">
  <nd ref="3251590685"/>
  <nd ref="3251588260"/>
  <nd ref="3251591153"/>
  <tag k="highway" v="residential"/>
  <tag k="oneway" v="no"/>
 </way>
 <way id="318781238" visible="true" version="1" changeset="27683350" timestamp="2014-12-25T04:55:20Z" user="EC95" uid="2410326">
  <nd ref="3251590555"/>
  <nd ref="3251590694"/>
  <nd ref="3251590812"/>
  <nd ref="3251590696"/>
  <nd ref="3251590811"/>
  <nd ref="3251590727"/>
  <tag k="highway" v="residential"/>
  <tag k="oneway" v="no"/>
 </way>
 <way id="318781239" visible="true" version="2" changeset="161720000" timestamp="2025-01-24T16:38:56Z" user="sakshi_96" uid="22420495">
  <nd ref="3251590598"/>
  <nd ref="3251590910"/>
  <nd ref="3251590655"/>
  <tag k="bridge" v="yes"/>
  <tag k="highway" v="service"/>
  <tag k="layer" v="1"/>
  <tag k="maxspeed" v="40"/>
  <tag k="name" v="surya road"/>
  <tag k="oneway" v="no"/>
  <tag k="service" v="emergency_access"/>
  <tag k="surface" v="paved"/>
 </way>
 <way id="318781241" visible="true" version="1" changeset="27683350" timestamp="2014-12-25T04:55:20Z" user="EC95" uid="2410326">
  <nd ref="3251590484"/>
  <nd ref="3251590746"/>
  <nd ref="3251588189"/>
  <nd ref="3251590800"/>
  <tag k="highway" v="residential"/>
  <tag k="oneway" v="no"/>
 </way>
 <way id="318781243" visible="true" version="1" changeset="27683350" timestamp="2014-12-25T04:55:20Z" user="EC95" uid="2410326">
  <nd ref="3251590886"/>
  <nd ref="3251590509"/>
  <tag k="highway" v="residential"/>
  <tag k="oneway" v="no"/>
 </way>
 <way id="318781244" visible="true" version="1" changeset="27683350" timestamp="2014-12-25T04:55:20Z" user="EC95" uid="2410326">
  <nd ref="3251590423"/>
  <nd ref="3251590810"/>
  <nd ref="3251590608"/>
  <tag k="highway" v="residential"/>
  <tag k="oneway" v="no"/>
 </way>
 <way id="318781245" visible="true" version="1" changeset="27683350" timestamp="2014-12-25T04:55:21Z" user="EC95" uid="2410326">
  <nd ref="3251591208"/>
  <nd ref="3251588219"/>
  <nd ref="3251590790"/>
  <tag k="highway" v="residential"/>
  <tag k="oneway" v="no"/>
 </way>
 <way id="318781246" visible="true" version="1" changeset="27683350" timestamp="2014-12-25T04:55:21Z" user="EC95" uid="2410326">
  <nd ref="3251590388"/>
  <nd ref="3251591119"/>
  <nd ref="3251591187"/>
  <tag k="highway" v="residential"/>
  <tag k="oneway" v="no"/>
 </way>
 <way id="318781247" visible="true" version="1" changeset="27683350" timestamp="2014-12-25T04:55:21Z" user="EC95" uid="2410326">
  <nd ref="3251590892"/>
  <nd ref="3251591122"/>
  <tag k="highway" v="residential"/>
  <tag k="oneway" v="no"/>
 </way>
 <way id="318781248" visible="true" version="1" changeset="27683350" timestamp="2014-12-25T04:55:21Z" user="EC95" uid="2410326">
  <nd ref="3251590898"/>
  <nd ref="3251590549"/>
  <tag k="highway" v="residential"/>
  <tag k="oneway" v="no"/>
 </way>
 <way id="318781250" visible="true" version="1" changeset="27683350" timestamp="2014-12-25T04:55:21Z" user="EC95" uid="2410326">
  <nd ref="3251590518"/>
  <nd ref="3251588191"/>
  <nd ref="3251591184"/>
  <tag k="highway" v="residential"/>
  <tag k="oneway" v="no"/>
 </way>
 <way id="318781252" visible="true" version="1" changeset="27683350" timestamp="2014-12-25T04:55:21Z" user="EC95" uid="2410326">
  <nd ref="3251588223"/>
  <nd ref="3251590937"/>
  <nd ref="3251590520"/>
  <nd ref="3251590794"/>
  <nd ref="3251590948"/>
  <nd ref="3251591101"/>
  <tag k="highway" v="residential"/>
  <tag k="oneway" v="no"/>
 </way>
 <way id="318781253" visible="true" version="1" changeset="27683350" timestamp="2014-12-25T04:55:21Z" user="EC95" uid="2410326">
  <nd ref="3251590612"/>
  <nd ref="3251590873"/>
  <nd ref="3251590437"/>
  <nd ref="3251590919"/>
  <nd ref="3251590850"/>
  <nd ref="3251590861"/>
  <nd ref="3251590532"/>
  <tag k="highway" v="residential"/>
  <tag k="oneway" v="no"/>
 </way>
 <way id="318781254" visible="true" version="1" changeset="27683350" timestamp="2014-12-25T04:55:21Z" user="EC95" uid="2410326">
  <nd ref="3251591210"/>
  <nd ref="3251590798"/>
  <nd ref="3251590739"/>
  <nd ref="3251590912"/>
  <tag k="highway" v="residential"/>
  <tag k="oneway" v="no"/>
 </way>
 <way id="318781255" visible="true" version="1" changeset="27683350" timestamp="2014-12-25T04:55:21Z" user="EC95" uid="2410326">
  <nd ref="3251588254"/>
  <nd ref="3251590503"/>
  <nd ref="3251590771"/>
  <tag k="highway" v="residential"/>
  <tag k="oneway" v="no"/>
 </way>
 <way id="318781256" visible="true" version="1" changeset="27683350" timestamp="2014-12-25T04:55:21Z" user="EC95" uid="2410326">
  <nd ref="3251590556"/>
  <nd ref="3251590719"/>
  <nd ref="3251590736"/>
  <nd ref="3251590603"/>
  <nd ref="3251591069"/>
  <nd ref="3251590722"/>
  <nd ref="3251590935"/>
  <tag k="highway" v="residential"/>
  <tag k="oneway" v="no"/>
 </way>
 <way id="318781257" visible="true" version="3" changeset="134273747" timestamp="2023-03-29T18:04:17Z" user="PlaneMad" uid="1306">
  <nd ref="3251591211"/>
  <nd ref="3251590531"/>
  <nd ref="3251590394"/>
  <nd ref="3251590649"/>
  <nd ref="3251591067"/>
  <nd ref="3251590477"/>
  <nd ref="3251590498"/>
  <nd ref="3251590933"/>
  <nd ref="3251590920"/>
  <nd ref="3251588206"/>
  <nd ref="3251590721"/>
  <nd ref="3251590561"/>
  <nd ref="2314603309"/>
  <tag k="highway" v="tertiary"/>
  <tag k="name" v="Canal Road"/>
 </way>
 <way id="318781260" visible="true" version="1" changeset="27683350" timestamp="2014-12-25T04:55:21Z" user="EC95" uid="2410326">
  <nd ref="3251590788"/>
  <nd ref="3251590915"/>
  <nd ref="3251590529"/>
  <tag k="highway" v="residential"/>
  <tag k="oneway" v="no"/>
 </way>
 <way id="318781262" visible="true" version="1" changeset="27683350" timestamp="2014-12-25T04:55:21Z" user="EC95" uid="2410326">
  <nd ref="3251588213"/>
  <nd ref="3251590936"/>
  <nd ref="3251590490"/>
  <tag k="highway" v="residential"/>
  <tag k="oneway" v="no"/>
 </way>
 <way id="318781264" visible="true" version="1" changeset="27683350" timestamp="2014-12-25T04:55:21Z" user="EC95" uid="2410326">
  <nd ref="3251590496"/>
  <nd ref="3251590925"/>
  <nd ref="3251588203"/>
  <nd ref="3251590501"/>
  <nd ref="3251590478"/>
  <nd ref="3251590868"/>
  <tag k="highway" v="residential"/>
  <tag k="oneway" v="no"/>
 </way>
 <way id="318781265" visible="true" version="1" changeset="27683350" timestamp="2014-12-25T04:55:21Z" user="EC95" uid="2410326">
  <nd ref="3251588241"/>
  <nd ref="3251591087"/>
  <tag k="highway" v="residential"/>
  <tag k="oneway" v="no"/>
 </way>
 <way id="318781267" visible="true" version="1" changeset="27683350" timestamp="2014-12-25T04:55:22Z" user="EC95" uid="2410326">
  <nd ref="3251590393"/>
  <nd ref="3251591075"/>
  <tag k="highway" v="residential"/>
  <tag k="oneway" v="no"/>
 </way>
 <way id="318781272" visible="true" version="1" changeset="27683350" timestamp="2014-12-25T04:55:22Z" user="EC95" uid="2410326">
  <nd ref="3251590658"/>
  <nd ref="3251590406"/>
  <nd ref="3251590674"/>
  <nd ref="3251590957"/>
  <tag k="highway" v="residential"/>
  <tag k="oneway" v="no"/>
 </way>
 <way id="318781274" visible="true" version="1" changeset="27683350" timestamp="2014-12-25T04:55:22Z" user="EC95" uid="2410326">
  <nd ref="3251590558"/>
  <nd ref="3251590813"/>
  <nd ref="3251590713"/>
  <tag k="highway" v="residential"/>
  <tag k="oneway" v="no"/>
 </way>
 <way id="318781275" visible="true" version="1" changeset="27683350" timestamp="2014-12-25T04:55:22Z" user="EC95" uid="2410326">
  <nd ref="3251588194"/>
  <nd ref="3251590720"/>
  <nd ref="3251590485"/>
  <nd ref="3251591142"/>
  <nd ref="3251590469"/>
  <nd ref="3251590479"/>
  <tag k="highway" v="residential"/>
  <tag k="oneway" v="no"/>
 </way>
 <way id="318781276" visible="true" version="1" changeset="27683350" timestamp="2014-12-25T04:55:22Z" user="EC95" uid="2410326">
  <nd ref="3251590952"/>
  <nd ref="3251590582"/>
  <nd ref="3251590811"/>
  <nd ref="3251590636"/>
  <nd ref="3251588210"/>
  <nd ref="3251590706"/>
  <tag k="highway" v="residential"/>
  <tag k="oneway" v="no"/>
 </way>
 <way id="318781277" visible="true" version="1" changeset="27683350" timestamp="2014-12-25T04:55:22Z" user="EC95" uid="2410326">
  <nd ref="3251591088"/>
  <nd ref="3251590679"/>
  <nd ref="3251590757"/>
  <tag k="highway" v="residential"/>
  <tag k="oneway" v="no"/>
 </way>
 <way id="318781278" visible="true" version="1" changeset="27683350" timestamp="2014-12-25T04:55:22Z" user="EC95" uid="2410326">
  <nd ref="3251591086"/>
  <nd ref="3251590773"/>
  <nd ref="3251588222"/>
  <nd ref="3251590857"/>
  <tag k="highway" v="residential"/>
  <tag k="oneway" v="no"/>
 </way>
 <way id="318781279" visible="true" version="1" changeset="27683350" timestamp="2014-12-25T04:55:22Z" user="EC95" uid="2410326">
  <nd ref="3251591203"/>
  <nd ref="3251588257"/>
  <nd ref="3251588236"/>
  <tag k="highway" v="residential"/>
  <tag k="oneway" v="no"/>
 </way>
 <way id="318781281" visible="true" version="1" changeset="27683350" timestamp="2014-12-25T04:55:22Z" user="EC95" uid="2410326">
  <nd ref="3251590848"/>
  <nd ref="3251590376"/>
  <nd ref="3251590651"/>
  <tag k="highway" v="residential"/>
  <tag k="oneway" v="no"/>
 </way>
 <way id="318781282" visible="true" version="1" changeset="27683350" timestamp="2014-12-25T04:55:22Z" user="EC95" uid="2410326">
  <nd ref="3251591102"/>
  <nd ref="3251588205"/>
  <tag k="highway" v="residential"/>
  <tag k="oneway" v="no"/>
 </way>
 <way id="318781284" visible="true" version="1" changeset="27683350" timestamp="2014-12-25T04:55:22Z" user="EC95" uid="2410326">
  <nd ref="3251590426"/>
  <nd ref="3251590773"/>
  <tag k="highway" v="residential"/>
  <tag k="oneway" v="no"/>
 </way>
 <way id="318781285" visible="true" version="1" changeset="27683350" timestamp="2014-12-25T04:55:22Z" user="EC95" uid="2410326">
  <nd ref="3251590492"/>
  <nd ref="3251590865"/>
  <tag k="highway" v="residential"/>
  <tag k="oneway" v="no"/>
 </way>
 <way id="318781286" visible="true" version="1" changeset="27683350" timestamp="2014-12-25T04:55:22Z" user="EC95" uid="2410326">
  <nd ref="3251591145"/>
  <nd ref="3251590735"/>
  <nd ref="3251590867"/>
  <tag k="highway" v="residential"/>
  <tag k="oneway" v="no"/>
 </way>
 <way id="318781288" visible="true" version="1" changeset="27683350" timestamp="2014-12-25T04:55:22Z" user="EC95" uid="2410326">
  <nd ref="3251591074"/>
  <nd ref="3251590749"/>
  <nd ref="3251590949"/>
  <tag k="highway" v="residential"/>
  <tag k="oneway" v="no"/>
 </way>
 <way id="318781289" visible="true" version="1" changeset="27683350" timestamp="2014-12-25T04:55:23Z" user="EC95" uid="2410326">
  <nd ref="3251588225"/>
  <nd ref="3251590486"/>
  <tag k="highway" v="residential"/>
  <tag k="oneway" v="no"/>
 </way>
 <way id="318781290" visible="true" version="1" changeset="27683350" timestamp="2014-12-25T04:55:23Z" user="EC95" uid="2410326">
  <nd ref="3251590386"/>
  <nd ref="3251590619"/>
  <nd ref="3251590628"/>
  <tag k="highway" v="residential"/>
  <tag k="oneway" v="no"/>
 </way>
 <way id="318781292" visible="true" version="2" changeset="161720000" timestamp="2025-01-24T16:38:56Z" user="sakshi_96" uid="22420495">
  <nd ref="3251590878"/>
  <nd ref="3251590461"/>
  <nd ref="3251590934"/>
  <nd ref="3251590598"/>
  <nd ref="3251590534"/>
  <nd ref="12529678391"/>
  <nd ref="3251590375"/>
  <nd ref="3251591139"/>
  <nd ref="3251591064"/>
  <nd ref="3251590525"/>
  <tag k="highway" v="residential"/>
  <tag k="oneway" v="no"/>
 </way>
 <way id="318781293" visible="true" version="1" changeset="27683350" timestamp="2014-12-25T04:55:23Z" user="EC95" uid="2410326">
  <nd ref="3251588228"/>
  <nd ref="3251590585"/>
  <tag k="highway" v="residential"/>
  <tag k="oneway" v="no"/>
 </way>
 <way id="318781294" visible="true" version="1" changeset="27683350" timestamp="2014-12-25T04:55:23Z" user="EC95" uid="2410326">
  <nd ref="3251590526"/>
  <nd ref="3251590453"/>
  <tag k="highway" v="residential"/>
  <tag k="oneway" v="no"/>
 </way>
 <way id="318781295" visible="true" version="1" changeset="27683350" timestamp="2014-12-25T04:55:23Z" user="EC95" uid="2410326">
  <nd ref="3251590743"/>
  <nd ref="3251591123"/>
  <nd ref="3251590718"/>
  <nd ref="3251590893"/>
  <tag k="highway" v="residential"/>
  <tag k="oneway" v="no"/>
 </way>
 <way id="318781296" visible="true" version="1" changeset="27683350" timestamp="2014-12-25T04:55:23Z" user="EC95" uid="2410326">
  <nd ref="3251590740"/>
  <nd ref="3251590625"/>
  <nd ref="3251590734"/>
  <nd ref="3251590932"/>
  <nd ref="3251590665"/>
  <nd ref="3251590721"/>
  <tag k="highway" v="residential"/>
  <tag k="oneway" v="no"/>
 </way>
 <way id="318781297" visible="true" version="1" changeset="27683350" timestamp="2014-12-25T04:55:23Z" user="EC95" uid="2410326">
  <nd ref="3251590863"/>
  <nd ref="3251590834"/>
  <nd ref="3251590378"/>
  <nd ref="3251588188"/>
  <nd ref="3251590730"/>
  <nd ref="3251590419"/>
  <nd ref="3251590445"/>
  <tag k="highway" v="residential"/>
  <tag k="oneway" v="no"/>
 </way>
 <way id="318781299" visible="true" version="1" changeset="27683350" timestamp="2014-12-25T04:55:23Z" user="EC95" uid="2410326">
  <nd ref="3251590665"/>
  <nd ref="3251591075"/>
  <nd ref="3251590624"/>
  <tag k="highway" v="residential"/>
  <tag k="oneway" v="no"/>
 </way>
 <way id="318781300" visible="true" version="1" changeset="27683350" timestamp="2014-12-25T04:55:23Z" user="EC95" uid="2410326">
  <nd ref="3251590696"/>
  <nd ref="3251588247"/>
  <nd ref="3251591104"/>
  <tag k="highway" v="residential"/>
  <tag k="oneway" v="no"/>
 </way>
 <way id="318781301" visible="true" version="1" changeset="27683350" timestamp="2014-12-25T04:55:23Z" user="EC95" uid="2410326">
  <nd ref="3251590656"/>
  <nd ref="3251590465"/>
  <nd ref="3251590602"/>
  <nd ref="3251590952"/>
  <nd ref="3251588199"/>
  <tag k="highway" v="residential"/>
  <tag k="oneway" v="no"/>
 </way>
 <way id="318781302" visible="true" version="1" changeset="27683350" timestamp="2014-12-25T04:55:23Z" user="EC95" uid="2410326">
  <nd ref="3251590733"/>
  <nd ref="3251590471"/>
  <nd ref="3251590673"/>
  <tag k="highway" v="residential"/>
  <tag k="oneway" v="no"/>
 </way>
 <way id="318781303" visible="true" version="1" changeset="27683350" timestamp="2014-12-25T04:55:23Z" user="EC95" uid="2410326">
  <nd ref="3251590645"/>
  <nd ref="3251590682"/>
  <nd ref="3251590698"/>
  <nd ref="3251590764"/>
  <nd ref="3251591146"/>
  <nd ref="3251591135"/>
  <nd ref="3251591116"/>
  <tag k="highway" v="residential"/>
  <tag k="oneway" v="no"/>
 </way>
 <way id="318781304" visible="true" version="1" changeset="27683350" timestamp="2014-12-25T04:55:23Z" user="EC95" uid="2410326">
  <nd ref="3251590371"/>
  <nd ref="3251591125"/>
  <nd ref="3251590939"/>
  <nd ref="3251591176"/>
  <nd ref="3251590578"/>
  <nd ref="3251588184"/>
  <tag k="highway" v="residential"/>
  <tag k="oneway" v="no"/>
 </way>
 <way id="318781305" visible="true" version="1" changeset="27683350" timestamp="2014-12-25T04:55:23Z" user="EC95" uid="2410326">
  <nd ref="3251590616"/>
  <nd ref="3251591210"/>
  <nd ref="3251590659"/>
  <nd ref="3251590904"/>
  <tag k="highway" v="residential"/>
  <tag k="oneway" v="no"/>
 </way>
 <way id="318781309" visible="true" version="1" changeset="27683350" timestamp="2014-12-25T04:55:24Z" user="EC95" uid="2410326">
  <nd ref="3251591123"/>
  <nd ref="3251590407"/>
  <nd ref="3251590466"/>
  <tag k="highway" v="residential"/>
  <tag k="oneway" v="no"/>
 </way>
 <way id="318781310" visible="true" version="1" changeset="27683350" timestamp="2014-12-25T04:55:24Z" user="EC95" uid="2410326">
  <nd ref="3251591117"/>
  <nd ref="3251590422"/>
  <nd ref="3251591114"/>
  <nd ref="3251590450"/>
  <nd ref="3251590533"/>
  <nd ref="3251590750"/>
  <tag k="highway" v="residential"/>
  <tag k="oneway" v="no"/>
 </way>
 <way id="318781312" visible="true" version="1" changeset="27683350" timestamp="2014-12-25T04:55:24Z" user="EC95" uid="2410326">
  <nd ref="3251591073"/>
  <nd ref="3251590651"/>
  <nd ref="3251591170"/>
  <nd ref="3251590631"/>
  <nd ref="3251590410"/>
  <nd ref="3251590486"/>
  <nd ref="3251591067"/>
  <tag k="highway" v="residential"/>
  <tag k="oneway" v="no"/>
 </way>
 <way id="318781313" visible="true" version="1" changeset="27683350" timestamp="2014-12-25T04:55:24Z" user="EC95" uid="2410326">
  <nd ref="3251590712"/>
  <nd ref="3251590667"/>
  <tag k="highway" v="residential"/>
  <tag k="oneway" v="no"/>
 </way>
 <way id="318781315" visible="true" version="1" changeset="27683350" timestamp="2014-12-25T04:55:24Z" user="EC95" uid="2410326">
  <nd ref="3251590618"/>
  <nd ref="3251590642"/>
  <nd ref="3251591112"/>
  <nd ref="3251588185"/>
  <nd ref="3251590467"/>
  <tag k="highway" v="residential"/>
  <tag k="oneway" v="no"/>
 </way>
 <way id="318781316" visible="true" version="1" changeset="27683350" timestamp="2014-12-25T04:55:24Z" user="EC95" uid="2410326">
  <nd ref="3251590825"/>
  <nd ref="3251588231"/>
  <nd ref="3251590772"/>
  <tag k="highway" v="residential"/>
  <tag k="oneway" v="no"/>
 </way>
 <way id="318781318" visible="true" version="1" changeset="27683350" timestamp="2014-12-25T04:55:24Z" user="EC95" uid="2410326">
  <nd ref="3251591157"/>
  <nd ref="3251590897"/>
  <tag k="highway" v="residential"/>
  <tag k="oneway" v="no"/>
 </way>
 <way id="318781319" visible="true" version="1" changeset="27683350" timestamp="2014-12-25T04:55:24Z" user="EC95" uid="2410326">
  <nd ref="3251590550"/>
  <nd ref="3251590646"/>
  <nd ref="3251588197"/>
  <tag k="highway" v="residential"/>
  <tag k="oneway" v="no"/>
 </way>
 <way id="318781322" visible="true" version="1" changeset="27683350" timestamp="2014-12-25T04:55:24Z" user="EC95" uid="2410326">
  <nd ref="3251590849"/>
  <nd ref="3251590448"/>
  <nd ref="3251588257"/>
  <tag k="highway" v="residential"/>
  <tag k="oneway" v="no"/>
 </way>
 <way id="318781323" visible="true" version="1" changeset="27683350" timestamp="2014-12-25T04:55:24Z" user="EC95" uid="2410326">
  <nd ref="3251590465"/>
  <nd ref="3251590694"/>
  <tag k="highway" v="residential"/>
  <tag k="oneway" v="no"/>
 </way>
 <way id="318781324" visible="true" version="2" changeset="142084237" timestamp="2023-10-03T07:07:01Z" user="iamsaurabhc" uid="19505666">
  <nd ref="3251590428"/>
  <nd ref="11235269464"/>
  <nd ref="3251590379"/>
  <nd ref="3251590790"/>
  <nd ref="3251590414"/>
  <nd ref="3251591155"/>
  <nd ref="3251590942"/>
  <nd ref="3251590821"/>
  <nd ref="3251590737"/>
  <nd ref="3251591174"/>
  <tag k="highway" v="residential"/>
  <tag k="oneway" v="no"/>
 </way>
 <way id="318781326" visible="true" version="1" changeset="27683350" timestamp="2014-12-25T04:55:24Z" user="EC95" uid="2410326">
  <nd ref="3251590621"/>
  <nd ref="3251590706"/>
  <nd ref="3251588184"/>
  <nd ref="3251591121"/>
  <nd ref="3251590734"/>
  <tag k="highway" v="residential"/>
  <tag k="oneway" v="no"/>
 </way>
 <way id="318781327" visible="true" version="1" changeset="27683350" timestamp="2014-12-25T04:55:24Z" user="EC95" uid="2410326">
  <nd ref="3251590396"/>
  <nd ref="3251588220"/>
  <tag k="highway" v="residential"/>
  <tag k="oneway" v="no"/>
 </way>
 <way id="318781328" visible="true" version="1" changeset="27683350" timestamp="2014-12-25T04:55:24Z" user="EC95" uid="2410326">
  <nd ref="3251590637"/>
  <nd ref="3251590877"/>
  <nd ref="3251590585"/>
  <nd ref="3251588201"/>
  <nd ref="3251591171"/>
  <nd ref="3251590381"/>
  <tag k="highway" v="residential"/>
  <tag k="oneway" v="no"/>
 </way>
 <way id="318781329" visible="true" version="2" changeset="142090618" timestamp="2023-10-03T09:14:04Z" user="alivapanda" uid="19505674">
  <nd ref="3251590746"/>
  <nd ref="3251590384"/>
  <nd ref="3251588177"/>
  <nd ref="3251590941"/>
  <nd ref="3251588186"/>
  <nd ref="11235409005"/>
  <nd ref="3251590731"/>
  <tag k="highway" v="residential"/>
  <tag k="oneway" v="no"/>
 </way>
 <way id="318781330" visible="true" version="1" changeset="27683350" timestamp="2014-12-25T04:55:25Z" user="EC95" uid="2410326">
  <nd ref="3251590827"/>
  <nd ref="3251590581"/>
  <nd ref="3251591087"/>
  <nd ref="3251591212"/>
  <nd ref="3251591096"/>
  <nd ref="3251591140"/>
  <nd ref="3251590498"/>
  <tag k="highway" v="residential"/>
  <tag k="oneway" v="no"/>
 </way>
 <way id="318781331" visible="true" version="1" changeset="27683350" timestamp="2014-12-25T04:55:25Z" user="EC95" uid="2410326">
  <nd ref="3251588250"/>
  <nd ref="3251591197"/>
  <nd ref="3251590626"/>
  <tag k="highway" v="residential"/>
  <tag k="oneway" v="no"/>
 </way>
 <way id="318781332" visible="true" version="1" changeset="27683350" timestamp="2014-12-25T04:55:25Z" user="EC95" uid="2410326">
  <nd ref="3251590480"/>
  <nd ref="3251590729"/>
  <tag k="highway" v="residential"/>
  <tag k="oneway" v="no"/>
 </way>
 <way id="318781335" visible="true" version="4" changeset="134273747" timestamp="2023-03-29T18:04:17Z" user="PlaneMad" uid="1306">
  <nd ref="3251593328"/>
  <nd ref="3251593356"/>
  <nd ref="3251588524"/>
  <nd ref="3251593433"/>
  <tag k="highway" v="residential"/>
  <tag k="oneway" v="no"/>
 </way>
 <way id="318781337" visible="true" version="1" changeset="27683350" timestamp="2014-12-25T04:55:25Z" user="EC95" uid="2410326">
  <nd ref="3251590458"/>
  <nd ref="3251590747"/>
  <nd ref="3251590667"/>
  <nd ref="3251590456"/>
  <nd ref="3251590678"/>
  <nd ref="3251590649"/>
  <tag k="highway" v="residential"/>
  <tag k="oneway" v="no"/>
 </way>
 <way id="318781341" visible="true" version="1" changeset="27683350" timestamp="2014-12-25T04:55:25Z" user="EC95" uid="2410326">
  <nd ref="3251588232"/>
  <nd ref="3251590918"/>
  <nd ref="3251588201"/>
  <tag k="highway" v="residential"/>
  <tag k="oneway" v="no"/>
 </way>
 <way id="318781342" visible="true" version="1" changeset="27683350" timestamp="2014-12-25T04:55:25Z" user="EC95" uid="2410326">
  <nd ref="3251590877"/>
  <nd ref="3251591118"/>
  <nd ref="3251590424"/>
  <nd ref="3251590588"/>
  <tag k="highway" v="residential"/>
  <tag k="oneway" v="no"/>
 </way>
 <way id="318781343" visible="true" version="1" changeset="27683350" timestamp="2014-12-25T04:55:25Z" user="EC95" uid="2410326">
  <nd ref="3251590661"/>
  <nd ref="3251591144"/>
  <nd ref="3251590613"/>
  <tag k="highway" v="residential"/>
  <tag k="oneway" v="no"/>
 </way>
 <way id="318781344" visible="true" version="1" changeset="27683350" timestamp="2014-12-25T04:55:25Z" user="EC95" uid="2410326">
  <nd ref="3251591077"/>
  <nd ref="3251591065"/>
  <nd ref="3251590730"/>
  <tag k="highway" v="residential"/>
  <tag k="oneway" v="no"/>
 </way>
 <way id="318781345" visible="true" version="1" changeset="27683350" timestamp="2014-12-25T04:55:25Z" user="EC95" uid="2410326">
  <nd ref="3251588214"/>
  <nd ref="3251588251"/>
  <tag k="highway" v="residential"/>
  <tag k="oneway" v="no"/>
 </way>
 <way id="318781346" visible="true" version="1" changeset="27683350" timestamp="2014-12-25T04:55:25Z" user="EC95" uid="2410326">
  <nd ref="3251591189"/>
  <nd ref="3251590527"/>
  <tag k="highway" v="residential"/>
  <tag k="oneway" v="no"/>
 </way>
 <way id="318781347" visible="true" version="1" changeset="27683350" timestamp="2014-12-25T04:55:25Z" user="EC95" uid="2410326">
  <nd ref="3251588193"/>
  <nd ref="3251590757"/>
  <nd ref="3251591152"/>
  <tag k="highway" v="residential"/>
  <tag k="oneway" v="no"/>
 </way>
 <way id="318781348" visible="true" version="1" changeset="27683350" timestamp="2014-12-25T04:55:25Z" user="EC95" uid="2410326">
  <nd ref="3251591100"/>
  <nd ref="3251590874"/>
  <nd ref="3251588205"/>
  <nd ref="3251590669"/>
  <tag k="highway" v="residential"/>
  <tag k="oneway" v="no"/>
 </way>
 <way id="318781349" visible="true" version="1" changeset="27683350" timestamp="2014-12-25T04:55:25Z" user="EC95" uid="2410326">
  <nd ref="3251590851"/>
  <nd ref="3251591111"/>
  <nd ref="3251590546"/>
  <nd ref="3251590879"/>
  <nd ref="3251591105"/>
  <nd ref="3251590876"/>
  <nd ref="3251590738"/>
  <tag k="highway" v="residential"/>
  <tag k="oneway" v="no"/>
 </way>
 <way id="318781350" visible="true" version="1" changeset="27683350" timestamp="2014-12-25T04:55:25Z" user="EC95" uid="2410326">
  <nd ref="3251591149"/>
  <nd ref="3251590410"/>
  <tag k="highway" v="residential"/>
  <tag k="oneway" v="no"/>
 </way>
 <way id="318781352" visible="true" version="1" changeset="27683350" timestamp="2014-12-25T04:55:26Z" user="EC95" uid="2410326">
  <nd ref="3251590663"/>
  <nd ref="3251590523"/>
  <nd ref="3251590400"/>
  <tag k="highway" v="residential"/>
  <tag k="oneway" v="no"/>
 </way>
 <way id="318781353" visible="true" version="1" changeset="27683350" timestamp="2014-12-25T04:55:26Z" user="EC95" uid="2410326">
  <nd ref="3251590588"/>
  <nd ref="3251591171"/>
  <tag k="highway" v="residential"/>
  <tag k="oneway" v="no"/>
 </way>
 <way id="318781355" visible="true" version="1" changeset="27683350" timestamp="2014-12-25T04:55:26Z" user="EC95" uid="2410326">
  <nd ref="3251590817"/>
  <nd ref="3251590857"/>
  <nd ref="3251588238"/>
  <tag k="highway" v="residential"/>
  <tag k="oneway" v="no"/>
 </way>
 <way id="318781356" visible="true" version="1" changeset="27683350" timestamp="2014-12-25T04:55:26Z" user="EC95" uid="2410326">
  <nd ref="3251588207"/>
  <nd ref="3251590687"/>
  <nd ref="3251591128"/>
  <nd ref="3251590704"/>
  <tag k="highway" v="residential"/>
  <tag k="oneway" v="no"/>
 </way>
 <way id="318781357" visible="true" version="1" changeset="27683350" timestamp="2014-12-25T04:55:26Z" user="EC95" uid="2410326">
  <nd ref="3251590841"/>
  <nd ref="3251590610"/>
  <nd ref="3251588200"/>
  <tag k="highway" v="residential"/>
  <tag k="oneway" v="no"/>
 </way>
 <way id="318781359" visible="true" version="1" changeset="27683350" timestamp="2014-12-25T04:55:26Z" user="EC95" uid="2410326">
  <nd ref="3251588204"/>
  <nd ref="3251588200"/>
  <nd ref="3251591159"/>
  <nd ref="3251590592"/>
  <tag k="highway" v="residential"/>
  <tag k="oneway" v="no"/>
 </way>
 <way id="318781360" visible="true" version="1" changeset="27683350" timestamp="2014-12-25T04:55:26Z" user="EC95" uid="2410326">
  <nd ref="3251590777"/>
  <nd ref="3251590684"/>
  <nd ref="3251590705"/>
  <nd ref="3251590419"/>
  <tag k="highway" v="residential"/>
  <tag k="oneway" v="no"/>
 </way>
 <way id="318781361" visible="true" version="2" changeset="161720000" timestamp="2025-01-24T16:38:56Z" user="sakshi_96" uid="22420495">
  <nd ref="3251590563"/>
  <nd ref="3251590472"/>
  <nd ref="3251590375"/>
  <nd ref="3251590802"/>
  <nd ref="12529678389"/>
  <nd ref="12529678388"/>
  <nd ref="12529678387"/>
  <nd ref="3251590799"/>
  <tag k="highway" v="residential"/>
  <tag k="oneway" v="no"/>
 </way>
 <way id="318781362" visible="true" version="1" changeset="27683350" timestamp="2014-12-25T04:55:26Z" user="EC95" uid="2410326">
  <nd ref="3251590587"/>
  <nd ref="3251588247"/>
  <nd ref="3251590636"/>
  <tag k="highway" v="residential"/>
  <tag k="oneway" v="no"/>
 </way>
 <way id="318781363" visible="true" version="1" changeset="27683350" timestamp="2014-12-25T04:55:26Z" user="EC95" uid="2410326">
  <nd ref="3251590780"/>
  <nd ref="3251590634"/>
  <nd ref="3251590687"/>
  <tag k="highway" v="residential"/>
  <tag k="oneway" v="no"/>
 </way>
 <way id="318781364" visible="true" version="1" changeset="27683350" timestamp="2014-12-25T04:55:26Z" user="EC95" uid="2410326">
  <nd ref="3251590635"/>
  <nd ref="3251591107"/>
  <nd ref="3251590626"/>
  <nd ref="3251590652"/>
  <nd ref="3251590931"/>
  <tag k="highway" v="residential"/>
  <tag k="oneway" v="no"/>
 </way>
 <way id="318781365" visible="true" version="1" changeset="27683350" timestamp="2014-12-25T04:55:26Z" user="EC95" uid="2410326">
  <nd ref="3251590578"/>
  <nd ref="3251590432"/>
  <nd ref="3251590932"/>
  <tag k="highway" v="residential"/>
  <tag k="oneway" v="no"/>
 </way>
 <way id="318781366" visible="true" version="1" changeset="27683350" timestamp="2014-12-25T04:55:26Z" user="EC95" uid="2410326">
  <nd ref="3251590507"/>
  <nd ref="3251590680"/>
  <tag k="highway" v="residential"/>
  <tag k="oneway" v="no"/>
 </way>
 <way id="318781368" visible="true" version="1" changeset="27683350" timestamp="2014-12-25T04:55:26Z" user="EC95" uid="2410326">
  <nd ref="3251590787"/>
  <nd ref="3251590925"/>
  <tag k="highway" v="residential"/>
  <tag k="oneway" v="no"/>
 </way>
 <way id="318781371" visible="true" version="1" changeset="27683350" timestamp="2014-12-25T04:55:26Z" user="EC95" uid="2410326">
  <nd ref="3251590363"/>
  <nd ref="3251590490"/>
  <nd ref="3251590612"/>
  <nd ref="3251588252"/>
  <nd ref="3251590529"/>
  <nd ref="3251590693"/>
  <tag k="highway" v="residential"/>
  <tag k="oneway" v="no"/>
 </way>
 <way id="318781372" visible="true" version="1" changeset="27683350" timestamp="2014-12-25T04:55:26Z" user="EC95" uid="2410326">
  <nd ref="3251590947"/>
  <nd ref="3251590905"/>
  <nd ref="3251591115"/>
  <nd ref="3251590856"/>
  <nd ref="3251591080"/>
  <nd ref="3251590835"/>
  <nd ref="3251590754"/>
  <nd ref="3251591201"/>
  <tag k="highway" v="residential"/>
  <tag k="oneway" v="no"/>
 </way>
 <way id="318781373" visible="true" version="1" changeset="27683350" timestamp="2014-12-25T04:55:27Z" user="EC95" uid="2410326">
  <nd ref="2315565400"/>
  <nd ref="3251591108"/>
  <nd ref="3251590907"/>
  <tag k="highway" v="residential"/>
  <tag k="oneway" v="no"/>
 </way>
 <way id="318781374" visible="true" version="1" changeset="27683350" timestamp="2014-12-25T04:55:27Z" user="EC95" uid="2410326">
  <nd ref="3251590688"/>
  <nd ref="3251590583"/>
  <nd ref="3251590654"/>
  <nd ref="3251588236"/>
  <nd ref="3251590808"/>
  <nd ref="3251590381"/>
  <nd ref="3251591072"/>
  <nd ref="3251588237"/>
  <nd ref="3251591154"/>
  <tag k="highway" v="residential"/>
  <tag k="oneway" v="no"/>
 </way>
 <way id="318781375" visible="true" version="1" changeset="27683350" timestamp="2014-12-25T04:55:27Z" user="EC95" uid="2410326">
  <nd ref="3251590832"/>
  <nd ref="3251590516"/>
  <nd ref="3251591090"/>
  <tag k="highway" v="residential"/>
  <tag k="oneway" v="no"/>
 </way>
 <way id="318781377" visible="true" version="1" changeset="27683350" timestamp="2014-12-25T04:55:27Z" user="EC95" uid="2410326">
  <nd ref="3251590807"/>
  <nd ref="3251588222"/>
  <tag k="highway" v="residential"/>
  <tag k="oneway" v="no"/>
 </way>
 <way id="318781379" visible="true" version="1" changeset="27683350" timestamp="2014-12-25T04:55:27Z" user="EC95" uid="2410326">
  <nd ref="2315565655"/>
  <nd ref="3251588183"/>
  <nd ref="3251590855"/>
  <nd ref="3251590629"/>
  <nd ref="3251590698"/>
  <tag k="highway" v="residential"/>
  <tag k="oneway" v="no"/>
 </way>
 <way id="318781381" visible="true" version="1" changeset="27683350" timestamp="2014-12-25T04:55:27Z" user="EC95" uid="2410326">
  <nd ref="3251590398"/>
  <nd ref="3251590415"/>
  <nd ref="3251590369"/>
  <nd ref="3251590748"/>
  <nd ref="3251590888"/>
  <nd ref="3251590389"/>
  <tag k="highway" v="residential"/>
  <tag k="oneway" v="no"/>
 </way>
 <way id="318781382" visible="true" version="1" changeset="27683350" timestamp="2014-12-25T04:55:27Z" user="EC95" uid="2410326">
  <nd ref="3251590872"/>
  <nd ref="3251590373"/>
  <nd ref="3251591111"/>
  <tag k="highway" v="residential"/>
  <tag k="oneway" v="no"/>
 </way>
 <way id="318781384" visible="true" version="1" changeset="27683350" timestamp="2014-12-25T04:55:27Z" user="EC95" uid="2410326">
  <nd ref="3251588217"/>
  <nd ref="3251590405"/>
  <nd ref="3251590390"/>
  <tag k="highway" v="residential"/>
  <tag k="oneway" v="no"/>
 </way>
 <way id="318781387" visible="true" version="1" changeset="27683350" timestamp="2014-12-25T04:55:27Z" user="EC95" uid="2410326">
  <nd ref="3251591183"/>
  <nd ref="3251590822"/>
  <nd ref="3251590499"/>
  <nd ref="3251590940"/>
  <tag k="highway" v="residential"/>
  <tag k="oneway" v="no"/>
 </way>
 <way id="318781388" visible="true" version="1" changeset="27683350" timestamp="2014-12-25T04:55:27Z" user="EC95" uid="2410326">
  <nd ref="3251590372"/>
  <nd ref="3251590732"/>
  <nd ref="3251590679"/>
  <nd ref="2314603236"/>
  <tag k="highway" v="residential"/>
  <tag k="oneway" v="no"/>
 </way>
 <way id="318781389" visible="true" version="1" changeset="27683350" timestamp="2014-12-25T04:55:27Z" user="EC95" uid="2410326">
  <nd ref="3251590631"/>
  <nd ref="3251591083"/>
  <nd ref="3251588250"/>
  <nd ref="3251588180"/>
  <nd ref="3251591170"/>
  <tag k="highway" v="residential"/>
  <tag k="oneway" v="no"/>
 </way>
 <way id="318781390" visible="true" version="1" changeset="27683350" timestamp="2014-12-25T04:55:27Z" user="EC95" uid="2410326">
  <nd ref="3251590417"/>
  <nd ref="3251588197"/>
  <nd ref="3251590670"/>
  <nd ref="3251588235"/>
  <tag k="highway" v="residential"/>
  <tag k="oneway" v="no"/>
 </way>
 <way id="318781391" visible="true" version="1" changeset="27683350" timestamp="2014-12-25T04:55:27Z" user="EC95" uid="2410326">
  <nd ref="3251590812"/>
  <nd ref="3251590409"/>
  <nd ref="3251590602"/>
  <nd ref="3251590609"/>
  <nd ref="3251590575"/>
  <tag k="highway" v="residential"/>
  <tag k="oneway" v="no"/>
 </way>
 <way id="318781392" visible="true" version="1" changeset="27683350" timestamp="2014-12-25T04:55:28Z" user="EC95" uid="2410326">
  <nd ref="3251590622"/>
  <nd ref="3251590917"/>
  <nd ref="3251590562"/>
  <nd ref="3251590473"/>
  <nd ref="3251591118"/>
  <tag k="highway" v="residential"/>
  <tag k="oneway" v="no"/>
 </way>
 <way id="318781393" visible="true" version="1" changeset="27683350" timestamp="2014-12-25T04:55:28Z" user="EC95" uid="2410326">
  <nd ref="3251590761"/>
  <nd ref="3251590363"/>
  <nd ref="3251588230"/>
  <tag k="highway" v="residential"/>
  <tag k="oneway" v="no"/>
 </way>
 <way id="318781394" visible="true" version="1" changeset="27683350" timestamp="2014-12-25T04:55:28Z" user="EC95" uid="2410326">
  <nd ref="3251591131"/>
  <nd ref="3251590439"/>
  <tag k="highway" v="residential"/>
  <tag k="oneway" v="no"/>
 </way>
 <way id="318781395" visible="true" version="1" changeset="27683350" timestamp="2014-12-25T04:55:28Z" user="EC95" uid="2410326">
  <nd ref="3251590881"/>
  <nd ref="3251591194"/>
  <nd ref="3251591160"/>
  <nd ref="3251590860"/>
  <nd ref="3251590801"/>
  <tag k="highway" v="residential"/>
  <tag k="oneway" v="no"/>
 </way>
 <way id="318781396" visible="true" version="1" changeset="27683350" timestamp="2014-12-25T04:55:28Z" user="EC95" uid="2410326">
  <nd ref="3251590648"/>
  <nd ref="3251591167"/>
  <tag k="highway" v="residential"/>
  <tag k="oneway" v="no"/>
 </way>
 <way id="318781397" visible="true" version="1" changeset="27683350" timestamp="2014-12-25T04:55:28Z" user="EC95" uid="2410326">
  <nd ref="3251591105"/>
  <nd ref="3251590547"/>
  <nd ref="3251591182"/>
  <nd ref="3251591156"/>
  <nd ref="3251590940"/>
  <nd ref="3251590380"/>
  <tag k="highway" v="residential"/>
  <tag k="oneway" v="no"/>
 </way>
 <way id="318781398" visible="true" version="1" changeset="27683350" timestamp="2014-12-25T04:55:28Z" user="EC95" uid="2410326">
  <nd ref="3251588226"/>
  <nd ref="3251591190"/>
  <nd ref="3251590785"/>
  <nd ref="3251591063"/>
  <tag k="highway" v="residential"/>
  <tag k="oneway" v="no"/>
 </way>
 <way id="318781399" visible="true" version="1" changeset="27683350" timestamp="2014-12-25T04:55:28Z" user="EC95" uid="2410326">
  <nd ref="3251590633"/>
  <nd ref="3251590805"/>
  <tag k="highway" v="residential"/>
  <tag k="oneway" v="no"/>
 </way>
 <way id="318781400" visible="true" version="1" changeset="27683350" timestamp="2014-12-25T04:55:28Z" user="EC95" uid="2410326">
  <nd ref="3251590565"/>
  <nd ref="3251591129"/>
  <tag k="highway" v="residential"/>
  <tag k="oneway" v="no"/>
 </way>
 <way id="318781401" visible="true" version="2" changeset="52650423" timestamp="2017-10-05T10:37:30Z" user="Hanish" uid="6755263">
  <nd ref="3251590927"/>
  <nd ref="3251590795"/>
  <nd ref="3251590364"/>
  <nd ref="3251590436"/>
  <nd ref="5149485802"/>
  <nd ref="3251590681"/>
  <tag k="highway" v="residential"/>
  <tag k="oneway" v="no"/>
 </way>
 <way id="318781403" visible="true" version="1" changeset="27683350" timestamp="2014-12-25T04:55:28Z" user="EC95" uid="2410326">
  <nd ref="3251590765"/>
  <nd ref="3251590427"/>
  <nd ref="3251590668"/>
  <tag k="highway" v="residential"/>
  <tag k="oneway" v="no"/>
 </way>
 <way id="318781404" visible="true" version="1" changeset="27683350" timestamp="2014-12-25T04:55:28Z" user="EC95" uid="2410326">
  <nd ref="3251590833"/>
  <nd ref="3251590946"/>
  <nd ref="3251591106"/>
  <nd ref="2315565559"/>
  <tag k="highway" v="residential"/>
  <tag k="oneway" v="no"/>
 </way>
 <way id="318781405" visible="true" version="1" changeset="27683350" timestamp="2014-12-25T04:55:28Z" user="EC95" uid="2410326">
  <nd ref="3251590808"/>
  <nd ref="3251590711"/>
  <nd ref="3251591186"/>
  <nd ref="3251590849"/>
  <nd ref="3251590644"/>
  <tag k="highway" v="residential"/>
  <tag k="oneway" v="no"/>
 </way>
 <way id="318781406" visible="true" version="1" changeset="27683350" timestamp="2014-12-25T04:55:28Z" user="EC95" uid="2410326">
  <nd ref="2315565530"/>
  <nd ref="3251588196"/>
  <nd ref="3251590854"/>
  <nd ref="3251590792"/>
  <nd ref="3251590510"/>
  <tag k="highway" v="residential"/>
  <tag k="oneway" v="no"/>
 </way>
 <way id="318781407" visible="true" version="2" changeset="27696095" timestamp="2014-12-25T20:43:07Z" user="EC95" uid="2410326">
  <nd ref="3252641544"/>
  <nd ref="3252642423"/>
  <nd ref="3252641957"/>
  <nd ref="3252642255"/>
  <nd ref="3252642253"/>
  <nd ref="3252642192"/>
  <nd ref="3251590829"/>
  <nd ref="3252642120"/>
  <nd ref="3252642172"/>
  <nd ref="3252642249"/>
  <nd ref="3251590858"/>
  <nd ref="3251590870"/>
  <nd ref="3251590387"/>
  <tag k="highway" v="residential"/>
  <tag k="oneway" v="no"/>
 </way>
 <way id="318781408" visible="true" version="1" changeset="27683350" timestamp="2014-12-25T04:55:28Z" user="EC95" uid="2410326">
  <nd ref="3251590504"/>
  <nd ref="3251588192"/>
  <nd ref="3251590521"/>
  <nd ref="3251590560"/>
  <tag k="highway" v="residential"/>
  <tag k="oneway" v="no"/>
 </way>
 <way id="318781409" visible="true" version="1" changeset="27683350" timestamp="2014-12-25T04:55:28Z" user="EC95" uid="2410326">
  <nd ref="3251590789"/>
  <nd ref="3251590411"/>
  <nd ref="3251590884"/>
  <nd ref="3251590671"/>
  <tag k="highway" v="residential"/>
  <tag k="oneway" v="no"/>
 </way>
 <way id="318781410" visible="true" version="1" changeset="27683350" timestamp="2014-12-25T04:55:28Z" user="EC95" uid="2410326">
  <nd ref="3251591091"/>
  <nd ref="3251590669"/>
  <nd ref="3251590613"/>
  <nd ref="3251590772"/>
  <nd ref="3251590827"/>
  <tag k="highway" v="residential"/>
  <tag k="oneway" v="no"/>
 </way>
 <way id="318781411" visible="true" version="1" changeset="27683350" timestamp="2014-12-25T04:55:28Z" user="EC95" uid="2410326">
  <nd ref="3251590836"/>
  <nd ref="3251588178"/>
  <nd ref="3251591175"/>
  <nd ref="3251590699"/>
  <nd ref="3251591193"/>
  <tag k="highway" v="residential"/>
  <tag k="oneway" v="no"/>
 </way>
 <way id="318781412" visible="true" version="1" changeset="27683350" timestamp="2014-12-25T04:55:28Z" user="EC95" uid="2410326">
  <nd ref="3251591143"/>
  <nd ref="3251590582"/>
  <tag k="highway" v="residential"/>
  <tag k="oneway" v="no"/>
 </way>
 <way id="318781535" visible="true" version="1" changeset="27683350" timestamp="2014-12-25T05:05:02Z" user="EC95" uid="2410326">
  <nd ref="3251593373"/>
  <nd ref="3251593372"/>
  <nd ref="3251593443"/>
  <nd ref="3251593374"/>
  <nd ref="3251593301"/>
  <tag k="highway" v="residential"/>
  <tag k="oneway" v="no"/>
 </way>
 <way id="318781536" visible="true" version="1" changeset="27683350" timestamp="2014-12-25T05:05:02Z" user="EC95" uid="2410326">
  <nd ref="3251588531"/>
  <nd ref="3251593401"/>
  <tag k="highway" v="residential"/>
  <tag k="oneway" v="no"/>
 </way>
 <way id="318781538" visible="true" version="1" changeset="27683350" timestamp="2014-12-25T05:05:02Z" user="EC95" uid="2410326">
  <nd ref="3251588529"/>
  <nd ref="3251593378"/>
  <nd ref="3251593415"/>
  <nd ref="3251593335"/>
  <nd ref="3251593348"/>
  <tag k="highway" v="residential"/>
  <tag k="oneway" v="no"/>
 </way>
 <way id="318781541" visible="true" version="1" changeset="27683350" timestamp="2014-12-25T05:05:02Z" user="EC95" uid="2410326">
  <nd ref="3251593261"/>
  <nd ref="3251593275"/>
  <tag k="highway" v="residential"/>
  <tag k="oneway" v="no"/>
 </way>
 <way id="318781546" visible="true" version="2" changeset="52645479" timestamp="2017-10-05T07:05:27Z" user="Hanish" uid="6755263">
  <nd ref="3251593397"/>
  <nd ref="3251588515"/>
  <nd ref="3251593277"/>
  <nd ref="3251593419"/>
  <nd ref="3251593317"/>
  <nd ref="3251593306"/>
  <nd ref="3251593396"/>
  <nd ref="3251593389"/>
  <nd ref="5149101023"/>
  <nd ref="3251593431"/>
  <nd ref="3251593412"/>
  <tag k="highway" v="residential"/>
  <tag k="oneway" v="no"/>
 </way>
 <way id="318781547" visible="true" version="2" changeset="52645479" timestamp="2017-10-05T07:05:27Z" user="Hanish" uid="6755263">
  <nd ref="3251593263"/>
  <nd ref="5149101026"/>
  <nd ref="3251593419"/>
  <nd ref="3251588549"/>
  <nd ref="3251588538"/>
  <tag k="highway" v="residential"/>
  <tag k="oneway" v="no"/>
 </way>
 <way id="318781548" visible="true" version="1" changeset="27683350" timestamp="2014-12-25T05:05:02Z" user="EC95" uid="2410326">
  <nd ref="3251593361"/>
  <nd ref="3251593458"/>
  <nd ref="3251593410"/>
  <nd ref="3251593406"/>
  <tag k="highway" v="residential"/>
  <tag k="oneway" v="no"/>
 </way>
 <way id="318781549" visible="true" version="1" changeset="27683350" timestamp="2014-12-25T05:05:02Z" user="EC95" uid="2410326">
  <nd ref="3251593410"/>
  <nd ref="3251593291"/>
  <tag k="highway" v="residential"/>
  <tag k="oneway" v="no"/>
 </way>
 <way id="318781550" visible="true" version="4" changeset="162238653" timestamp="2025-02-07T10:09:36Z" user="Vaishali Patil" uid="20041977">
  <nd ref="2622104920"/>
  <nd ref="3251593385"/>
  <nd ref="3251593329"/>
  <nd ref="12565121645"/>
  <nd ref="3251593454"/>
  <nd ref="3251593407"/>
  <nd ref="12565121646"/>
  <nd ref="3251593437"/>
  <nd ref="12565121647"/>
  <nd ref="3251588550"/>
  <nd ref="3251593316"/>
  <nd ref="3251593346"/>
  <nd ref="3251593273"/>
  <nd ref="3251593310"/>
  <nd ref="3254617911"/>
  <nd ref="12565121648"/>
  <nd ref="3251593276"/>
  <nd ref="3251593460"/>
  <nd ref="12565121649"/>
  <nd ref="3251588545"/>
  <nd ref="3251588517"/>
  <nd ref="3251593290"/>
  <nd ref="3251593452"/>
  <nd ref="3251593411"/>
  <nd ref="3251593319"/>
  <nd ref="3251593355"/>
  <nd ref="4440160389"/>
  <nd ref="3251593440"/>
  <nd ref="3251588542"/>
  <nd ref="4440160288"/>
  <nd ref="12565121650"/>
  <nd ref="3251593424"/>
  <nd ref="4440160287"/>
  <nd ref="3251593304"/>
  <nd ref="12565121652"/>
  <nd ref="3251593324"/>
  <nd ref="12565121651"/>
  <nd ref="3251593441"/>
  <nd ref="3251593345"/>
  <tag k="highway" v="secondary"/>
  <tag k="oneway" v="no"/>
 </way>
 <way id="318781551" visible="true" version="1" changeset="27683350" timestamp="2014-12-25T05:05:02Z" user="EC95" uid="2410326">
  <nd ref="3251593399"/>
  <nd ref="3251593427"/>
  <tag k="highway" v="residential"/>
  <tag k="oneway" v="no"/>
 </way>
 <way id="318781552" visible="true" version="1" changeset="27683350" timestamp="2014-12-25T05:05:02Z" user="EC95" uid="2410326">
  <nd ref="3251593413"/>
  <nd ref="3251593404"/>
  <nd ref="3251593327"/>
  <nd ref="3251593423"/>
  <nd ref="3251593350"/>
  <nd ref="3251593312"/>
  <tag k="highway" v="residential"/>
  <tag k="oneway" v="no"/>
 </way>
 <way id="318781555" visible="true" version="1" changeset="27683350" timestamp="2014-12-25T05:05:03Z" user="EC95" uid="2410326">
  <nd ref="3251588528"/>
  <nd ref="3251593328"/>
  <tag k="highway" v="residential"/>
  <tag k="oneway" v="no"/>
 </way>
 <way id="318781556" visible="true" version="1" changeset="27683350" timestamp="2014-12-25T05:05:03Z" user="EC95" uid="2410326">
  <nd ref="3251593358"/>
  <nd ref="3251593356"/>
  <tag k="highway" v="residential"/>
  <tag k="oneway" v="no"/>
 </way>
 <way id="318781557" visible="true" version="1" changeset="27683350" timestamp="2014-12-25T05:05:03Z" user="EC95" uid="2410326">
  <nd ref="3251593365"/>
  <nd ref="3251588533"/>
  <nd ref="3251593442"/>
  <nd ref="3251593295"/>
  <nd ref="3251593330"/>
  <nd ref="3251588556"/>
  <nd ref="3251593337"/>
  <nd ref="3251593376"/>
  <tag k="highway" v="residential"/>
  <tag k="oneway" v="no"/>
 </way>
 <way id="318781558" visible="true" version="1" changeset="27683350" timestamp="2014-12-25T05:05:03Z" user="EC95" uid="2410326">
  <nd ref="3251588543"/>
  <nd ref="3251588552"/>
  <nd ref="3251593414"/>
  <nd ref="3251593408"/>
  <tag k="highway" v="residential"/>
  <tag k="oneway" v="no"/>
 </way>
 <way id="318781559" visible="true" version="1" changeset="27683350" timestamp="2014-12-25T05:05:03Z" user="EC95" uid="2410326">
  <nd ref="3251593420"/>
  <nd ref="3251593284"/>
  <nd ref="3251593404"/>
  <nd ref="3251593309"/>
  <nd ref="3251593408"/>
  <nd ref="3251593445"/>
  <nd ref="3251593288"/>
  <nd ref="3251593334"/>
  <tag k="highway" v="residential"/>
  <tag k="oneway" v="no"/>
 </way>
 <way id="318781561" visible="true" version="1" changeset="27683350" timestamp="2014-12-25T05:05:03Z" user="EC95" uid="2410326">
  <nd ref="3251588526"/>
  <nd ref="3251593281"/>
  <tag k="highway" v="residential"/>
  <tag k="oneway" v="no"/>
 </way>
 <way id="318781563" visible="true" version="2" changeset="27883784" timestamp="2015-01-03T12:04:13Z" user="Heinz_V" uid="91490">
  <nd ref="3251593270"/>
  <nd ref="3251593379"/>
  <nd ref="3251593347"/>
  <nd ref="3266805230"/>
  <tag k="highway" v="residential"/>
  <tag k="oneway" v="no"/>
 </way>
 <way id="318781564" visible="true" version="1" changeset="27683350" timestamp="2014-12-25T05:05:03Z" user="EC95" uid="2410326">
  <nd ref="3251588556"/>
  <nd ref="3251593354"/>
  <nd ref="3251593313"/>
  <nd ref="3251593282"/>
  <nd ref="3251593455"/>
  <tag k="highway" v="residential"/>
  <tag k="oneway" v="no"/>
 </way>
 <way id="318781565" visible="true" version="1" changeset="27683350" timestamp="2014-12-25T05:05:03Z" user="EC95" uid="2410326">
  <nd ref="3251593302"/>
  <nd ref="3251593427"/>
  <nd ref="3251593333"/>
  <nd ref="3251593343"/>
  <nd ref="3251593384"/>
  <nd ref="3251588521"/>
  <nd ref="3251588557"/>
  <tag k="highway" v="residential"/>
  <tag k="oneway" v="no"/>
 </way>
 <way id="318781566" visible="true" version="1" changeset="27683350" timestamp="2014-12-25T05:05:03Z" user="EC95" uid="2410326">
  <nd ref="3251593415"/>
  <nd ref="3251593380"/>
  <nd ref="3251593331"/>
  <nd ref="3251593378"/>
  <tag k="highway" v="residential"/>
  <tag k="oneway" v="no"/>
 </way>
 <way id="318781568" visible="true" version="1" changeset="27683350" timestamp="2014-12-25T05:05:03Z" user="EC95" uid="2410326">
  <nd ref="3251593394"/>
  <nd ref="3251593357"/>
  <nd ref="3251593439"/>
  <nd ref="3251593416"/>
  <nd ref="3251593362"/>
  <nd ref="3251593457"/>
  <nd ref="3251588527"/>
  <nd ref="3251593294"/>
  <nd ref="1423283195"/>
  <tag k="highway" v="residential"/>
  <tag k="oneway" v="no"/>
 </way>
 <way id="318781570" visible="true" version="1" changeset="27683350" timestamp="2014-12-25T05:05:03Z" user="EC95" uid="2410326">
  <nd ref="3251593425"/>
  <nd ref="3251593365"/>
  <nd ref="3251593455"/>
  <nd ref="3251593284"/>
  <tag k="highway" v="residential"/>
  <tag k="oneway" v="no"/>
 </way>
 <way id="318781572" visible="true" version="2" changeset="27883784" timestamp="2015-01-03T12:04:14Z" user="Heinz_V" uid="91490">
  <nd ref="3251593336"/>
  <nd ref="3251588529"/>
  <nd ref="3251593444"/>
  <nd ref="3251588534"/>
  <nd ref="3266805230"/>
  <nd ref="3251593322"/>
  <tag k="highway" v="residential"/>
  <tag k="oneway" v="no"/>
 </way>
 <way id="318781574" visible="true" version="1" changeset="27683350" timestamp="2014-12-25T05:05:04Z" user="EC95" uid="2410326">
  <nd ref="3251593372"/>
  <nd ref="3251593339"/>
  <tag k="highway" v="residential"/>
  <tag k="oneway" v="no"/>
 </way>
 <way id="318781576" visible="true" version="1" changeset="27683350" timestamp="2014-12-25T05:05:04Z" user="EC95" uid="2410326">
  <nd ref="3251593300"/>
  <nd ref="3251593318"/>
  <tag k="highway" v="residential"/>
  <tag k="oneway" v="no"/>
 </way>
 <way id="318781579" visible="true" version="2" changeset="52645299" timestamp="2017-10-05T06:55:40Z" user="Hanish" uid="6755263">
  <nd ref="3251588527"/>
  <nd ref="3251593429"/>
  <nd ref="5149094866"/>
  <nd ref="3251593392"/>
  <nd ref="3251588554"/>
  <nd ref="3251593283"/>
  <nd ref="3251593422"/>
  <tag k="highway" v="residential"/>
  <tag k="oneway" v="no"/>
 </way>
 <way id="318781581" visible="true" version="1" changeset="27683350" timestamp="2014-12-25T05:05:04Z" user="EC95" uid="2410326">
  <nd ref="3251593294"/>
  <nd ref="3251588553"/>
  <tag k="highway" v="residential"/>
  <tag k="oneway" v="no"/>
 </way>
 <way id="318781582" visible="true" version="1" changeset="27683350" timestamp="2014-12-25T05:05:04Z" user="EC95" uid="2410326">
  <nd ref="3251593283"/>
  <nd ref="3251593417"/>
  <nd ref="3251593363"/>
  <tag k="highway" v="residential"/>
  <tag k="oneway" v="no"/>
 </way>
 <way id="318781583" visible="true" version="1" changeset="27683350" timestamp="2014-12-25T05:05:04Z" user="EC95" uid="2410326">
  <nd ref="3251593340"/>
  <nd ref="3251593325"/>
  <nd ref="3251593447"/>
  <nd ref="3251588536"/>
  <nd ref="3251588523"/>
  <nd ref="3251593400"/>
  <nd ref="3227191139"/>
  <tag k="highway" v="residential"/>
  <tag k="oneway" v="no"/>
 </way>
 <way id="318781585" visible="true" version="1" changeset="27683350" timestamp="2014-12-25T05:05:04Z" user="EC95" uid="2410326">
  <nd ref="3251588546"/>
  <nd ref="3251588520"/>
  <tag k="highway" v="residential"/>
  <tag k="oneway" v="no"/>
 </way>
 <way id="318781587" visible="true" version="1" changeset="27683350" timestamp="2014-12-25T05:05:04Z" user="EC95" uid="2410326">
  <nd ref="3251593369"/>
  <nd ref="3251593279"/>
  <nd ref="3251593359"/>
  <nd ref="3251593392"/>
  <nd ref="3251588553"/>
  <nd ref="3251593318"/>
  <nd ref="3251593371"/>
  <tag k="highway" v="residential"/>
  <tag k="oneway" v="no"/>
 </way>
 <way id="318781590" visible="true" version="1" changeset="27683350" timestamp="2014-12-25T05:05:04Z" user="EC95" uid="2410326">
  <nd ref="3251593436"/>
  <nd ref="3251593343"/>
  <tag k="highway" v="residential"/>
  <tag k="oneway" v="no"/>
 </way>
 <way id="318781591" visible="true" version="1" changeset="27683350" timestamp="2014-12-25T05:05:04Z" user="EC95" uid="2410326">
  <nd ref="3251593311"/>
  <nd ref="3251593359"/>
  <nd ref="3251593457"/>
  <tag k="highway" v="residential"/>
  <tag k="oneway" v="no"/>
 </way>
 <way id="318781592" visible="true" version="1" changeset="27683350" timestamp="2014-12-25T05:05:05Z" user="EC95" uid="2410326">
  <nd ref="3251588535"/>
  <nd ref="3251588523"/>
  <tag k="highway" v="residential"/>
  <tag k="oneway" v="no"/>
 </way>
 <way id="318781593" visible="true" version="1" changeset="27683350" timestamp="2014-12-25T05:05:05Z" user="EC95" uid="2410326">
  <nd ref="3251593314"/>
  <nd ref="3251593350"/>
  <tag k="highway" v="residential"/>
  <tag k="oneway" v="no"/>
 </way>
 <way id="318781594" visible="true" version="1" changeset="27683350" timestamp="2014-12-25T05:05:05Z" user="EC95" uid="2410326">
  <nd ref="3251588539"/>
  <nd ref="3251593263"/>
  <nd ref="3251593396"/>
  <tag k="highway" v="residential"/>
  <tag k="oneway" v="no"/>
 </way>
 <way id="318781595" visible="true" version="1" changeset="27683350" timestamp="2014-12-25T05:05:05Z" user="EC95" uid="2410326">
  <nd ref="3251593434"/>
  <nd ref="3251593423"/>
  <tag k="highway" v="residential"/>
  <tag k="oneway" v="no"/>
 </way>
 <way id="318781597" visible="true" version="1" changeset="27683350" timestamp="2014-12-25T05:05:05Z" user="EC95" uid="2410326">
  <nd ref="3251593360"/>
  <nd ref="3251588520"/>
  <nd ref="3251588531"/>
  <nd ref="3251593418"/>
  <tag k="highway" v="residential"/>
  <tag k="oneway" v="no"/>
 </way>
 <way id="318781602" visible="true" version="1" changeset="27683350" timestamp="2014-12-25T05:05:05Z" user="EC95" uid="2410326">
  <nd ref="3251588539"/>
  <nd ref="3251588515"/>
  <nd ref="3251593320"/>
  <nd ref="3251593438"/>
  <tag k="highway" v="residential"/>
  <tag k="oneway" v="no"/>
 </way>
 <way id="318781604" visible="true" version="1" changeset="27683350" timestamp="2014-12-25T05:05:05Z" user="EC95" uid="2410326">
  <nd ref="3251593266"/>
  <nd ref="3251593322"/>
  <nd ref="3251593370"/>
  <nd ref="3251593383"/>
  <tag k="highway" v="residential"/>
  <tag k="oneway" v="no"/>
 </way>
 <way id="318781606" visible="true" version="1" changeset="27683350" timestamp="2014-12-25T05:05:05Z" user="EC95" uid="2410326">
  <nd ref="3251593402"/>
  <nd ref="3251593323"/>
  <nd ref="3251593448"/>
  <nd ref="3251593297"/>
  <nd ref="3251593366"/>
  <tag k="highway" v="residential"/>
  <tag k="oneway" v="no"/>
 </way>
 <way id="318781607" visible="true" version="1" changeset="27683350" timestamp="2014-12-25T05:05:05Z" user="EC95" uid="2410326">
  <nd ref="3251593342"/>
  <nd ref="3251588524"/>
  <tag k="highway" v="residential"/>
  <tag k="oneway" v="no"/>
 </way>
 <way id="318781608" visible="true" version="1" changeset="27683350" timestamp="2014-12-25T05:05:05Z" user="EC95" uid="2410326">
  <nd ref="3251593341"/>
  <nd ref="3251593375"/>
  <nd ref="3251593448"/>
  <tag k="highway" v="residential"/>
  <tag k="oneway" v="no"/>
 </way>
 <way id="318781609" visible="true" version="1" changeset="27683350" timestamp="2014-12-25T05:05:05Z" user="EC95" uid="2410326">
  <nd ref="3251588552"/>
  <nd ref="3251593395"/>
  <nd ref="3251593288"/>
  <tag k="highway" v="residential"/>
  <tag k="oneway" v="no"/>
 </way>
 <way id="318781610" visible="true" version="1" changeset="27683350" timestamp="2014-12-25T05:05:05Z" user="EC95" uid="2410326">
  <nd ref="3251593271"/>
  <nd ref="3251593264"/>
  <nd ref="3251593374"/>
  <tag k="highway" v="residential"/>
  <tag k="oneway" v="no"/>
 </way>
 <way id="318781612" visible="true" version="1" changeset="27683350" timestamp="2014-12-25T05:05:06Z" user="EC95" uid="2410326">
  <nd ref="3251588540"/>
  <nd ref="3251588518"/>
  <tag k="highway" v="residential"/>
  <tag k="oneway" v="no"/>
 </way>
 <way id="318781613" visible="true" version="2" changeset="134273747" timestamp="2023-03-29T18:04:17Z" user="PlaneMad" uid="1306">
  <nd ref="3251593449"/>
  <nd ref="3251593406"/>
  <nd ref="3251593351"/>
  <nd ref="3251593281"/>
  <nd ref="3251593291"/>
  <nd ref="3251593405"/>
  <nd ref="3251593292"/>
  <nd ref="3251593275"/>
  <nd ref="10771574240"/>
  <nd ref="3251593433"/>
  <nd ref="3251591215"/>
  <tag k="highway" v="unclassified"/>
  <tag k="oneway" v="no"/>
 </way>
 <way id="318781614" visible="true" version="1" changeset="27683350" timestamp="2014-12-25T05:05:06Z" user="EC95" uid="2410326">
  <nd ref="3251588521"/>
  <nd ref="3251593386"/>
  <nd ref="3251593302"/>
  <tag k="highway" v="residential"/>
  <tag k="oneway" v="no"/>
 </way>
 <way id="318781615" visible="true" version="1" changeset="27683350" timestamp="2014-12-25T05:05:06Z" user="EC95" uid="2410326">
  <nd ref="3251593458"/>
  <nd ref="3251593446"/>
  <nd ref="3251593268"/>
  <tag k="highway" v="residential"/>
  <tag k="oneway" v="no"/>
 </way>
 <way id="318869617" visible="true" version="2" changeset="142225649" timestamp="2023-10-06T10:14:28Z" user="kunalchhapre" uid="19795114">
  <nd ref="3252641994"/>
  <nd ref="3252642066"/>
  <nd ref="3252641973"/>
  <nd ref="11243173704"/>
  <nd ref="3252641960"/>
  <nd ref="3251590829"/>
  <tag k="highway" v="residential"/>
  <tag k="oneway" v="no"/>
 </way>
 <way id="318869623" visible="true" version="1" changeset="27696095" timestamp="2014-12-25T20:42:56Z" user="EC95" uid="2410326">
  <nd ref="3252641525"/>
  <nd ref="3252641552"/>
  <nd ref="3252642036"/>
  <tag k="highway" v="residential"/>
  <tag k="oneway" v="no"/>
 </way>
 <way id="318869624" visible="true" version="1" changeset="27696095" timestamp="2014-12-25T20:42:56Z" user="EC95" uid="2410326">
  <nd ref="3252642187"/>
  <nd ref="3252642053"/>
  <tag k="highway" v="residential"/>
  <tag k="oneway" v="no"/>
 </way>
 <way id="318869625" visible="true" version="1" changeset="27696095" timestamp="2014-12-25T20:42:56Z" user="EC95" uid="2410326">
  <nd ref="3252642141"/>
  <nd ref="3252641999"/>
  <nd ref="3252641559"/>
  <tag k="highway" v="residential"/>
  <tag k="oneway" v="no"/>
 </way>
 <way id="318869627" visible="true" version="1" changeset="27696095" timestamp="2014-12-25T20:42:56Z" user="EC95" uid="2410326">
  <nd ref="3252642179"/>
  <nd ref="3252642384"/>
  <nd ref="3252641538"/>
  <nd ref="1860278639"/>
  <tag k="highway" v="residential"/>
  <tag k="oneway" v="no"/>
 </way>
 <way id="318869629" visible="true" version="1" changeset="27696095" timestamp="2014-12-25T20:42:56Z" user="EC95" uid="2410326">
  <nd ref="3252642055"/>
  <nd ref="3252642119"/>
  <nd ref="3252642060"/>
  <nd ref="3252641879"/>
  <tag k="highway" v="residential"/>
  <tag k="oneway" v="no"/>
 </way>
 <way id="318869630" visible="true" version="1" changeset="27696095" timestamp="2014-12-25T20:42:57Z" user="EC95" uid="2410326">
  <nd ref="3252641535"/>
  <nd ref="3252641948"/>
  <nd ref="3252642388"/>
  <nd ref="3252642401"/>
  <nd ref="3252642074"/>
  <nd ref="3252641994"/>
  <nd ref="3252642209"/>
  <tag k="highway" v="residential"/>
  <tag k="oneway" v="no"/>
 </way>
 <way id="318869635" visible="true" version="1" changeset="27696095" timestamp="2014-12-25T20:42:57Z" user="EC95" uid="2410326">
  <nd ref="3252641861"/>
  <nd ref="3252642107"/>
  <nd ref="3252641912"/>
  <nd ref="3252642023"/>
  <tag k="highway" v="residential"/>
  <tag k="oneway" v="no"/>
 </way>
 <way id="318869636" visible="true" version="1" changeset="27696095" timestamp="2014-12-25T20:42:57Z" user="EC95" uid="2410326">
  <nd ref="3252641910"/>
  <nd ref="3252641890"/>
  <nd ref="3252641894"/>
  <tag k="highway" v="residential"/>
  <tag k="oneway" v="no"/>
 </way>
 <way id="318869642" visible="true" version="1" changeset="27696095" timestamp="2014-12-25T20:42:57Z" user="EC95" uid="2410326">
  <nd ref="3252642215"/>
  <nd ref="3252642048"/>
  <tag k="highway" v="residential"/>
  <tag k="oneway" v="no"/>
 </way>
 <way id="318869644" visible="true" version="1" changeset="27696095" timestamp="2014-12-25T20:42:57Z" user="EC95" uid="2410326">
  <nd ref="3252641535"/>
  <nd ref="3252642414"/>
  <nd ref="3252642227"/>
  <tag k="highway" v="residential"/>
  <tag k="oneway" v="no"/>
 </way>
 <way id="318869647" visible="true" version="1" changeset="27696095" timestamp="2014-12-25T20:42:57Z" user="EC95" uid="2410326">
  <nd ref="3252642012"/>
  <nd ref="3252641552"/>
  <nd ref="3252642235"/>
  <tag k="highway" v="residential"/>
  <tag k="oneway" v="no"/>
 </way>
 <way id="318869661" visible="true" version="1" changeset="27696095" timestamp="2014-12-25T20:42:58Z" user="EC95" uid="2410326">
  <nd ref="3252642061"/>
  <nd ref="3252641948"/>
  <tag k="highway" v="residential"/>
  <tag k="oneway" v="no"/>
 </way>
 <way id="318869662" visible="true" version="2" changeset="93028868" timestamp="2020-10-25T20:47:41Z" user="mottiger" uid="7504544">
  <nd ref="8045046739"/>
  <nd ref="8045046740"/>
  <nd ref="8045046741"/>
  <nd ref="8045046742"/>
  <nd ref="3252641541"/>
  <nd ref="3252642241"/>
  <nd ref="3252642180"/>
  <nd ref="3252641943"/>
  <tag k="highway" v="residential"/>
  <tag k="oneway" v="no"/>
 </way>
 <way id="318869663" visible="true" version="1" changeset="27696095" timestamp="2014-12-25T20:42:58Z" user="EC95" uid="2410326">
  <nd ref="3252641938"/>
  <nd ref="3252641894"/>
  <nd ref="3252641995"/>
  <nd ref="3252641983"/>
  <nd ref="3252641949"/>
  <nd ref="3252642412"/>
  <nd ref="3252641993"/>
  <nd ref="3252642430"/>
  <tag k="highway" v="residential"/>
  <tag k="oneway" v="no"/>
 </way>
 <way id="318869665" visible="true" version="1" changeset="27696095" timestamp="2014-12-25T20:42:58Z" user="EC95" uid="2410326">
  <nd ref="3252641867"/>
  <nd ref="3252642245"/>
  <nd ref="3252642241"/>
  <tag k="highway" v="residential"/>
  <tag k="oneway" v="no"/>
 </way>
 <way id="318869670" visible="true" version="1" changeset="27696095" timestamp="2014-12-25T20:42:59Z" user="EC95" uid="2410326">
  <nd ref="3252642370"/>
  <nd ref="3252641559"/>
  <nd ref="3252642183"/>
  <nd ref="3252641547"/>
  <nd ref="1423283178"/>
  <tag k="highway" v="residential"/>
  <tag k="oneway" v="no"/>
 </way>
 <way id="318869675" visible="true" version="1" changeset="27696095" timestamp="2014-12-25T20:42:59Z" user="EC95" uid="2410326">
  <nd ref="3252642019"/>
  <nd ref="3252641522"/>
  <nd ref="3252641905"/>
  <tag k="highway" v="residential"/>
  <tag k="oneway" v="no"/>
 </way>
 <way id="318869682" visible="true" version="1" changeset="27696095" timestamp="2014-12-25T20:42:59Z" user="EC95" uid="2410326">
  <nd ref="3252642111"/>
  <nd ref="3252642413"/>
  <nd ref="3252641548"/>
  <nd ref="3252642253"/>
  <tag k="highway" v="residential"/>
  <tag k="oneway" v="no"/>
 </way>
 <way id="318869683" visible="true" version="1" changeset="27696095" timestamp="2014-12-25T20:42:59Z" user="EC95" uid="2410326">
  <nd ref="3252642426"/>
  <nd ref="3252641964"/>
  <tag k="highway" v="residential"/>
  <tag k="oneway" v="no"/>
 </way>
 <way id="318869686" visible="true" version="1" changeset="27696095" timestamp="2014-12-25T20:43:00Z" user="EC95" uid="2410326">
  <nd ref="3252642251"/>
  <nd ref="3252642120"/>
  <tag k="highway" v="residential"/>
  <tag k="oneway" v="no"/>
 </way>
 <way id="318869694" visible="true" version="1" changeset="27696095" timestamp="2014-12-25T20:43:00Z" user="EC95" uid="2410326">
  <nd ref="3252642070"/>
  <nd ref="3252641914"/>
  <nd ref="3252642056"/>
  <tag k="highway" v="residential"/>
  <tag k="oneway" v="no"/>
 </way>
 <way id="318869700" visible="true" version="1" changeset="27696095" timestamp="2014-12-25T20:43:00Z" user="EC95" uid="2410326">
  <nd ref="3252642000"/>
  <nd ref="3252642004"/>
  <tag k="highway" v="residential"/>
  <tag k="oneway" v="no"/>
 </way>
 <way id="318869704" visible="true" version="2" changeset="42769724" timestamp="2016-10-10T07:03:45Z" user="mapusdotin" uid="3754246">
  <nd ref="1423283191"/>
  <nd ref="3252641981"/>
  <nd ref="3252641979"/>
  <nd ref="3252642027"/>
  <nd ref="4440149524"/>
  <nd ref="3252642052"/>
  <nd ref="3252642086"/>
  <nd ref="3252641926"/>
  <nd ref="3252642018"/>
  <nd ref="3252641863"/>
  <nd ref="3252641947"/>
  <nd ref="3252642083"/>
  <nd ref="3252642206"/>
  <nd ref="4440149523"/>
  <nd ref="2315566639"/>
  <tag k="highway" v="residential"/>
  <tag k="oneway" v="no"/>
 </way>
 <way id="318869706" visible="true" version="1" changeset="27696095" timestamp="2014-12-25T20:43:01Z" user="EC95" uid="2410326">
  <nd ref="3252642123"/>
  <nd ref="3252642139"/>
  <nd ref="3252641934"/>
  <nd ref="3252641556"/>
  <tag k="highway" v="residential"/>
  <tag k="oneway" v="no"/>
 </way>
 <way id="318869707" visible="true" version="1" changeset="27696095" timestamp="2014-12-25T20:43:01Z" user="EC95" uid="2410326">
  <nd ref="3252641883"/>
  <nd ref="3252642409"/>
  <nd ref="3252642179"/>
  <nd ref="3252642194"/>
  <tag k="highway" v="residential"/>
  <tag k="oneway" v="no"/>
 </way>
 <way id="318869711" visible="true" version="2" changeset="42769724" timestamp="2016-10-10T07:03:43Z" user="mapusdotin" uid="3754246">
  <nd ref="3252642068"/>
  <nd ref="3252642195"/>
  <nd ref="4440149516"/>
  <nd ref="3252642069"/>
  <nd ref="3252642380"/>
  <nd ref="3252642041"/>
  <nd ref="3252642025"/>
  <nd ref="3252642001"/>
  <tag k="highway" v="residential"/>
  <tag k="oneway" v="no"/>
 </way>
 <way id="318869737" visible="true" version="1" changeset="27696095" timestamp="2014-12-25T20:43:03Z" user="EC95" uid="2410326">
  <nd ref="3252641882"/>
  <nd ref="3252642227"/>
  <nd ref="3252642370"/>
  <nd ref="3252642051"/>
  <tag k="highway" v="residential"/>
  <tag k="oneway" v="no"/>
 </way>
 <way id="318869747" visible="true" version="1" changeset="27696095" timestamp="2014-12-25T20:43:03Z" user="EC95" uid="2410326">
  <nd ref="3252641523"/>
  <nd ref="3252641976"/>
  <nd ref="3252641539"/>
  <tag k="highway" v="residential"/>
  <tag k="oneway" v="no"/>
 </way>
 <way id="318869750" visible="true" version="1" changeset="27696095" timestamp="2014-12-25T20:43:03Z" user="EC95" uid="2410326">
  <nd ref="3252641976"/>
  <nd ref="3252642009"/>
  <nd ref="3252642026"/>
  <nd ref="3252641943"/>
  <nd ref="3252642171"/>
  <tag k="highway" v="residential"/>
  <tag k="oneway" v="no"/>
 </way>
 <way id="318869764" visible="true" version="1" changeset="27696095" timestamp="2014-12-25T20:43:04Z" user="EC95" uid="2410326">
  <nd ref="3252641992"/>
  <nd ref="3252641959"/>
  <nd ref="3252642249"/>
  <tag k="highway" v="residential"/>
  <tag k="oneway" v="no"/>
 </way>
 <way id="318869770" visible="true" version="1" changeset="27696095" timestamp="2014-12-25T20:43:04Z" user="EC95" uid="2410326">
  <nd ref="3252641875"/>
  <nd ref="3252641522"/>
  <tag k="highway" v="residential"/>
  <tag k="oneway" v="no"/>
 </way>
 <way id="318869776" visible="true" version="1" changeset="27696095" timestamp="2014-12-25T20:43:04Z" user="EC95" uid="2410326">
  <nd ref="3252642062"/>
  <nd ref="3252642412"/>
  <tag k="highway" v="residential"/>
  <tag k="oneway" v="no"/>
 </way>
 <way id="318869778" visible="true" version="1" changeset="27696095" timestamp="2014-12-25T20:43:04Z" user="EC95" uid="2410326">
  <nd ref="3252641913"/>
  <nd ref="3252642062"/>
  <nd ref="3252642171"/>
  <nd ref="3252642374"/>
  <nd ref="3252642242"/>
  <nd ref="3252641983"/>
  <tag k="highway" v="residential"/>
  <tag k="oneway" v="no"/>
 </way>
 <way id="318869781" visible="true" version="1" changeset="27696095" timestamp="2014-12-25T20:43:04Z" user="EC95" uid="2410326">
  <nd ref="3252642177"/>
  <nd ref="3252641959"/>
  <tag k="highway" v="residential"/>
  <tag k="oneway" v="no"/>
 </way>
 <way id="318869796" visible="true" version="1" changeset="27696095" timestamp="2014-12-25T20:43:04Z" user="EC95" uid="2410326">
  <nd ref="3252641936"/>
  <nd ref="3252642420"/>
  <nd ref="3252641534"/>
  <nd ref="3252642199"/>
  <tag k="highway" v="residential"/>
  <tag k="oneway" v="no"/>
 </way>
 <way id="318869800" visible="true" version="1" changeset="27696095" timestamp="2014-12-25T20:43:04Z" user="EC95" uid="2410326">
  <nd ref="3252642039"/>
  <nd ref="3252642127"/>
  <tag k="highway" v="residential"/>
  <tag k="oneway" v="no"/>
 </way>
 <way id="318869809" visible="true" version="1" changeset="27696095" timestamp="2014-12-25T20:43:05Z" user="EC95" uid="2410326">
  <nd ref="3252641536"/>
  <nd ref="3252642426"/>
  <nd ref="3252642201"/>
  <nd ref="3252642002"/>
  <nd ref="3252642172"/>
  <tag k="highway" v="residential"/>
  <tag k="oneway" v="no"/>
 </way>
 <way id="318869813" visible="true" version="1" changeset="27696095" timestamp="2014-12-25T20:43:05Z" user="EC95" uid="2410326">
  <nd ref="3252642073"/>
  <nd ref="3252641950"/>
  <tag k="highway" v="residential"/>
  <tag k="oneway" v="no"/>
 </way>
 <way id="318869821" visible="true" version="2" changeset="93028868" timestamp="2020-10-25T20:47:41Z" user="mottiger" uid="7504544">
  <nd ref="3252642236"/>
  <nd ref="3252642164"/>
  <nd ref="3252642001"/>
  <nd ref="3252642054"/>
  <nd ref="8045046743"/>
  <nd ref="8045046744"/>
  <nd ref="3252642058"/>
  <nd ref="8045046745"/>
  <nd ref="8045046746"/>
  <nd ref="8045046747"/>
  <nd ref="3252641978"/>
  <nd ref="8045046739"/>
  <nd ref="8045046748"/>
  <nd ref="3252642430"/>
  <nd ref="3252641923"/>
  <nd ref="8045046749"/>
  <nd ref="3252641954"/>
  <nd ref="8045046750"/>
  <nd ref="3252642368"/>
  <nd ref="8045046751"/>
  <nd ref="3252642193"/>
  <nd ref="3252642068"/>
  <nd ref="3252641935"/>
  <tag k="highway" v="residential"/>
  <tag k="oneway" v="no"/>
 </way>
 <way id="318869830" visible="true" version="1" changeset="27696095" timestamp="2014-12-25T20:43:06Z" user="EC95" uid="2410326">
  <nd ref="3252642409"/>
  <nd ref="3252642196"/>
  <nd ref="3252642019"/>
  <nd ref="3252642070"/>
  <nd ref="3252642185"/>
  <tag k="highway" v="residential"/>
  <tag k="oneway" v="no"/>
 </way>
 <way id="319042937" visible="true" version="2" changeset="134273747" timestamp="2023-03-29T18:04:17Z" user="PlaneMad" uid="1306">
  <nd ref="10771574239"/>
  <nd ref="3254591240"/>
  <nd ref="3254591226"/>
  <nd ref="3254591146"/>
  <nd ref="3254590824"/>
  <tag k="highway" v="residential"/>
  <tag k="oneway" v="no"/>
 </way>
 <way id="319042946" visible="true" version="1" changeset="27721326" timestamp="2014-12-27T00:27:09Z" user="EC95" uid="2410326">
  <nd ref="3254590493"/>
  <nd ref="3254590806"/>
  <nd ref="3254590814"/>
  <nd ref="3254591084"/>
  <nd ref="3254591089"/>
  <nd ref="3254590803"/>
  <tag k="highway" v="residential"/>
  <tag k="oneway" v="no"/>
 </way>
 <way id="319042950" visible="true" version="2" changeset="142081951" timestamp="2023-10-03T06:22:20Z" user="kunalchhapre" uid="19795114">
  <nd ref="3254590482"/>
  <nd ref="11235219052"/>
  <nd ref="3254591116"/>
  <nd ref="3254590594"/>
  <nd ref="3254591051"/>
  <nd ref="3254590984"/>
  <nd ref="3254590686"/>
  <tag k="highway" v="residential"/>
  <tag k="oneway" v="no"/>
 </way>
 <way id="319042951" visible="true" version="1" changeset="27721326" timestamp="2014-12-27T00:27:09Z" user="EC95" uid="2410326">
  <nd ref="3254590942"/>
  <nd ref="3254590545"/>
  <nd ref="3254591169"/>
  <nd ref="3254591159"/>
  <nd ref="3254591092"/>
  <tag k="highway" v="residential"/>
  <tag k="oneway" v="no"/>
 </way>
 <way id="319042964" visible="true" version="1" changeset="27721326" timestamp="2014-12-27T00:27:10Z" user="EC95" uid="2410326">
  <nd ref="3254591013"/>
  <nd ref="3254590714"/>
  <nd ref="3254590685"/>
  <nd ref="3254590859"/>
  <nd ref="3254590998"/>
  <nd ref="3254590514"/>
  <tag k="highway" v="residential"/>
  <tag k="oneway" v="no"/>
 </way>
 <way id="319042973" visible="true" version="1" changeset="27721326" timestamp="2014-12-27T00:27:10Z" user="EC95" uid="2410326">
  <nd ref="3254590673"/>
  <nd ref="3254591092"/>
  <nd ref="3254591102"/>
  <nd ref="3254590478"/>
  <nd ref="3254590645"/>
  <nd ref="3254591117"/>
  <tag k="highway" v="residential"/>
  <tag k="oneway" v="no"/>
 </way>
 <way id="319042976" visible="true" version="1" changeset="27721326" timestamp="2014-12-27T00:27:10Z" user="EC95" uid="2410326">
  <nd ref="3254590964"/>
  <nd ref="3254590495"/>
  <nd ref="3254591145"/>
  <nd ref="3254590565"/>
  <nd ref="3254591082"/>
  <tag k="highway" v="residential"/>
  <tag k="oneway" v="no"/>
 </way>
 <way id="319042977" visible="true" version="1" changeset="27721326" timestamp="2014-12-27T00:27:10Z" user="EC95" uid="2410326">
  <nd ref="3254591176"/>
  <nd ref="3254590539"/>
  <tag k="highway" v="residential"/>
  <tag k="oneway" v="no"/>
 </way>
 <way id="319042983" visible="true" version="1" changeset="27721326" timestamp="2014-12-27T00:27:11Z" user="EC95" uid="2410326">
  <nd ref="3254590497"/>
  <nd ref="3254589556"/>
  <nd ref="3254590760"/>
  <nd ref="3254590743"/>
  <nd ref="3254590819"/>
  <nd ref="3254590528"/>
  <tag k="highway" v="residential"/>
  <tag k="oneway" v="no"/>
 </way>
 <way id="319042990" visible="true" version="1" changeset="27721326" timestamp="2014-12-27T00:27:11Z" user="EC95" uid="2410326">
  <nd ref="3254590478"/>
  <nd ref="3254590484"/>
  <nd ref="3254590510"/>
  <nd ref="3254590676"/>
  <nd ref="3254591013"/>
  <nd ref="3254591136"/>
  <nd ref="3254590747"/>
  <nd ref="3254590796"/>
  <nd ref="3254590922"/>
  <nd ref="3254590850"/>
  <tag k="highway" v="residential"/>
  <tag k="oneway" v="no"/>
 </way>
 <way id="319042995" visible="true" version="1" changeset="27721326" timestamp="2014-12-27T00:27:11Z" user="EC95" uid="2410326">
  <nd ref="3254590615"/>
  <nd ref="3254590758"/>
  <nd ref="3254590525"/>
  <tag k="highway" v="residential"/>
  <tag k="oneway" v="no"/>
 </way>
 <way id="319043009" visible="true" version="2" changeset="134273747" timestamp="2023-03-29T18:04:17Z" user="PlaneMad" uid="1306">
  <nd ref="3254591142"/>
  <nd ref="10771574239"/>
  <nd ref="3254590617"/>
  <tag k="highway" v="residential"/>
  <tag k="oneway" v="no"/>
 </way>
 <way id="319043019" visible="true" version="1" changeset="27721326" timestamp="2014-12-27T00:27:13Z" user="EC95" uid="2410326">
  <nd ref="3254591244"/>
  <nd ref="3254590556"/>
  <tag k="highway" v="residential"/>
  <tag k="oneway" v="no"/>
 </way>
 <way id="319043030" visible="true" version="1" changeset="27721326" timestamp="2014-12-27T00:27:13Z" user="EC95" uid="2410326">
  <nd ref="3254591171"/>
  <nd ref="3254591132"/>
  <nd ref="3254591045"/>
  <nd ref="3254590855"/>
  <nd ref="3254591079"/>
  <tag k="highway" v="residential"/>
  <tag k="oneway" v="no"/>
 </way>
 <way id="319043066" visible="true" version="1" changeset="27721326" timestamp="2014-12-27T00:27:14Z" user="EC95" uid="2410326">
  <nd ref="3254591035"/>
  <nd ref="3254591141"/>
  <nd ref="3254591107"/>
  <nd ref="3254590942"/>
  <nd ref="3254590609"/>
  <nd ref="3254590514"/>
  <nd ref="3254591007"/>
  <nd ref="3254590509"/>
  <nd ref="3254590747"/>
  <nd ref="3254590876"/>
  <tag k="highway" v="residential"/>
  <tag k="oneway" v="no"/>
 </way>
 <way id="319043085" visible="true" version="1" changeset="27721326" timestamp="2014-12-27T00:27:15Z" user="EC95" uid="2410326">
  <nd ref="3254591161"/>
  <nd ref="3254590611"/>
  <nd ref="3254590475"/>
  <nd ref="3254590851"/>
  <nd ref="3254590569"/>
  <tag k="highway" v="residential"/>
  <tag k="oneway" v="no"/>
 </way>
 <way id="319043094" visible="true" version="1" changeset="27721326" timestamp="2014-12-27T00:27:15Z" user="EC95" uid="2410326">
  <nd ref="3254591059"/>
  <nd ref="3254590474"/>
  <nd ref="3254590639"/>
  <nd ref="3254590750"/>
  <tag k="highway" v="residential"/>
  <tag k="oneway" v="no"/>
 </way>
 <way id="319043114" visible="true" version="1" changeset="27721326" timestamp="2014-12-27T00:27:16Z" user="EC95" uid="2410326">
  <nd ref="3254591120"/>
  <nd ref="3254591066"/>
  <nd ref="3254590539"/>
  <nd ref="3254590556"/>
  <nd ref="3254590787"/>
  <tag k="highway" v="residential"/>
  <tag k="oneway" v="no"/>
 </way>
 <way id="319043117" visible="true" version="1" changeset="27721326" timestamp="2014-12-27T00:27:17Z" user="EC95" uid="2410326">
  <nd ref="3254591050"/>
  <nd ref="3254591047"/>
  <nd ref="3254591055"/>
  <nd ref="3254590944"/>
  <nd ref="3254591062"/>
  <nd ref="3254591135"/>
  <nd ref="3254590820"/>
  <nd ref="3254590878"/>
  <nd ref="3254591080"/>
  <nd ref="3254590541"/>
  <nd ref="3254591114"/>
  <nd ref="3254591098"/>
  <nd ref="3254590637"/>
  <nd ref="3254591097"/>
  <tag k="highway" v="residential"/>
  <tag k="oneway" v="no"/>
 </way>
 <way id="319043132" visible="true" version="1" changeset="27721326" timestamp="2014-12-27T00:27:17Z" user="EC95" uid="2410326">
  <nd ref="3254591129"/>
  <nd ref="3254590603"/>
  <tag k="highway" v="residential"/>
  <tag k="oneway" v="no"/>
 </way>
 <way id="319043139" visible="true" version="1" changeset="27721326" timestamp="2014-12-27T00:27:18Z" user="EC95" uid="2410326">
  <nd ref="3254591171"/>
  <nd ref="3254591133"/>
  <nd ref="3254590551"/>
  <nd ref="3254590995"/>
  <nd ref="3254591161"/>
  <nd ref="3254591077"/>
  <nd ref="3254590728"/>
  <nd ref="3254590865"/>
  <nd ref="3254591103"/>
  <nd ref="3254591107"/>
  <tag k="highway" v="residential"/>
  <tag k="oneway" v="no"/>
 </way>
 <way id="319043142" visible="true" version="1" changeset="27721326" timestamp="2014-12-27T00:27:18Z" user="EC95" uid="2410326">
  <nd ref="3254591021"/>
  <nd ref="3254590551"/>
  <nd ref="3254590761"/>
  <tag k="highway" v="residential"/>
  <tag k="oneway" v="no"/>
 </way>
 <way id="319043146" visible="true" version="2" changeset="142090703" timestamp="2023-10-03T09:16:55Z" user="alivapanda" uid="19505674">
  <nd ref="3254590629"/>
  <nd ref="3254591001"/>
  <nd ref="3254591128"/>
  <nd ref="11235393076"/>
  <nd ref="3254590619"/>
  <nd ref="3254591009"/>
  <nd ref="3254590983"/>
  <nd ref="2314603064"/>
  <tag k="highway" v="residential"/>
  <tag k="oneway" v="no"/>
 </way>
 <way id="319043158" visible="true" version="1" changeset="27721326" timestamp="2014-12-27T00:27:19Z" user="EC95" uid="2410326">
  <nd ref="3254591114"/>
  <nd ref="3254591059"/>
  <nd ref="3254591137"/>
  <tag k="highway" v="residential"/>
  <tag k="oneway" v="no"/>
 </way>
 <way id="319043159" visible="true" version="1" changeset="27721326" timestamp="2014-12-27T00:27:19Z" user="EC95" uid="2410326">
  <nd ref="3254590594"/>
  <nd ref="3254591081"/>
  <nd ref="3254591066"/>
  <tag k="highway" v="residential"/>
  <tag k="oneway" v="no"/>
 </way>
 <way id="428490041" visible="true" version="1" changeset="40419477" timestamp="2016-07-01T15:02:52Z" user="indigomc" uid="136860">
  <nd ref="4275829654"/>
  <nd ref="4275829656"/>
  <nd ref="4275829658"/>
  <nd ref="4275829659"/>
  <nd ref="4275829661"/>
  <nd ref="4275829663"/>
  <nd ref="4275829664"/>
  <nd ref="4275829662"/>
  <nd ref="4275829660"/>
  <nd ref="4275829657"/>
  <nd ref="4275829655"/>
  <nd ref="4275829653"/>
  <nd ref="4275829651"/>
  <nd ref="4275829649"/>
  <nd ref="4275829650"/>
  <nd ref="4275829652"/>
  <nd ref="4275829654"/>
  <tag k="highway" v="primary"/>
  <tag k="junction" v="roundabout"/>
  <tag k="name" v="Bhigwan Chowk"/>
  <tag k="ref" v="SH68"/>
 </way>
 <way id="428490042" visible="true" version="1" changeset="40419477" timestamp="2016-07-01T15:02:52Z" user="indigomc" uid="136860">
  <nd ref="1423283141"/>
  <nd ref="2314616804"/>
  <nd ref="3251590524"/>
  <nd ref="3251588254"/>
  <nd ref="2314616522"/>
  <nd ref="2315565659"/>
  <nd ref="1423283148"/>
  <nd ref="2315565503"/>
  <nd ref="2315565502"/>
  <nd ref="1423283150"/>
  <nd ref="4275829649"/>
  <tag k="highway" v="primary"/>
  <tag k="name" v="Bhigwan Road"/>
  <tag k="ref" v="SH68"/>
 </way>
 <way id="446778293" visible="true" version="2" changeset="134273747" timestamp="2023-03-29T18:04:17Z" user="PlaneMad" uid="1306">
  <nd ref="2315565483"/>
  <nd ref="3251591154"/>
  <nd ref="2314603217"/>
  <nd ref="4440125612"/>
  <nd ref="4440125613"/>
  <nd ref="4440125614"/>
  <nd ref="4440125615"/>
  <nd ref="4440125616"/>
  <nd ref="4440125617"/>
  <nd ref="4440125618"/>
  <nd ref="4440125619"/>
  <nd ref="4440125620"/>
  <nd ref="1423283128"/>
  <nd ref="1423283136"/>
  <nd ref="2315565483"/>
  <tag k="landuse" v="residential"/>
 </way>
 <way id="446778294" visible="true" version="2" changeset="134273747" timestamp="2023-03-29T18:04:17Z" user="PlaneMad" uid="1306">
  <nd ref="2315565581"/>
  <nd ref="2315565413"/>
  <nd ref="3251590388"/>
  <nd ref="2315565638"/>
  <nd ref="3227191063"/>
  <nd ref="2315565377"/>
  <nd ref="2315565483"/>
  <nd ref="3251590644"/>
  <nd ref="1423283128"/>
  <nd ref="4440125620"/>
  <nd ref="4440125619"/>
  <nd ref="4440125621"/>
  <nd ref="4440125622"/>
  <nd ref="4440125623"/>
  <nd ref="4440125624"/>
  <nd ref="4440125625"/>
  <nd ref="4440125626"/>
  <nd ref="4440125627"/>
  <nd ref="4440125628"/>
  <nd ref="4440125629"/>
  <nd ref="4440125630"/>
  <nd ref="4440125631"/>
  <nd ref="4440125632"/>
  <nd ref="2314603240"/>
  <nd ref="1423283139"/>
  <nd ref="1423283141"/>
  <nd ref="2315565669"/>
  <nd ref="2315565581"/>
  <tag k="landuse" v="residential"/>
 </way>
 <way id="446778295" visible="true" version="3" changeset="134273747" timestamp="2023-03-29T18:04:17Z" user="PlaneMad" uid="1306">
  <nd ref="4440125633"/>
  <nd ref="4440125634"/>
  <nd ref="4440125635"/>
  <nd ref="2314603188"/>
  <nd ref="2314603177"/>
  <nd ref="4440125636"/>
  <nd ref="4440125637"/>
  <nd ref="4440125638"/>
  <nd ref="4440125639"/>
  <nd ref="4440125640"/>
  <nd ref="4440125641"/>
  <nd ref="4440125642"/>
  <nd ref="4440128398"/>
  <nd ref="4440128401"/>
  <nd ref="4440125643"/>
  <nd ref="4440128404"/>
  <nd ref="4440125644"/>
  <nd ref="4440125645"/>
  <nd ref="4440125633"/>
  <tag k="name" v="Kasba"/>
 </way>
 <way id="446778596" visible="true" version="2" changeset="134273747" timestamp="2023-03-29T18:04:17Z" user="PlaneMad" uid="1306">
  <nd ref="4440125633"/>
  <nd ref="4440125634"/>
  <nd ref="2314603188"/>
  <nd ref="4440128406"/>
  <nd ref="4440125636"/>
  <nd ref="3254590735"/>
  <nd ref="1423283125"/>
  <nd ref="1423283133"/>
  <nd ref="4440125633"/>
  <tag k="landuse" v="residential"/>
 </way>
 <way id="446778804" visible="true" version="2" changeset="134273747" timestamp="2023-03-29T18:04:17Z" user="PlaneMad" uid="1306">
  <nd ref="2315565669"/>
  <nd ref="3251591187"/>
  <nd ref="3251590388"/>
  <nd ref="2315565413"/>
  <nd ref="3251588249"/>
  <nd ref="3251590799"/>
  <nd ref="2315565354"/>
  <nd ref="3047805457"/>
  <nd ref="2315565686"/>
  <nd ref="1423283144"/>
  <nd ref="2315565483"/>
  <nd ref="4440136007"/>
  <nd ref="2315565669"/>
  <tag k="landuse" v="residential"/>
 </way>
 <way id="446778807" visible="true" version="2" changeset="134273747" timestamp="2023-03-29T18:04:17Z" user="PlaneMad" uid="1306">
  <nd ref="3047805457"/>
  <nd ref="3251590561"/>
  <nd ref="3251588206"/>
  <nd ref="3251591067"/>
  <nd ref="2314603064"/>
  <nd ref="4440136008"/>
  <nd ref="4440136009"/>
  <nd ref="4440136010"/>
  <nd ref="4440136011"/>
  <nd ref="1423283144"/>
  <nd ref="1423283149"/>
  <nd ref="3047805457"/>
  <tag k="landuse" v="residential"/>
 </way>
 <way id="446778809" visible="true" version="2" changeset="134273747" timestamp="2023-03-29T18:04:17Z" user="PlaneMad" uid="1306">
  <nd ref="2315565632"/>
  <nd ref="2315565425"/>
  <nd ref="3251590889"/>
  <nd ref="3251590865"/>
  <nd ref="10771552283"/>
  <nd ref="2315565342"/>
  <nd ref="2315565413"/>
  <nd ref="2315565632"/>
  <tag k="landuse" v="residential"/>
 </way>
 <way id="446778812" visible="true" version="2" changeset="63469201" timestamp="2018-10-12T18:33:51Z" user="mottiger" uid="7504544">
  <nd ref="5979629491"/>
  <nd ref="5979629490"/>
  <nd ref="5979629487"/>
  <nd ref="4440136012"/>
  <nd ref="5979629496"/>
  <nd ref="5979629494"/>
  <nd ref="5979625482"/>
  <nd ref="5979629492"/>
  <nd ref="5979629486"/>
  <nd ref="5979629491"/>
  <tag k="landuse" v="residential"/>
  <tag k="name" v="Ashok Nagar Colony"/>
 </way>
 <way id="446779570" visible="true" version="2" changeset="134273747" timestamp="2023-03-29T18:04:17Z" user="PlaneMad" uid="1306">
  <nd ref="4440149516"/>
  <nd ref="3252641983"/>
  <nd ref="3252641938"/>
  <nd ref="3252642199"/>
  <nd ref="4440149517"/>
  <nd ref="4440149518"/>
  <nd ref="3252642364"/>
  <nd ref="4440149516"/>
  <tag k="landuse" v="residential"/>
 </way>
 <way id="446779571" visible="true" version="3" changeset="134273747" timestamp="2023-03-29T18:04:17Z" user="PlaneMad" uid="1306">
  <nd ref="8045069893"/>
  <nd ref="8045069894"/>
  <nd ref="8045069895"/>
  <nd ref="8045069896"/>
  <nd ref="8045069902"/>
  <nd ref="8045069901"/>
  <nd ref="8045069900"/>
  <nd ref="8045069899"/>
  <nd ref="8045069898"/>
  <nd ref="8045069897"/>
  <nd ref="8045069893"/>
  <tag k="landuse" v="residential"/>
  <tag k="name" v="Avaduth Nagar"/>
 </way>
 <way id="446779574" visible="true" version="1" changeset="42769724" timestamp="2016-10-10T07:03:43Z" user="mapusdotin" uid="3754246">
  <nd ref="30611598"/>
  <nd ref="2315566634"/>
  <nd ref="3252642138"/>
  <nd ref="3252642148"/>
  <nd ref="3252642415"/>
  <nd ref="4440149523"/>
  <nd ref="3252642083"/>
  <nd ref="4440149524"/>
  <nd ref="1423283191"/>
  <nd ref="1423283199"/>
  <nd ref="30611598"/>
  <tag k="landuse" v="residential"/>
  <tag k="name" v="Sadguru Nagar"/>
 </way>
 <way id="446782692" visible="true" version="4" changeset="134273747" timestamp="2023-03-29T18:04:17Z" user="PlaneMad" uid="1306">
  <nd ref="10771552287"/>
  <nd ref="8045058121"/>
  <nd ref="8045058120"/>
  <nd ref="8045058119"/>
  <nd ref="8045058118"/>
  <nd ref="8045058117"/>
  <nd ref="8045058116"/>
  <nd ref="3227191144"/>
  <nd ref="3227191151"/>
  <nd ref="3227191159"/>
  <nd ref="3227191163"/>
  <nd ref="3227191175"/>
  <nd ref="3227191188"/>
  <nd ref="3227191193"/>
  <nd ref="10771552287"/>
  <tag k="landuse" v="residential"/>
 </way>
 <way id="446783925" visible="true" version="7" changeset="162238653" timestamp="2025-02-07T10:09:36Z" user="Vaishali Patil" uid="20041977">
  <nd ref="4440160284"/>
  <nd ref="5979629485"/>
  <nd ref="5979625484"/>
  <nd ref="5979629488"/>
  <nd ref="5979629489"/>
  <nd ref="5979629495"/>
  <nd ref="5979629493"/>
  <nd ref="5979625483"/>
  <nd ref="5979629497"/>
  <nd ref="5979625481"/>
  <nd ref="1423283173"/>
  <nd ref="3251593345"/>
  <nd ref="3251593441"/>
  <nd ref="12565121651"/>
  <nd ref="3251593324"/>
  <nd ref="12565121652"/>
  <nd ref="3251593304"/>
  <nd ref="4440160287"/>
  <nd ref="4440160288"/>
  <nd ref="4440160389"/>
  <nd ref="3251593411"/>
  <nd ref="4440160390"/>
  <nd ref="4440160391"/>
  <nd ref="3254622984"/>
  <nd ref="4440160392"/>
  <nd ref="4440160393"/>
  <nd ref="3251593326"/>
  <nd ref="4440176695"/>
  <nd ref="4440160394"/>
  <nd ref="4440160284"/>
  <tag k="landuse" v="residential"/>
 </way>
 <way id="446785958" visible="true" version="2" changeset="160957446" timestamp="2025-01-03T16:48:20Z" user="VLD032" uid="7291944">
  <nd ref="12471610988"/>
  <nd ref="3252642086"/>
  <nd ref="1423283191"/>
  <nd ref="1423283199"/>
  <nd ref="4440176699"/>
  <nd ref="12471610988"/>
  <tag k="landuse" v="residential"/>
 </way>
 <way id="446785959" visible="true" version="1" changeset="42770273" timestamp="2016-10-10T07:37:40Z" user="mapusdotin" uid="3754246">
  <nd ref="3227191143"/>
  <nd ref="4440176700"/>
  <nd ref="4440176701"/>
  <nd ref="4440176702"/>
  <nd ref="4440176703"/>
  <nd ref="4440176704"/>
  <nd ref="2315566646"/>
  <nd ref="4440176705"/>
  <nd ref="2315566668"/>
  <nd ref="3227191143"/>
  <tag k="landuse" v="residential"/>
  <tag k="name" v="DM Raut Society"/>
 </way>
 <way id="466114073" visible="true" version="6" changeset="159510959" timestamp="2024-11-23T18:43:14Z" user="Amit Khopade" uid="20973597">
  <nd ref="2034367540"/>
  <nd ref="4631655238"/>
  <nd ref="5622077612"/>
  <nd ref="5622077611"/>
  <nd ref="2034367550"/>
  <nd ref="4631655457"/>
  <nd ref="4631655602"/>
  <nd ref="5622077610"/>
  <nd ref="5622077609"/>
  <nd ref="2034367534"/>
  <nd ref="5622077608"/>
  <nd ref="5622077607"/>
  <nd ref="4631655614"/>
  <nd ref="5622077606"/>
  <nd ref="4631655353"/>
  <nd ref="5622077605"/>
  <nd ref="2034367528"/>
  <nd ref="5622077604"/>
  <nd ref="5622077603"/>
  <nd ref="5622077601"/>
  <nd ref="5622077602"/>
  <nd ref="4631655659"/>
  <nd ref="5622077600"/>
  <nd ref="4631655241"/>
  <nd ref="5622077599"/>
  <nd ref="5622077598"/>
  <nd ref="4631655350"/>
  <nd ref="5622077597"/>
  <nd ref="5622077596"/>
  <nd ref="4631655561"/>
  <nd ref="5622077595"/>
  <nd ref="5622077594"/>
  <nd ref="2034367520"/>
  <nd ref="4631655449"/>
  <nd ref="5622077593"/>
  <nd ref="5622077592"/>
  <nd ref="5622077591"/>
  <nd ref="4631655298"/>
  <nd ref="4631655661"/>
  <nd ref="5622077590"/>
  <nd ref="5622077589"/>
  <nd ref="5622077588"/>
  <nd ref="2034367510"/>
  <nd ref="5622077587"/>
  <nd ref="5622077586"/>
  <nd ref="4631655460"/>
  <nd ref="4631655448"/>
  <nd ref="5622077585"/>
  <nd ref="5622077584"/>
  <nd ref="5622077583"/>
  <nd ref="2034367505"/>
  <nd ref="5622077582"/>
  <nd ref="5622077581"/>
  <nd ref="4631655604"/>
  <nd ref="5622077580"/>
  <nd ref="5622077579"/>
  <nd ref="5622077578"/>
  <nd ref="2034367499"/>
  <nd ref="4631655572"/>
  <nd ref="4631655317"/>
  <nd ref="2034367498"/>
  <nd ref="4631655417"/>
  <nd ref="4631655613"/>
  <nd ref="4631655675"/>
  <nd ref="4631655394"/>
  <nd ref="2034367496"/>
  <nd ref="4631655462"/>
  <nd ref="4631655369"/>
  <nd ref="4631655628"/>
  <nd ref="4631655206"/>
  <nd ref="5622076052"/>
  <nd ref="4631655266"/>
  <nd ref="2034367494"/>
  <nd ref="5602979568"/>
  <nd ref="5602979567"/>
  <nd ref="2034367493"/>
  <nd ref="4631655636"/>
  <nd ref="4631655626"/>
  <nd ref="5622076051"/>
  <nd ref="4631655450"/>
  <nd ref="4631655610"/>
  <nd ref="4631655207"/>
  <nd ref="4631655592"/>
  <nd ref="4631655474"/>
  <nd ref="4631655436"/>
  <nd ref="4631655617"/>
  <nd ref="4631655421"/>
  <nd ref="4631655271"/>
  <nd ref="12368282510"/>
  <nd ref="2034367491"/>
  <nd ref="4631655667"/>
  <nd ref="2034367490"/>
  <nd ref="4631655433"/>
  <nd ref="4631655663"/>
  <nd ref="4631655420"/>
  <nd ref="4631655378"/>
  <nd ref="4631655362"/>
  <nd ref="4631655606"/>
  <nd ref="4631655595"/>
  <nd ref="2125145258"/>
  <nd ref="5603022371"/>
  <nd ref="4631655291"/>
  <nd ref="5603022379"/>
  <nd ref="4631655321"/>
  <nd ref="4631655319"/>
  <nd ref="5603022378"/>
  <nd ref="4631655352"/>
  <nd ref="5603022377"/>
  <nd ref="2125145261"/>
  <nd ref="4631655621"/>
  <nd ref="4631655418"/>
  <nd ref="4631655285"/>
  <nd ref="4631655355"/>
  <nd ref="4631655344"/>
  <nd ref="4631655612"/>
  <nd ref="2125145260"/>
  <nd ref="4631655245"/>
  <nd ref="5603022293"/>
  <nd ref="4631655673"/>
  <nd ref="5603022376"/>
  <nd ref="4631655440"/>
  <nd ref="5603022375"/>
  <nd ref="4631655243"/>
  <nd ref="2125145246"/>
  <nd ref="4631655260"/>
  <nd ref="4631655177"/>
  <nd ref="4631655530"/>
  <nd ref="4631655570"/>
  <nd ref="4631655270"/>
  <nd ref="4631655611"/>
  <nd ref="4631655240"/>
  <nd ref="2125145235"/>
  <nd ref="4631655326"/>
  <nd ref="4631655625"/>
  <nd ref="4631655358"/>
  <nd ref="4631655363"/>
  <nd ref="4631655500"/>
  <nd ref="2125145225"/>
  <nd ref="4631655204"/>
  <nd ref="2125145224"/>
  <nd ref="2315677956"/>
  <nd ref="2315677968"/>
  <nd ref="2315677949"/>
  <nd ref="2315677941"/>
  <nd ref="2315678051"/>
  <nd ref="2315677866"/>
  <nd ref="2125145211"/>
  <nd ref="2315677962"/>
  <nd ref="2315677958"/>
  <nd ref="2315677934"/>
  <nd ref="2315678022"/>
  <nd ref="2315677952"/>
  <nd ref="2125145192"/>
  <nd ref="2315677871"/>
  <nd ref="2125145188"/>
  <nd ref="2315677873"/>
  <nd ref="2314603110"/>
  <nd ref="2314603157"/>
  <nd ref="2125145179"/>
  <nd ref="2314603128"/>
  <nd ref="2314603381"/>
  <nd ref="2314603074"/>
  <nd ref="2314603192"/>
  <nd ref="2125145173"/>
  <nd ref="2314603175"/>
  <nd ref="2314603191"/>
  <nd ref="2314603161"/>
  <nd ref="2314603107"/>
  <nd ref="2314603278"/>
  <nd ref="2125145150"/>
  <nd ref="3110827437"/>
  <nd ref="2314603138"/>
  <nd ref="2125145138"/>
  <nd ref="2314603379"/>
  <nd ref="2314603121"/>
  <nd ref="2125145122"/>
  <nd ref="2314603242"/>
  <nd ref="2314603372"/>
  <nd ref="2314603412"/>
  <nd ref="2314603187"/>
  <nd ref="2125145082"/>
  <nd ref="2314603250"/>
  <nd ref="2314603148"/>
  <nd ref="2125145056"/>
  <nd ref="2314603180"/>
  <nd ref="3110827436"/>
  <nd ref="2314603237"/>
  <nd ref="2314603269"/>
  <nd ref="2314603226"/>
  <nd ref="2125145042"/>
  <nd ref="2314603301"/>
  <nd ref="2314603145"/>
  <nd ref="2314603097"/>
  <nd ref="2314603186"/>
  <nd ref="3110827435"/>
  <nd ref="2125145032"/>
  <tag k="intermittent" v="yes"/>
  <tag k="name" v="Karha River"/>
  <tag k="waterway" v="river"/>
 </way>
 <way id="530195048" visible="true" version="1" changeset="52644695" timestamp="2017-10-05T06:25:55Z" user="Hanish" uid="6755263">
  <nd ref="5149040331"/>
  <nd ref="5149040332"/>
  <nd ref="5149040333"/>
  <nd ref="5149040330"/>
  <nd ref="5149040331"/>
  <tag k="amenity" v="fuel"/>
  <tag k="name" v="Shinde Petrol Pump"/>
 </way>
 <way id="530195049" visible="true" version="1" changeset="52644695" timestamp="2017-10-05T06:25:55Z" user="Hanish" uid="6755263">
  <nd ref="5149040334"/>
  <nd ref="5149040335"/>
  <nd ref="5149040336"/>
  <nd ref="5149040337"/>
  <nd ref="5149040334"/>
  <tag k="amenity" v="fuel"/>
  <tag k="name" v="APMC Petrol Pump"/>
 </way>
 <way id="530206464" visible="true" version="1" changeset="52645479" timestamp="2017-10-05T07:05:27Z" user="Hanish" uid="6755263">
  <nd ref="5149101023"/>
  <nd ref="5149101024"/>
  <nd ref="5149101025"/>
  <nd ref="5149101026"/>
  <nd ref="5149101023"/>
  <tag k="name" v="Vasant Nagar"/>
 </way>
 <way id="587142281" visible="true" version="2" changeset="134273747" timestamp="2023-03-29T18:04:17Z" user="PlaneMad" uid="1306">
  <nd ref="5608835515"/>
  <nd ref="3252642174"/>
  <tag k="bridge" v="yes"/>
  <tag k="highway" v="tertiary"/>
  <tag k="layer" v="1"/>
  <tag k="name" v="Tandulwadi Road"/>
 </way>
 <way id="587142283" visible="true" version="2" changeset="134273747" timestamp="2023-03-29T18:04:17Z" user="PlaneMad" uid="1306">
  <nd ref="1860278639"/>
  <nd ref="5608835515"/>
  <tag k="highway" v="tertiary"/>
  <tag k="name" v="Tandulwadi Road"/>
 </way>
 <way id="587142296" visible="true" version="1" changeset="58842815" timestamp="2018-05-10T08:53:57Z" user="mottiger" uid="7504544">
  <nd ref="5608835518"/>
  <nd ref="3252642236"/>
  <tag k="bridge" v="yes"/>
  <tag k="highway" v="primary"/>
  <tag k="layer" v="1"/>
  <tag k="name" v="Bhigwan Road"/>
  <tag k="ref" v="SH68"/>
 </way>
 <way id="587142298" visible="true" version="1" changeset="58842815" timestamp="2018-05-10T08:53:57Z" user="mottiger" uid="7504544">
  <nd ref="4275829660"/>
  <nd ref="4275829666"/>
  <nd ref="2314603206"/>
  <nd ref="5608835518"/>
  <tag k="highway" v="primary"/>
  <tag k="name" v="Bhigwan Road"/>
  <tag k="ref" v="SH68"/>
 </way>
 <way id="737515313" visible="true" version="1" changeset="76036969" timestamp="2019-10-22T08:56:21Z" user="R2_tejan" uid="10142742">
  <nd ref="6905029970"/>
  <nd ref="6905029967"/>
  <nd ref="6905029968"/>
  <nd ref="6905029969"/>
  <nd ref="6905029970"/>
  <tag k="building" v="yes"/>
 </way>
 <way id="753828875" visible="true" version="1" changeset="78132266" timestamp="2019-12-09T06:34:25Z" user="R6_harish" uid="10410602">
  <nd ref="7043136226"/>
  <nd ref="7043136225"/>
  <nd ref="7043136224"/>
  <nd ref="7043136223"/>
  <nd ref="7043136222"/>
  <nd ref="7043136221"/>
  <nd ref="7043136220"/>
  <nd ref="7043136219"/>
  <nd ref="7043136218"/>
  <nd ref="7043136217"/>
  <nd ref="7043136216"/>
  <nd ref="7043136215"/>
  <nd ref="7043136214"/>
  <nd ref="7043136213"/>
  <nd ref="7043136212"/>
  <nd ref="7043136211"/>
  <nd ref="7043136210"/>
  <nd ref="7043136209"/>
  <nd ref="7043136208"/>
  <nd ref="7043136207"/>
  <nd ref="7043136206"/>
  <nd ref="7043136205"/>
  <nd ref="7043136204"/>
  <nd ref="7043136203"/>
  <nd ref="7043136202"/>
  <nd ref="7043136226"/>
  <tag k="building" v="yes"/>
 </way>
 <way id="754067531" visible="true" version="1" changeset="78167988" timestamp="2019-12-09T19:14:23Z" user="R1_sowmya" uid="10142736">
  <nd ref="7044847085"/>
  <nd ref="7044818184"/>
  <nd ref="7044818183"/>
  <nd ref="7044818182"/>
  <nd ref="7044847085"/>
  <tag k="building" v="yes"/>
 </way>
 <way id="754482846" visible="true" version="1" changeset="78242379" timestamp="2019-12-11T06:33:49Z" user="R10_sindhu" uid="10410618">
  <nd ref="7048498770"/>
  <nd ref="7048498767"/>
  <nd ref="7048498768"/>
  <nd ref="7048498769"/>
  <nd ref="7048498770"/>
  <tag k="building" v="yes"/>
 </way>
 <way id="754593080" visible="true" version="1" changeset="78264663" timestamp="2019-12-11T14:06:04Z" user="R12_sreeram" uid="10410621">
  <nd ref="7049466762"/>
  <nd ref="7049466759"/>
  <nd ref="7049466760"/>
  <nd ref="7049466761"/>
  <nd ref="7049466762"/>
  <tag k="building" v="yes"/>
 </way>
 <way id="754888105" visible="true" version="1" changeset="78316965" timestamp="2019-12-12T12:28:50Z" user="R12_sreeram" uid="10410621">
  <nd ref="7051854558"/>
  <nd ref="7051854557"/>
  <nd ref="7051854556"/>
  <nd ref="7051854555"/>
  <nd ref="7051854554"/>
  <nd ref="7051854553"/>
  <nd ref="7051854552"/>
  <nd ref="7051854551"/>
  <nd ref="7051854550"/>
  <nd ref="7051854549"/>
  <nd ref="7051854548"/>
  <nd ref="7051854547"/>
  <nd ref="7051854558"/>
  <tag k="building" v="yes"/>
 </way>
 <way id="755196740" visible="true" version="1" changeset="78374123" timestamp="2019-12-13T13:05:06Z" user="R4_shubham" uid="10142759">
  <nd ref="7054557641"/>
  <nd ref="7054557640"/>
  <nd ref="7054557639"/>
  <nd ref="7054557638"/>
  <nd ref="7054557637"/>
  <nd ref="7054557636"/>
  <nd ref="7054557635"/>
  <nd ref="7054557634"/>
  <nd ref="7054557633"/>
  <nd ref="7054557632"/>
  <nd ref="7054557631"/>
  <nd ref="7054557630"/>
  <nd ref="7054557641"/>
  <tag k="building" v="yes"/>
 </way>
 <way id="755240575" visible="true" version="1" changeset="78382260" timestamp="2019-12-13T15:39:46Z" user="R4_shubham" uid="10142759">
  <nd ref="7054981798"/>
  <nd ref="7054981797"/>
  <nd ref="7054981796"/>
  <nd ref="7054981795"/>
  <nd ref="7054981794"/>
  <nd ref="7054981793"/>
  <nd ref="7054981792"/>
  <nd ref="7054981791"/>
  <nd ref="7054981790"/>
  <nd ref="7054981789"/>
  <nd ref="7054981788"/>
  <nd ref="7054981787"/>
  <nd ref="7054981786"/>
  <nd ref="7054981785"/>
  <nd ref="7054961584"/>
  <nd ref="7054961583"/>
  <nd ref="7054961582"/>
  <nd ref="7054961581"/>
  <nd ref="7054961580"/>
  <nd ref="7054961579"/>
  <nd ref="7054961578"/>
  <nd ref="7054961577"/>
  <nd ref="7054961576"/>
  <nd ref="7054961575"/>
  <nd ref="7054961574"/>
  <nd ref="7054961573"/>
  <nd ref="7054961572"/>
  <nd ref="7054961571"/>
  <nd ref="7054961570"/>
  <nd ref="7054961569"/>
  <nd ref="7054961568"/>
  <nd ref="7054961567"/>
  <nd ref="7054961566"/>
  <nd ref="7054961565"/>
  <nd ref="7054961564"/>
  <nd ref="7054981798"/>
  <tag k="building" v="yes"/>
 </way>
 <way id="755261147" visible="true" version="1" changeset="78385135" timestamp="2019-12-13T16:40:09Z" user="shubhamc13" uid="7761383">
  <nd ref="7055117977"/>
  <nd ref="7055117978"/>
  <nd ref="7055117979"/>
  <nd ref="7055117980"/>
  <nd ref="7055117981"/>
  <nd ref="7055117976"/>
  <nd ref="7055117975"/>
  <nd ref="7055117974"/>
  <nd ref="7055117977"/>
  <tag k="building" v="yes"/>
 </way>
 <way id="756311308" visible="true" version="1" changeset="78537820" timestamp="2019-12-17T17:01:42Z" user="R12_sreeram" uid="10410621">
  <nd ref="7063899546"/>
  <nd ref="7063899543"/>
  <nd ref="7063899544"/>
  <nd ref="7063899545"/>
  <nd ref="7063899546"/>
  <tag k="building" v="yes"/>
 </way>
 <way id="756558636" visible="true" version="1" changeset="78581311" timestamp="2019-12-18T12:21:13Z" user="R7_vinay" uid="10410605">
  <nd ref="7066374670"/>
  <nd ref="7066374669"/>
  <nd ref="7066374668"/>
  <nd ref="7066374667"/>
  <nd ref="7066374666"/>
  <nd ref="7066374665"/>
  <nd ref="7066374664"/>
  <nd ref="7066374663"/>
  <nd ref="7066374670"/>
  <tag k="building" v="yes"/>
 </way>
 <way id="756642401" visible="true" version="1" changeset="78594936" timestamp="2019-12-18T17:52:40Z" user="R4_shubham" uid="10142759">
  <nd ref="7067218020"/>
  <nd ref="7067218019"/>
  <nd ref="7067218018"/>
  <nd ref="7067218017"/>
  <nd ref="7067218020"/>
  <tag k="building" v="yes"/>
 </way>
 <way id="757041415" visible="true" version="1" changeset="78648470" timestamp="2019-12-19T17:00:30Z" user="R12_sreeram" uid="10410621">
  <nd ref="7070136876"/>
  <nd ref="7070136873"/>
  <nd ref="7070136874"/>
  <nd ref="7070136875"/>
  <nd ref="7070136876"/>
  <tag k="building" v="yes"/>
 </way>
 <way id="757101007" visible="true" version="1" changeset="78658737" timestamp="2019-12-20T00:36:28Z" user="R11_bharath" uid="10410619">
  <nd ref="7070859132"/>
  <nd ref="7070859131"/>
  <nd ref="7070859130"/>
  <nd ref="7070859129"/>
  <nd ref="7070859132"/>
  <tag k="building" v="yes"/>
 </way>
 <way id="758177820" visible="true" version="1" changeset="78786165" timestamp="2019-12-23T18:43:42Z" user="R4_shubham" uid="10142759">
  <nd ref="7080413704"/>
  <nd ref="7080413703"/>
  <nd ref="7080413702"/>
  <nd ref="7080413701"/>
  <nd ref="7080413704"/>
  <tag k="building" v="yes"/>
 </way>
 <way id="758720134" visible="true" version="1" changeset="78885567" timestamp="2019-12-26T14:23:53Z" user="R7_vinay" uid="10410605">
  <nd ref="7086283498"/>
  <nd ref="7086283497"/>
  <nd ref="7086283496"/>
  <nd ref="7086283495"/>
  <nd ref="7086283494"/>
  <nd ref="7086283493"/>
  <nd ref="7086283498"/>
  <tag k="building" v="yes"/>
 </way>
 <way id="999278530" visible="true" version="1" changeset="113387441" timestamp="2021-11-04T21:57:33Z" user="jaimemd" uid="404532">
  <nd ref="1423283179"/>
  <nd ref="9225417733"/>
  <nd ref="9225417732"/>
  <nd ref="9225417731"/>
  <nd ref="9225417730"/>
  <nd ref="9225417729"/>
  <nd ref="9225417728"/>
  <nd ref="9225417727"/>
  <nd ref="9225417726"/>
  <nd ref="9225417725"/>
  <nd ref="9225417724"/>
  <nd ref="9225417723"/>
  <nd ref="9225417722"/>
  <nd ref="9225417721"/>
  <nd ref="9225417720"/>
  <nd ref="9225417719"/>
  <tag k="railway" v="rail"/>
  <tag k="service" v="siding"/>
 </way>
 <way id="999278531" visible="true" version="1" changeset="113387441" timestamp="2021-11-04T21:57:33Z" user="jaimemd" uid="404532">
  <nd ref="9225417735"/>
  <nd ref="9225417734"/>
  <tag k="railway" v="platform"/>
 </way>
 <way id="999278532" visible="true" version="1" changeset="113387441" timestamp="2021-11-04T21:57:33Z" user="jaimemd" uid="404532">
  <nd ref="9225417753"/>
  <nd ref="9225417737"/>
  <nd ref="9225417736"/>
  <tag k="railway" v="rail"/>
  <tag k="service" v="yard"/>
 </way>
 <way id="999278533" visible="true" version="1" changeset="113387441" timestamp="2021-11-04T21:57:33Z" user="jaimemd" uid="404532">
  <nd ref="9225417751"/>
  <nd ref="9225417737"/>
  <tag k="railway" v="rail"/>
  <tag k="service" v="yard"/>
 </way>
 <way id="999278534" visible="true" version="1" changeset="113387441" timestamp="2021-11-04T21:57:33Z" user="jaimemd" uid="404532">
  <nd ref="9225417752"/>
  <nd ref="9225417751"/>
  <nd ref="9225417750"/>
  <nd ref="9225417749"/>
  <nd ref="9225417748"/>
  <nd ref="9225417717"/>
  <nd ref="9225417747"/>
  <nd ref="9225417746"/>
  <nd ref="9225417745"/>
  <nd ref="9225417744"/>
  <nd ref="9225417743"/>
  <nd ref="9225417742"/>
  <nd ref="9225417741"/>
  <nd ref="9225417740"/>
  <nd ref="9225417739"/>
  <nd ref="8759362285"/>
  <tag k="railway" v="rail"/>
 </way>
 <way id="999278535" visible="true" version="1" changeset="113387441" timestamp="2021-11-04T21:57:33Z" user="jaimemd" uid="404532">
  <nd ref="8759362291"/>
  <nd ref="9225417753"/>
  <nd ref="9225417752"/>
  <nd ref="9225417738"/>
  <tag k="railway" v="rail"/>
 </way>
 <way id="1158249815" visible="true" version="1" changeset="134273747" timestamp="2023-03-29T18:04:17Z" user="PlaneMad" uid="1306">
  <nd ref="10771552299"/>
  <nd ref="10771552298"/>
  <nd ref="10771552297"/>
  <nd ref="10771552296"/>
  <nd ref="10771552295"/>
  <nd ref="10771552294"/>
  <nd ref="10771552293"/>
  <nd ref="10771552292"/>
  <nd ref="10771552291"/>
  <nd ref="10771552290"/>
  <nd ref="10771552289"/>
  <tag k="highway" v="service"/>
 </way>
 <way id="1158249822" visible="true" version="3" changeset="142083424" timestamp="2023-10-03T06:52:38Z" user="iamsaurabhc" uid="19505666">
  <nd ref="3252642174"/>
  <nd ref="3252641935"/>
  <nd ref="4440149520"/>
  <nd ref="8045046752"/>
  <nd ref="8045046753"/>
  <nd ref="8045046754"/>
  <nd ref="8045046755"/>
  <nd ref="1860278647"/>
  <nd ref="8045046756"/>
  <nd ref="1860278614"/>
  <nd ref="3252642186"/>
  <nd ref="3252642050"/>
  <nd ref="1860278644"/>
  <nd ref="8045046757"/>
  <nd ref="1860278636"/>
  <nd ref="8045046758"/>
  <nd ref="2315566630"/>
  <nd ref="3252642212"/>
  <nd ref="8045046759"/>
  <nd ref="2315566608"/>
  <nd ref="3252642213"/>
  <nd ref="8045046770"/>
  <nd ref="1860278640"/>
  <nd ref="8045046769"/>
  <nd ref="8045046768"/>
  <nd ref="8045046767"/>
  <nd ref="8045046766"/>
  <nd ref="8045046765"/>
  <nd ref="8045046764"/>
  <nd ref="2315566662"/>
  <tag k="highway" v="tertiary"/>
  <tag k="name" v="Tandulwadi Road"/>
 </way>
 <way id="1158249823" visible="true" version="1" changeset="134273747" timestamp="2023-03-29T18:04:17Z" user="PlaneMad" uid="1306">
  <nd ref="10771574237"/>
  <nd ref="10771574236"/>
  <tag k="highway" v="service"/>
 </way>
 <way id="1158249824" visible="true" version="1" changeset="134273747" timestamp="2023-03-29T18:04:17Z" user="PlaneMad" uid="1306">
  <nd ref="3251588525"/>
  <nd ref="3251593405"/>
  <tag k="highway" v="residential"/>
  <tag k="oneway" v="no"/>
 </way>
 <way id="1158249825" visible="true" version="1" changeset="134273747" timestamp="2023-03-29T18:04:17Z" user="PlaneMad" uid="1306">
  <nd ref="1423283141"/>
  <nd ref="1423283139"/>
  <tag k="highway" v="primary"/>
  <tag k="ref:old" v="SH68"/>
 </way>
 <way id="1158249826" visible="true" version="1" changeset="134273747" timestamp="2023-03-29T18:04:17Z" user="PlaneMad" uid="1306">
  <nd ref="10771574248"/>
  <nd ref="10771574247"/>
  <nd ref="10771574246"/>
  <nd ref="10771574245"/>
  <nd ref="10771574244"/>
  <nd ref="10771574243"/>
  <nd ref="10771574248"/>
  <tag k="landuse" v="commercial"/>
  <tag k="office" v="government"/>
 </way>
 <way id="1158249827" visible="true" version="1" changeset="134273747" timestamp="2023-03-29T18:04:17Z" user="PlaneMad" uid="1306">
  <nd ref="10771574253"/>
  <nd ref="10771574252"/>
  <nd ref="10771574251"/>
  <nd ref="10771574250"/>
  <nd ref="10771574249"/>
  <nd ref="10771574253"/>
  <tag k="historic" v="fort"/>
 </way>
 <way id="1158249828" visible="true" version="1" changeset="134273747" timestamp="2023-03-29T18:04:17Z" user="PlaneMad" uid="1306">
  <nd ref="2131145543"/>
  <nd ref="2131145546"/>
  <tag k="highway" v="residential"/>
 </way>
 <way id="1158249829" visible="true" version="2" changeset="142084237" timestamp="2023-10-03T07:07:01Z" user="iamsaurabhc" uid="19505666">
  <nd ref="2315565373"/>
  <nd ref="2315565336"/>
  <nd ref="3251590801"/>
  <nd ref="2315565394"/>
  <tag k="highway" v="residential"/>
  <tag k="oneway" v="no"/>
 </way>
 <way id="1158249830" visible="true" version="2" changeset="142084237" timestamp="2023-10-03T07:07:01Z" user="iamsaurabhc" uid="19505666">
  <nd ref="2315565532"/>
  <nd ref="3251590771"/>
  <nd ref="2315565240"/>
  <nd ref="3251590768"/>
  <nd ref="2315565332"/>
  <nd ref="2315565583"/>
  <nd ref="2315565343"/>
  <nd ref="2315565536"/>
  <nd ref="2315565467"/>
  <nd ref="2315565537"/>
  <tag k="highway" v="residential"/>
  <tag k="oneway" v="no"/>
 </way>
 <way id="1158249831" visible="true" version="2" changeset="142084237" timestamp="2023-10-03T07:07:01Z" user="iamsaurabhc" uid="19505666">
  <nd ref="2315565581"/>
  <nd ref="2315565462"/>
  <nd ref="3251591187"/>
  <nd ref="2315565702"/>
  <nd ref="2315565669"/>
  <tag k="highway" v="residential"/>
  <tag k="oneway" v="no"/>
 </way>
 <way id="1161999835" visible="true" version="2" changeset="166706179" timestamp="2025-05-24T17:05:00Z" user="Mayur Dudhal" uid="22741169">
  <nd ref="3227191119"/>
  <nd ref="12861043052"/>
  <nd ref="12861043053"/>
  <nd ref="3227191128"/>
  <nd ref="3227191119"/>
  <tag k="building" v="yes"/>
  <tag k="office" v="educational_institution"/>
 </way>
 <way id="1162005801" visible="true" version="2" changeset="166706179" timestamp="2025-05-24T17:05:00Z" user="Mayur Dudhal" uid="22741169">
  <nd ref="10807014408"/>
  <nd ref="10807014409"/>
  <nd ref="10807014413"/>
  <nd ref="10807014419"/>
  <nd ref="10807014408"/>
  <tag k="addr:city" v="Baramati"/>
  <tag k="addr:postcode" v="413102"/>
  <tag k="addr:street" v="Bhigwan Road"/>
  <tag k="amenity" v="school"/>
  <tag k="building" v="school"/>
  <tag k="name" v="M.E.S Ground"/>
 </way>
 <way id="1162036356" visible="true" version="1" changeset="134856987" timestamp="2023-04-13T10:46:18Z" user="Gshreya" uid="18935178">
  <nd ref="10807223918"/>
  <nd ref="10807223919"/>
  <nd ref="10807223920"/>
  <nd ref="10807223921"/>
  <nd ref="10807223922"/>
  <nd ref="10807223923"/>
  <nd ref="10807223924"/>
  <nd ref="10807223918"/>
  <tag k="addr:city" v="Baramati"/>
  <tag k="addr:postcode" v="413102"/>
  <tag k="addr:street" v="Bhigwan Road"/>
  <tag k="building" v="service"/>
  <tag k="government" v="public_service"/>
  <tag k="name" v="Panchayat Samiti Baramati"/>
  <tag k="office" v="government"/>
  <tag k="website" v="http://psbaramati.org/"/>
 </way>
 <way id="1212674719" visible="true" version="1" changeset="142081951" timestamp="2023-10-03T06:22:20Z" user="kunalchhapre" uid="19795114">
  <nd ref="11235219052"/>
  <nd ref="11235219053"/>
  <nd ref="11235219054"/>
  <nd ref="11235219055"/>
  <nd ref="11235219056"/>
  <nd ref="11235219057"/>
  <tag k="highway" v="residential"/>
  <tag k="source" v="maxar"/>
 </way>
 <way id="1212674722" visible="true" version="1" changeset="142081951" timestamp="2023-10-03T06:22:20Z" user="kunalchhapre" uid="19795114">
  <nd ref="3254590482"/>
  <nd ref="11235219063"/>
  <tag k="highway" v="track"/>
  <tag k="source" v="maxar"/>
 </way>
 <way id="1212676058" visible="true" version="1" changeset="142082317" timestamp="2023-10-03T06:32:02Z" user="ompatekar" uid="16275581">
  <nd ref="2315565678"/>
  <nd ref="11235221583"/>
  <tag k="highway" v="residential"/>
  <tag k="source" v="maxar"/>
 </way>
 <way id="1212676206" visible="true" version="1" changeset="142082355" timestamp="2023-10-03T06:33:11Z" user="ompatekar" uid="16275581">
  <nd ref="11235240680"/>
  <nd ref="11235240681"/>
  <tag k="highway" v="residential"/>
  <tag k="source" v="maxar"/>
 </way>
 <way id="1212679821" visible="true" version="1" changeset="142083424" timestamp="2023-10-03T06:52:38Z" user="iamsaurabhc" uid="19505666">
  <nd ref="11235260957"/>
  <nd ref="11235260958"/>
  <tag k="highway" v="residential"/>
  <tag k="source" v="maxar"/>
 </way>
 <way id="1212679822" visible="true" version="1" changeset="142083424" timestamp="2023-10-03T06:52:38Z" user="iamsaurabhc" uid="19505666">
  <nd ref="11235260959"/>
  <nd ref="11235260960"/>
  <nd ref="11235260961"/>
  <nd ref="11235260962"/>
  <nd ref="3251593361"/>
  <tag k="highway" v="residential"/>
  <tag k="source" v="maxar"/>
 </way>
 <way id="1212679823" visible="true" version="1" changeset="142083424" timestamp="2023-10-03T06:52:38Z" user="iamsaurabhc" uid="19505666">
  <nd ref="1860218663"/>
  <nd ref="11235260963"/>
  <tag k="highway" v="residential"/>
  <tag k="source" v="maxar"/>
 </way>
 <way id="1212681632" visible="true" version="1" changeset="142084237" timestamp="2023-10-03T07:07:01Z" user="iamsaurabhc" uid="19505666">
  <nd ref="2314616796"/>
  <nd ref="11235269460"/>
  <tag k="highway" v="residential"/>
  <tag k="source" v="maxar"/>
 </way>
 <way id="1212681633" visible="true" version="1" changeset="142084237" timestamp="2023-10-03T07:07:01Z" user="iamsaurabhc" uid="19505666">
  <nd ref="11235269461"/>
  <nd ref="11235269462"/>
  <nd ref="11235269463"/>
  <tag k="highway" v="residential"/>
  <tag k="source" v="maxar"/>
 </way>
 <way id="1212681634" visible="true" version="1" changeset="142084237" timestamp="2023-10-03T07:07:01Z" user="iamsaurabhc" uid="19505666">
  <nd ref="11235269464"/>
  <nd ref="11235269465"/>
  <nd ref="11235269466"/>
  <nd ref="2314616595"/>
  <tag k="highway" v="residential"/>
  <tag k="source" v="maxar"/>
 </way>
 <way id="1212683417" visible="true" version="1" changeset="142084976" timestamp="2023-10-03T07:20:45Z" user="jyotikatke" uid="19620700">
  <nd ref="11235289288"/>
  <nd ref="3251591153"/>
  <tag k="highway" v="residential"/>
  <tag k="source" v="maxar"/>
 </way>
 <way id="1212683418" visible="true" version="1" changeset="142084976" timestamp="2023-10-03T07:20:45Z" user="jyotikatke" uid="19620700">
  <nd ref="11235289289"/>
  <nd ref="11235289290"/>
  <tag k="highway" v="residential"/>
  <tag k="source" v="maxar"/>
 </way>
 <way id="1212683419" visible="true" version="1" changeset="142084976" timestamp="2023-10-03T07:20:45Z" user="jyotikatke" uid="19620700">
  <nd ref="11235289292"/>
  <nd ref="11235289291"/>
  <tag k="highway" v="residential"/>
  <tag k="source" v="maxar"/>
 </way>
 <way id="1212700977" visible="true" version="1" changeset="142090618" timestamp="2023-10-03T09:14:04Z" user="alivapanda" uid="19505674">
  <nd ref="11235409005"/>
  <nd ref="11235409006"/>
  <tag k="highway" v="residential"/>
  <tag k="source" v="maxar"/>
 </way>
 <way id="1212700978" visible="true" version="1" changeset="142090618" timestamp="2023-10-03T09:14:04Z" user="alivapanda" uid="19505674">
  <nd ref="11235409007"/>
  <nd ref="11235409008"/>
  <tag k="highway" v="residential"/>
  <tag k="source" v="maxar"/>
 </way>
 <way id="1212701271" visible="true" version="1" changeset="142090703" timestamp="2023-10-03T09:16:55Z" user="alivapanda" uid="19505674">
  <nd ref="11235393074"/>
  <nd ref="11235393075"/>
  <nd ref="11235393076"/>
  <tag k="highway" v="residential"/>
  <tag k="source" v="maxar"/>
  <tag k="surface" v="unpaved"/>
 </way>
 <way id="1212701272" visible="true" version="1" changeset="142090703" timestamp="2023-10-03T09:16:55Z" user="alivapanda" uid="19505674">
  <nd ref="11235393077"/>
  <nd ref="11235393078"/>
  <nd ref="11235393075"/>
  <tag k="highway" v="residential"/>
  <tag k="source" v="maxar"/>
  <tag k="surface" v="unpaved"/>
 </way>
 <way id="1212701273" visible="true" version="1" changeset="142090703" timestamp="2023-10-03T09:16:55Z" user="alivapanda" uid="19505674">
  <nd ref="11235393074"/>
  <nd ref="11235393079"/>
  <tag k="highway" v="residential"/>
  <tag k="source" v="maxar"/>
  <tag k="surface" v="unpaved"/>
 </way>
 <way id="1212701274" visible="true" version="1" changeset="142090703" timestamp="2023-10-03T09:16:55Z" user="alivapanda" uid="19505674">
  <nd ref="11235393074"/>
  <nd ref="11235393080"/>
  <nd ref="11235393081"/>
  <nd ref="11235393082"/>
  <tag k="highway" v="residential"/>
  <tag k="source" v="maxar"/>
  <tag k="surface" v="unpaved"/>
 </way>
 <way id="1212701888" visible="true" version="1" changeset="142090833" timestamp="2023-10-03T09:20:45Z" user="alivapanda" uid="19505674">
  <nd ref="11235429169"/>
  <nd ref="3251590817"/>
  <tag k="highway" v="residential"/>
  <tag k="source" v="maxar"/>
 </way>
 <way id="1212727310" visible="true" version="1" changeset="142095651" timestamp="2023-10-03T11:22:54Z" user="jyotikatke" uid="19620700">
  <nd ref="3251590645"/>
  <nd ref="3251590900"/>
  <tag k="highway" v="residential"/>
  <tag k="source" v="maxar"/>
 </way>
 <way id="1213550570" visible="true" version="1" changeset="142225649" timestamp="2023-10-06T10:14:28Z" user="kunalchhapre" uid="19795114">
  <nd ref="3252642401"/>
  <nd ref="11243173704"/>
  <tag k="highway" v="residential"/>
  <tag k="source" v="maxar"/>
 </way>
 <way id="1271433469" visible="true" version="1" changeset="149815857" timestamp="2024-04-10T11:43:30Z" user="MayuriG" uid="21278637">
  <nd ref="11807006043"/>
  <nd ref="11807006044"/>
  <nd ref="11807006045"/>
  <nd ref="11807006046"/>
  <nd ref="11807006043"/>
  <tag k="building" v="yes"/>
 </way>
 <way id="1353984499" visible="true" version="1" changeset="161720000" timestamp="2025-01-24T16:38:56Z" user="sakshi_96" uid="22420495">
  <nd ref="12529678389"/>
  <nd ref="12529678390"/>
  <nd ref="12529678391"/>
  <nd ref="3251590598"/>
  <nd ref="12529678389"/>
  <tag k="leisure" v="park"/>
 </way>
 <way id="1363019482" visible="true" version="1" changeset="162957392" timestamp="2025-02-26T05:29:05Z" user="olasakeeb" uid="19294194">
  <nd ref="3148726607"/>
  <nd ref="3251588238"/>
  <nd ref="2125145135"/>
  <tag k="highway" v="secondary"/>
  <tag k="name" v="SH221"/>
  <tag k="oneway" v="no"/>
  <tag k="ref" v="NH965G"/>
  <tag k="ref:old" v="SH66"/>
 </way>
 <way id="1486209416" visible="true" version="1" changeset="179471717" timestamp="2026-03-07T04:08:40Z" user="akashpuri" uid="23890431">
  <nd ref="13624289911"/>
  <nd ref="13624289912"/>
  <nd ref="13624289913"/>
  <nd ref="13624289914"/>
  <nd ref="13624289911"/>
  <tag k="building" v="yes"/>
 </way>
 <way id="1486209467" visible="true" version="1" changeset="179471750" timestamp="2026-03-07T04:10:09Z" user="akashpuri" uid="23890431">
  <nd ref="13624289927"/>
  <nd ref="13624289928"/>
  <nd ref="13624289929"/>
  <nd ref="13624289930"/>
  <nd ref="13624289927"/>
  <tag k="addr:city" v="Baramati"/>
  <tag k="addr:district" v="Pune"/>
  <tag k="addr:postcode" v="413102"/>
  <tag k="building" v="yes"/>
 </way>
 <way id="1486209500" visible="true" version="1" changeset="179471778" timestamp="2026-03-07T04:11:24Z" user="akashpuri" uid="23890431">
  <nd ref="13624290682"/>
  <nd ref="13624290683"/>
  <nd ref="13624290684"/>
  <nd ref="13624290685"/>
  <nd ref="13624290686"/>
  <nd ref="13624290687"/>
  <nd ref="13624290682"/>
  <tag k="addr:city" v="Baramati"/>
  <tag k="addr:district" v="Pune"/>
  <tag k="addr:postcode" v="413102"/>
  <tag k="addr:street" v="Bhigwan Road"/>
  <tag k="building" v="yes"/>
 </way>
 <way id="1486209574" visible="true" version="1" changeset="179471801" timestamp="2026-03-07T04:12:19Z" user="akashpuri" uid="23890431">
  <nd ref="13624326131"/>
  <nd ref="13624326132"/>
  <nd ref="13624326133"/>
  <nd ref="13624326134"/>
  <nd ref="13624326131"/>
  <tag k="addr:city" v="Baramati"/>
  <tag k="addr:district" v="Pune"/>
  <tag k="addr:postcode" v="413102"/>
  <tag k="building" v="yes"/>
 </way>
 <way id="1486209699" visible="true" version="1" changeset="179471833" timestamp="2026-03-07T04:13:36Z" user="akashpuri" uid="23890431">
  <nd ref="13624336323"/>
  <nd ref="13624336324"/>
  <nd ref="13624336325"/>
  <nd ref="13624336326"/>
  <nd ref="13624336327"/>
  <nd ref="13624336328"/>
  <nd ref="13624336329"/>
  <nd ref="13624336330"/>
  <nd ref="13624336331"/>
  <nd ref="13624336332"/>
  <nd ref="13624336333"/>
  <nd ref="13624336334"/>
  <nd ref="13624336335"/>
  <nd ref="13624336336"/>
  <nd ref="13624336337"/>
  <nd ref="13624336338"/>
  <nd ref="13624336323"/>
  <tag k="addr:city" v="Baramati"/>
  <tag k="addr:district" v="Pune"/>
  <tag k="addr:postcode" v="413102"/>
  <tag k="building" v="yes"/>
 </way>
 <way id="1486209715" visible="true" version="1" changeset="179471852" timestamp="2026-03-07T04:14:23Z" user="akashpuri" uid="23890431">
  <nd ref="13624326353"/>
  <nd ref="13624326354"/>
  <nd ref="13624326355"/>
  <nd ref="13624326356"/>
  <nd ref="13624326353"/>
  <tag k="building" v="yes"/>
 </way>
 <way id="1486210147" visible="true" version="1" changeset="179471929" timestamp="2026-03-07T04:17:12Z" user="akashpuri" uid="23890431">
  <nd ref="13624324373"/>
  <nd ref="13624324374"/>
  <nd ref="13624324375"/>
  <nd ref="13624324376"/>
  <nd ref="13624324377"/>
  <nd ref="13624324378"/>
  <nd ref="13624324379"/>
  <nd ref="13624324380"/>
  <nd ref="13624324381"/>
  <nd ref="13624324382"/>
  <nd ref="13624324383"/>
  <nd ref="13624324384"/>
  <nd ref="13624324385"/>
  <nd ref="13624324386"/>
  <nd ref="13624324387"/>
  <nd ref="13624324373"/>
  <tag k="addr:city" v="Baramati"/>
  <tag k="addr:district" v="Pune"/>
  <tag k="addr:postcode" v="413102"/>
  <tag k="addr:street" v="surya road"/>
  <tag k="building" v="yes"/>
 </way>
 <way id="1486210212" visible="true" version="1" changeset="179471949" timestamp="2026-03-07T04:18:03Z" user="akashpuri" uid="23890431">
  <nd ref="13624245288"/>
  <nd ref="13624245289"/>
  <nd ref="13624245290"/>
  <nd ref="13624245291"/>
  <nd ref="13624245288"/>
  <tag k="building" v="yes"/>
 </way>
 <way id="1486210356" visible="true" version="1" changeset="179471986" timestamp="2026-03-07T04:19:15Z" user="akashpuri" uid="23890431">
  <nd ref="13624340856"/>
  <nd ref="13624340857"/>
  <nd ref="13624340858"/>
  <nd ref="13624340859"/>
  <nd ref="13624340856"/>
  <tag k="addr:city" v="Baramati"/>
  <tag k="addr:district" v="Pune"/>
  <tag k="addr:postcode" v="413102"/>
  <tag k="addr:street" v="surya road"/>
  <tag k="building" v="yes"/>
 </way>
 <way id="1486210429" visible="true" version="1" changeset="179472004" timestamp="2026-03-07T04:20:23Z" user="akashpuri" uid="23890431">
  <nd ref="13624321378"/>
  <nd ref="13624321379"/>
  <nd ref="13624321380"/>
  <nd ref="13624321381"/>
  <nd ref="13624321378"/>
  <tag k="building" v="yes"/>
 </way>
 <way id="1486210708" visible="true" version="1" changeset="179472062" timestamp="2026-03-07T04:22:31Z" user="akashpuri" uid="23890431">
  <nd ref="13624317478"/>
  <nd ref="13624317479"/>
  <nd ref="13624317480"/>
  <nd ref="13624317481"/>
  <nd ref="13624317482"/>
  <nd ref="13624317483"/>
  <nd ref="13624317484"/>
  <nd ref="13624317485"/>
  <nd ref="13624317478"/>
  <tag k="addr:city" v="Baramati"/>
  <tag k="addr:district" v="Pune"/>
  <tag k="addr:postcode" v="413102"/>
  <tag k="addr:street" v="Near Bhigwan Chowk opposite statdium"/>
  <tag k="building" v="yes"/>
 </way>
 <way id="1486210839" visible="true" version="1" changeset="179472085" timestamp="2026-03-07T04:23:44Z" user="akashpuri" uid="23890431">
  <nd ref="13624344788"/>
  <nd ref="13624344789"/>
  <nd ref="13624344790"/>
  <nd ref="13624344791"/>
  <nd ref="13624344788"/>
  <tag k="building" v="yes"/>
 </way>
 <way id="1486211073" visible="true" version="1" changeset="179472138" timestamp="2026-03-07T04:25:59Z" user="akashpuri" uid="23890431">
  <nd ref="13624321584"/>
  <nd ref="13624321595"/>
  <nd ref="13624321585"/>
  <nd ref="13624321586"/>
  <nd ref="13624321587"/>
  <nd ref="13624321588"/>
  <nd ref="13624321589"/>
  <nd ref="13624321590"/>
  <nd ref="13624321591"/>
  <nd ref="13624321592"/>
  <nd ref="13624321593"/>
  <nd ref="13624321594"/>
  <nd ref="13624321584"/>
  <tag k="building" v="yes"/>
 </way>
 <way id="1486211117" visible="true" version="1" changeset="179472161" timestamp="2026-03-07T04:27:13Z" user="akashpuri" uid="23890431">
  <nd ref="13624321596"/>
  <nd ref="13624321597"/>
  <nd ref="13624321598"/>
  <nd ref="13624321599"/>
  <nd ref="13624321600"/>
  <nd ref="13624349601"/>
  <nd ref="13624349602"/>
  <nd ref="13624349603"/>
  <nd ref="13624321596"/>
  <tag k="building" v="yes"/>
 </way>
 <way id="1486211272" visible="true" version="1" changeset="179472193" timestamp="2026-03-07T04:28:44Z" user="akashpuri" uid="23890431">
  <nd ref="13624315868"/>
  <nd ref="13624315869"/>
  <nd ref="13624315870"/>
  <nd ref="13624315871"/>
  <nd ref="13624315872"/>
  <nd ref="13624315873"/>
  <nd ref="13624315868"/>
  <tag k="building" v="yes"/>
 </way>
 <way id="1486211339" visible="true" version="1" changeset="179472222" timestamp="2026-03-07T04:29:57Z" user="akashpuri" uid="23890431">
  <nd ref="13624349608"/>
  <nd ref="13624349609"/>
  <nd ref="13624349610"/>
  <nd ref="13624349611"/>
  <nd ref="13624349608"/>
  <tag k="building" v="yes"/>
 </way>
 <way id="1486211836" visible="true" version="1" changeset="179472285" timestamp="2026-03-07T04:32:30Z" user="akashpuri" uid="23890431">
  <nd ref="13624351929"/>
  <nd ref="13624351930"/>
  <nd ref="13624351931"/>
  <nd ref="13624351932"/>
  <nd ref="13624351933"/>
  <nd ref="13624351929"/>
  <tag k="building" v="yes"/>
 </way>
 <way id="1486211879" visible="true" version="1" changeset="179472311" timestamp="2026-03-07T04:33:40Z" user="akashpuri" uid="23890431">
  <nd ref="13624352229"/>
  <nd ref="13624352230"/>
  <nd ref="13624352231"/>
  <nd ref="13624352232"/>
  <nd ref="13624352233"/>
  <nd ref="13624352234"/>
  <nd ref="13624352235"/>
  <nd ref="13624352229"/>
  <tag k="building" v="yes"/>
 </way>
 <way id="1486211919" visible="true" version="1" changeset="179472347" timestamp="2026-03-07T04:35:48Z" user="akashpuri" uid="23890431">
  <nd ref="13624304791"/>
  <nd ref="13624304792"/>
  <nd ref="13624304793"/>
  <nd ref="13624304794"/>
  <nd ref="13624304795"/>
  <nd ref="13624304796"/>
  <nd ref="13624304797"/>
  <nd ref="13624304798"/>
  <nd ref="13624304791"/>
  <tag k="addr:city" v="Baramati"/>
  <tag k="addr:district" v="Pune"/>
  <tag k="addr:postcode" v="413102"/>
  <tag k="addr:street" v="Bhigwan Chowk"/>
  <tag k="building" v="yes"/>
  <tag k="building:levels" v="4"/>
 </way>
 <way id="1486211958" visible="true" version="1" changeset="179472376" timestamp="2026-03-07T04:37:21Z" user="akashpuri" uid="23890431">
  <nd ref="13624358710"/>
  <nd ref="13624358711"/>
  <nd ref="13624358712"/>
  <nd ref="13624358713"/>
  <nd ref="13624358714"/>
  <nd ref="13624358715"/>
  <nd ref="13624358716"/>
  <nd ref="13624358717"/>
  <nd ref="13624358718"/>
  <nd ref="13624358719"/>
  <nd ref="13624358720"/>
  <nd ref="13624358721"/>
  <nd ref="13624358710"/>
  <tag k="building" v="yes"/>
 </way>
 <way id="1486212044" visible="true" version="1" changeset="179472416" timestamp="2026-03-07T04:39:41Z" user="akashpuri" uid="23890431">
  <nd ref="13624324171"/>
  <nd ref="13624324172"/>
  <nd ref="13624324173"/>
  <nd ref="13624324174"/>
  <nd ref="13624324175"/>
  <nd ref="13624324176"/>
  <nd ref="13624324177"/>
  <nd ref="13624324178"/>
  <nd ref="13624324179"/>
  <nd ref="13624324180"/>
  <nd ref="13624324171"/>
  <tag k="building" v="yes"/>
 </way>
 <way id="1486212204" visible="true" version="1" changeset="179472463" timestamp="2026-03-07T04:41:35Z" user="akashpuri" uid="23890431">
  <nd ref="13624338854"/>
  <nd ref="13624338855"/>
  <nd ref="13624338856"/>
  <nd ref="13624338857"/>
  <nd ref="13624338858"/>
  <nd ref="13624338859"/>
  <nd ref="13624338860"/>
  <nd ref="13624338861"/>
  <nd ref="13624338862"/>
  <nd ref="13624338863"/>
  <nd ref="13624338854"/>
  <tag k="addr:city" v="Baramati"/>
  <tag k="addr:district" v="PUNE"/>
  <tag k="addr:postcode" v="413102"/>
  <tag k="addr:street" v="Bhigwan Chowk"/>
  <tag k="building" v="yes"/>
  <tag k="building:levels" v="5"/>
  <tag k="name" v="Baramati Nagar Parishad"/>
 </way>
 <way id="1486212426" visible="true" version="1" changeset="179472489" timestamp="2026-03-07T04:42:42Z" user="akashpuri" uid="23890431">
  <nd ref="13624362801"/>
  <nd ref="13624362802"/>
  <nd ref="13624362803"/>
  <nd ref="13624362804"/>
  <nd ref="13624362805"/>
  <nd ref="13624362806"/>
  <nd ref="13624362807"/>
  <nd ref="13624362808"/>
  <nd ref="13624362801"/>
  <tag k="addr:city" v="Baramati"/>
  <tag k="addr:district" v="PUNE"/>
  <tag k="addr:postcode" v="413102"/>
  <tag k="addr:street" v="Patas Road"/>
  <tag k="building" v="yes"/>
 </way>
 <way id="1486212488" visible="true" version="1" changeset="179472499" timestamp="2026-03-07T04:43:31Z" user="akashpuri" uid="23890431">
  <nd ref="13624360205"/>
  <nd ref="13624360206"/>
  <nd ref="13624360207"/>
  <nd ref="13624360208"/>
  <nd ref="13624360205"/>
  <tag k="building" v="yes"/>
 </way>
 <way id="1486212685" visible="true" version="3" changeset="179721725" timestamp="2026-03-11T20:39:43Z" user="FvGordon" uid="161619">
  <nd ref="13624338864"/>
  <nd ref="13624338865"/>
  <nd ref="13624338866"/>
  <nd ref="13624338867"/>
  <nd ref="13624338868"/>
  <nd ref="13624338869"/>
  <nd ref="13624338870"/>
  <nd ref="13624338871"/>
  <nd ref="13624338864"/>
  <tag k="addr:city" v="Baramati"/>
  <tag k="addr:district" v="PUNE"/>
  <tag k="addr:postcode" v="413102"/>
  <tag k="addr:street" v="Patas Road"/>
  <tag k="building" v="yes"/>
 </way>
 <way id="1486212974" visible="true" version="1" changeset="179472563" timestamp="2026-03-07T04:46:24Z" user="akashpuri" uid="23890431">
  <nd ref="13624344358"/>
  <nd ref="13624344359"/>
  <nd ref="13624344360"/>
  <nd ref="13624344361"/>
  <nd ref="13624344362"/>
  <nd ref="13624344363"/>
  <nd ref="13624344364"/>
  <nd ref="13624344365"/>
  <nd ref="13624344366"/>
  <nd ref="13624344367"/>
  <nd ref="13624344368"/>
  <nd ref="13624344369"/>
  <nd ref="13624344358"/>
  <tag k="addr:city" v="Baramati"/>
  <tag k="addr:district" v="PUNE"/>
  <tag k="addr:postcode" v="413102"/>
  <tag k="addr:street" v="Bhigwan Chowk"/>
  <tag k="building" v="yes"/>
 </way>
 <way id="1486213220" visible="true" version="1" changeset="179472596" timestamp="2026-03-07T04:47:45Z" user="akashpuri" uid="23890431">
  <nd ref="13624360213"/>
  <nd ref="13624360214"/>
  <nd ref="13624360215"/>
  <nd ref="13624360216"/>
  <nd ref="13624360213"/>
  <tag k="addr:city" v="Baramati"/>
  <tag k="addr:district" v="PUNE"/>
  <tag k="addr:postcode" v="413102"/>
  <tag k="addr:street" v="Bhigwan Chowk"/>
  <tag k="building" v="yes"/>
 </way>
 <way id="1486213358" visible="true" version="1" changeset="179472654" timestamp="2026-03-07T04:50:13Z" user="akashpuri" uid="23890431">
  <nd ref="13624388603"/>
  <nd ref="13624388604"/>
  <nd ref="13624388605"/>
  <nd ref="13624388606"/>
  <nd ref="13624388607"/>
  <nd ref="13624388608"/>
  <nd ref="13624388609"/>
  <nd ref="13624388610"/>
  <nd ref="13624388611"/>
  <nd ref="13624388612"/>
  <nd ref="13624388613"/>
  <nd ref="13624388614"/>
  <nd ref="13624388615"/>
  <nd ref="13624388616"/>
  <nd ref="13624388603"/>
  <tag k="addr:city" v="Baramati"/>
  <tag k="addr:district" v="PUNE"/>
  <tag k="addr:postcode" v="413102"/>
  <tag k="addr:street" v="Jejuri Moregaon Baramati Road"/>
  <tag k="building" v="yes"/>
 </way>
 <way id="1486214212" visible="true" version="1" changeset="179472683" timestamp="2026-03-07T04:51:34Z" user="akashpuri" uid="23890431">
  <nd ref="13624321695"/>
  <nd ref="13624321696"/>
  <nd ref="13624321697"/>
  <nd ref="13624321698"/>
  <nd ref="13624321699"/>
  <nd ref="13624321700"/>
  <nd ref="13624406601"/>
  <nd ref="13624406602"/>
  <nd ref="13624406603"/>
  <nd ref="13624406604"/>
  <nd ref="13624406605"/>
  <nd ref="13624406606"/>
  <nd ref="13624321695"/>
  <tag k="addr:city" v="Baramati"/>
  <tag k="addr:district" v="PUNE"/>
  <tag k="addr:postcode" v="413102"/>
  <tag k="addr:street" v="Bhigwan Road"/>
  <tag k="building" v="yes"/>
 </way>
 <way id="1486214310" visible="true" version="1" changeset="179472718" timestamp="2026-03-07T04:52:58Z" user="akashpuri" uid="23890431">
  <nd ref="13624349051"/>
  <nd ref="13624349052"/>
  <nd ref="13624349053"/>
  <nd ref="13624349054"/>
  <nd ref="13624349055"/>
  <nd ref="13624349056"/>
  <nd ref="13624349057"/>
  <nd ref="13624349058"/>
  <nd ref="13624349051"/>
  <tag k="addr:city" v="Baramati"/>
  <tag k="addr:district" v="PUNE"/>
  <tag k="addr:postcode" v="413102"/>
  <tag k="addr:street" v="Bhigwan Road"/>
  <tag k="building" v="yes"/>
 </way>
 <way id="1486215672" visible="true" version="1" changeset="179472770" timestamp="2026-03-07T04:55:16Z" user="akashpuri" uid="23890431">
  <nd ref="13624338972"/>
  <nd ref="13624338973"/>
  <nd ref="13624338974"/>
  <nd ref="13624338975"/>
  <nd ref="13624338972"/>
  <tag k="addr:city" v="Baramati"/>
  <tag k="addr:district" v="PUNE"/>
  <tag k="addr:postcode" v="413102"/>
  <tag k="addr:street" v="Bhigwan Road"/>
  <tag k="building" v="yes"/>
 </way>
 <way id="1486217092" visible="true" version="1" changeset="179472789" timestamp="2026-03-07T04:56:21Z" user="akashpuri" uid="23890431">
  <nd ref="13624433765"/>
  <nd ref="13624433766"/>
  <nd ref="13624433767"/>
  <nd ref="13624433768"/>
  <nd ref="13624433769"/>
  <nd ref="13624433770"/>
  <nd ref="13624433765"/>
  <tag k="addr:city" v="Baramati"/>
  <tag k="addr:district" v="PUNE"/>
  <tag k="addr:postcode" v="413102"/>
  <tag k="addr:street" v="Bhigwan Road"/>
  <tag k="building" v="yes"/>
 </way>
 <way id="1486217132" visible="true" version="1" changeset="179472803" timestamp="2026-03-07T04:57:17Z" user="akashpuri" uid="23890431">
  <nd ref="13624353260"/>
  <nd ref="13624353261"/>
  <nd ref="13624353262"/>
  <nd ref="13624353263"/>
  <nd ref="13624353264"/>
  <nd ref="13624353265"/>
  <nd ref="13624353260"/>
  <tag k="building" v="yes"/>
 </way>
 <way id="1486217226" visible="true" version="1" changeset="179472824" timestamp="2026-03-07T04:58:17Z" user="akashpuri" uid="23890431">
  <nd ref="13624360280"/>
  <nd ref="13624360281"/>
  <nd ref="13624360282"/>
  <nd ref="13624360283"/>
  <nd ref="13624360280"/>
  <tag k="building" v="yes"/>
 </way>
 <way id="1486217292" visible="true" version="1" changeset="179472844" timestamp="2026-03-07T04:59:24Z" user="akashpuri" uid="23890431">
  <nd ref="13624427017"/>
  <nd ref="13624427018"/>
  <nd ref="13624427019"/>
  <nd ref="13624427020"/>
  <nd ref="13624427017"/>
  <tag k="addr:city" v="Baramati"/>
  <tag k="addr:district" v="PUNE"/>
  <tag k="addr:postcode" v="413102"/>
  <tag k="addr:street" v="Bhigwan Road"/>
  <tag k="building" v="yes"/>
 </way>
 <way id="1486219724" visible="true" version="1" changeset="179473016" timestamp="2026-03-07T05:10:14Z" user="akashpuri" uid="23890431">
  <nd ref="13624444103"/>
  <nd ref="13624444104"/>
  <nd ref="13624444105"/>
  <nd ref="13624444106"/>
  <nd ref="13624444103"/>
  <tag k="building" v="yes"/>
 </way>
 <way id="1486219781" visible="true" version="1" changeset="179473033" timestamp="2026-03-07T05:11:08Z" user="akashpuri" uid="23890431">
  <nd ref="13624420865"/>
  <nd ref="13624420866"/>
  <nd ref="13624420867"/>
  <nd ref="13624420868"/>
  <nd ref="13624420865"/>
  <tag k="addr:city" v="Baramati"/>
  <tag k="addr:district" v="PUNE"/>
  <tag k="addr:postcode" v="413102"/>
  <tag k="addr:street" v="Bhigwan Road"/>
  <tag k="building" v="yes"/>
 </way>
 <way id="1486219803" visible="true" version="1" changeset="179473050" timestamp="2026-03-07T05:11:56Z" user="akashpuri" uid="23890431">
  <nd ref="13624389168"/>
  <nd ref="13624389169"/>
  <nd ref="13624389170"/>
  <nd ref="13624389171"/>
  <nd ref="13624389172"/>
  <nd ref="13624389173"/>
  <nd ref="13624389174"/>
  <nd ref="13624389175"/>
  <nd ref="13624389168"/>
  <tag k="building" v="yes"/>
 </way>
 <way id="1486219851" visible="true" version="1" changeset="179473071" timestamp="2026-03-07T05:12:50Z" user="akashpuri" uid="23890431">
  <nd ref="13624437353"/>
  <nd ref="13624437354"/>
  <nd ref="13624437355"/>
  <nd ref="13624437356"/>
  <nd ref="13624437353"/>
  <tag k="addr:city" v="Baramati"/>
  <tag k="addr:district" v="PUNE"/>
  <tag k="addr:postcode" v="413102"/>
  <tag k="addr:street" v="Bhigwan Road"/>
  <tag k="building" v="yes"/>
 </way>
 <way id="1486219942" visible="true" version="1" changeset="179473089" timestamp="2026-03-07T05:13:40Z" user="akashpuri" uid="23890431">
  <nd ref="13624363468"/>
  <nd ref="13624363469"/>
  <nd ref="13624363470"/>
  <nd ref="13624363471"/>
  <nd ref="13624363468"/>
  <tag k="addr:city" v="Baramati"/>
  <tag k="addr:district" v="PUNE"/>
  <tag k="addr:postcode" v="413102"/>
  <tag k="addr:street" v="Bhigwan Road"/>
  <tag k="building" v="yes"/>
 </way>
 <way id="1486219955" visible="true" version="1" changeset="179473114" timestamp="2026-03-07T05:14:35Z" user="akashpuri" uid="23890431">
  <nd ref="13624363472"/>
  <nd ref="13624363473"/>
  <nd ref="13624363474"/>
  <nd ref="13624363475"/>
  <nd ref="13624363476"/>
  <nd ref="13624363477"/>
  <nd ref="13624363478"/>
  <nd ref="13624363479"/>
  <nd ref="13624363472"/>
  <tag k="addr:city" v="Baramati"/>
  <tag k="addr:district" v="PUNE"/>
  <tag k="addr:postcode" v="413102"/>
  <tag k="addr:street" v="Bhigwan Road"/>
  <tag k="building" v="yes"/>
 </way>
 <way id="1486220012" visible="true" version="1" changeset="179473131" timestamp="2026-03-07T05:15:24Z" user="akashpuri" uid="23890431">
  <nd ref="13624363480"/>
  <nd ref="13624363481"/>
  <nd ref="13624363482"/>
  <nd ref="13624363483"/>
  <nd ref="13624363480"/>
  <tag k="addr:city" v="Baramati"/>
  <tag k="addr:district" v="PUNE"/>
  <tag k="addr:postcode" v="413102"/>
  <tag k="addr:street" v="Bhigwan Road"/>
  <tag k="building" v="yes"/>
 </way>
 <way id="1486220168" visible="true" version="1" changeset="179473150" timestamp="2026-03-07T05:16:16Z" user="akashpuri" uid="23890431">
  <nd ref="13624379775"/>
  <nd ref="13624379776"/>
  <nd ref="13624379777"/>
  <nd ref="13624379778"/>
  <nd ref="13624379775"/>
  <tag k="addr:city" v="Baramati"/>
  <tag k="addr:district" v="PUNE"/>
  <tag k="addr:postcode" v="413102"/>
  <tag k="addr:street" v="Bhigwan Road"/>
  <tag k="building" v="yes"/>
 </way>
 <way id="1486220987" visible="true" version="1" changeset="179473184" timestamp="2026-03-07T05:17:22Z" user="akashpuri" uid="23890431">
  <nd ref="13624351560"/>
  <nd ref="13624351561"/>
  <nd ref="13624351562"/>
  <nd ref="13624351563"/>
  <nd ref="13624351564"/>
  <nd ref="13624351565"/>
  <nd ref="13624351560"/>
  <tag k="addr:city" v="Baramati"/>
  <tag k="addr:district" v="PUNE"/>
  <tag k="addr:postcode" v="413102"/>
  <tag k="addr:street" v="Bhigwan Road"/>
  <tag k="building" v="yes"/>
 </way>
 <way id="1486221072" visible="true" version="1" changeset="179473203" timestamp="2026-03-07T05:18:29Z" user="akashpuri" uid="23890431">
  <nd ref="13624446110"/>
  <nd ref="13624446111"/>
  <nd ref="13624446112"/>
  <nd ref="13624446113"/>
  <nd ref="13624446114"/>
  <nd ref="13624446115"/>
  <nd ref="13624446110"/>
  <tag k="addr:city" v="Baramati"/>
  <tag k="addr:district" v="PUNE"/>
  <tag k="addr:postcode" v="413102"/>
  <tag k="addr:street" v="Bhigwan Road"/>
  <tag k="building" v="yes"/>
 </way>
 <way id="1486221582" visible="true" version="1" changeset="179473257" timestamp="2026-03-07T05:20:40Z" user="akashpuri" uid="23890431">
  <nd ref="13624458710"/>
  <nd ref="13624458711"/>
  <nd ref="13624458712"/>
  <nd ref="13624458713"/>
  <nd ref="13624458714"/>
  <nd ref="13624458715"/>
  <nd ref="13624458716"/>
  <nd ref="13624458717"/>
  <nd ref="13624458718"/>
  <nd ref="13624458719"/>
  <nd ref="13624458720"/>
  <nd ref="13624458721"/>
  <nd ref="13624458710"/>
  <tag k="addr:city" v="Baramati"/>
  <tag k="addr:district" v="PUNE"/>
  <tag k="addr:postcode" v="413102"/>
  <tag k="building" v="yes"/>
  <tag k="name" v="Baramati Bus Stand"/>
 </way>
 <way id="1486222081" visible="true" version="1" changeset="179473303" timestamp="2026-03-07T05:22:55Z" user="akashpuri" uid="23890431">
  <nd ref="13624463213"/>
  <nd ref="13624463214"/>
  <nd ref="13624463215"/>
  <nd ref="13624463216"/>
  <nd ref="13624463217"/>
  <nd ref="13624463218"/>
  <nd ref="13624463219"/>
  <nd ref="13624463220"/>
  <nd ref="13624463221"/>
  <nd ref="13624463213"/>
  <tag k="addr:city" v="Baramati"/>
  <tag k="addr:district" v="PUNE"/>
  <tag k="addr:postcode" v="413102"/>
  <tag k="addr:street" v="Bus Stand"/>
  <tag k="building" v="yes"/>
  <tag k="name" v="Baramati Bus Stand"/>
 </way>
 <way id="1486222123" visible="true" version="1" changeset="179473326" timestamp="2026-03-07T05:24:16Z" user="akashpuri" uid="23890431">
  <nd ref="13624463666"/>
  <nd ref="13624463667"/>
  <nd ref="13624463668"/>
  <nd ref="13624463669"/>
  <nd ref="13624463670"/>
  <nd ref="13624463671"/>
  <nd ref="13624463672"/>
  <nd ref="13624463673"/>
  <nd ref="13624463674"/>
  <nd ref="13624463675"/>
  <nd ref="13624463676"/>
  <nd ref="13624463677"/>
  <nd ref="13624463678"/>
  <nd ref="13624463679"/>
  <nd ref="13624463680"/>
  <nd ref="13624463681"/>
  <nd ref="13624463682"/>
  <nd ref="13624463683"/>
  <nd ref="13624463684"/>
  <nd ref="13624463685"/>
  <nd ref="13624463666"/>
  <tag k="addr:city" v="Baramati"/>
  <tag k="addr:district" v="PUNE"/>
  <tag k="addr:postcode" v="413102"/>
  <tag k="building" v="yes"/>
 </way>
 <way id="1486222461" visible="true" version="1" changeset="179473351" timestamp="2026-03-07T05:25:29Z" user="akashpuri" uid="23890431">
  <nd ref="13624423100"/>
  <nd ref="13624465701"/>
  <nd ref="13624465702"/>
  <nd ref="13624465703"/>
  <nd ref="13624465704"/>
  <nd ref="13624465705"/>
  <nd ref="13624423100"/>
  <tag k="addr:city" v="Baramati"/>
  <tag k="addr:district" v="PUNE"/>
  <tag k="addr:postcode" v="413102"/>
  <tag k="building" v="yes"/>
 </way>
 <way id="1486222487" visible="true" version="1" changeset="179473375" timestamp="2026-03-07T05:26:33Z" user="akashpuri" uid="23890431">
  <nd ref="13624446332"/>
  <nd ref="13624446333"/>
  <nd ref="13624446334"/>
  <nd ref="13624446335"/>
  <nd ref="13624446336"/>
  <nd ref="13624446337"/>
  <nd ref="13624446338"/>
  <nd ref="13624446339"/>
  <nd ref="13624446332"/>
  <tag k="addr:city" v="Baramati"/>
  <tag k="addr:district" v="PUNE"/>
  <tag k="addr:postcode" v="413102"/>
  <tag k="addr:street" v="Doctor Ambedakar Putalal Road"/>
  <tag k="building" v="yes"/>
 </way>
 <way id="1486222603" visible="true" version="1" changeset="179473400" timestamp="2026-03-07T05:27:42Z" user="akashpuri" uid="23890431">
  <nd ref="13624446340"/>
  <nd ref="13624446341"/>
  <nd ref="13624446342"/>
  <nd ref="13624446343"/>
  <nd ref="13624446344"/>
  <nd ref="13624446345"/>
  <nd ref="13624446340"/>
  <tag k="addr:city" v="Baramati"/>
  <tag k="addr:district" v="Pune"/>
  <tag k="addr:postcode" v="413102"/>
  <tag k="addr:street" v="Doctor Ambedakar Putalal Road"/>
  <tag k="building" v="yes"/>
 </way>
 <way id="1486222790" visible="true" version="1" changeset="179473441" timestamp="2026-03-07T05:29:11Z" user="akashpuri" uid="23890431">
  <nd ref="13624468403"/>
  <nd ref="13624468404"/>
  <nd ref="13624468405"/>
  <nd ref="13624468406"/>
  <nd ref="13624468407"/>
  <nd ref="13624468408"/>
  <nd ref="13624468403"/>
  <tag k="addr:city" v="Baramati"/>
  <tag k="addr:district" v="PUNE"/>
  <tag k="addr:postcode" v="413102"/>
  <tag k="addr:street" v="Doctor Ambedakar Putalal Road"/>
  <tag k="building" v="yes"/>
 </way>
 <way id="1486227429" visible="true" version="1" changeset="179473970" timestamp="2026-03-07T05:48:29Z" user="akashpuri" uid="23890431">
  <nd ref="13624447047"/>
  <nd ref="13624447048"/>
  <nd ref="13624447049"/>
  <nd ref="13624447050"/>
  <nd ref="13624447051"/>
  <nd ref="13624447047"/>
  <tag k="addr:city" v="Baramati"/>
  <tag k="addr:district" v="PUNE"/>
  <tag k="addr:postcode" v="413102"/>
  <tag k="addr:street" v="Doctor Ambedakar Putalal Road"/>
  <tag k="building" v="yes"/>
 </way>
 <way id="1486228303" visible="true" version="1" changeset="179474089" timestamp="2026-03-07T05:53:08Z" user="akashpuri" uid="23890431">
  <nd ref="13624503804"/>
  <nd ref="13624503805"/>
  <nd ref="13624503806"/>
  <nd ref="13624466488"/>
  <nd ref="13624466489"/>
  <nd ref="13624466490"/>
  <nd ref="13624466491"/>
  <nd ref="13624466492"/>
  <nd ref="13624466493"/>
  <nd ref="13624503801"/>
  <nd ref="13624503802"/>
  <nd ref="13624503803"/>
  <nd ref="13624466494"/>
  <nd ref="13624466495"/>
  <nd ref="13624466496"/>
  <nd ref="13624466497"/>
  <nd ref="13624466498"/>
  <nd ref="13624466499"/>
  <nd ref="13624466500"/>
  <nd ref="13624503804"/>
  <tag k="addr:city" v="Baramati"/>
  <tag k="addr:district" v="Pune"/>
  <tag k="addr:postcode" v="413102"/>
  <tag k="addr:street" v="Bhigwan Road"/>
  <tag k="building" v="yes"/>
 </way>
 <way id="1486229216" visible="true" version="1" changeset="179474143" timestamp="2026-03-07T05:54:37Z" user="akashpuri" uid="23890431">
  <nd ref="13624484743"/>
  <nd ref="13624484744"/>
  <nd ref="13624484745"/>
  <nd ref="13624484746"/>
  <nd ref="13624484747"/>
  <nd ref="13624484748"/>
  <nd ref="13624484749"/>
  <nd ref="13624484750"/>
  <nd ref="13624484743"/>
  <tag k="addr:city" v="Baramati"/>
  <tag k="addr:district" v="Pune"/>
  <tag k="addr:postcode" v="413102"/>
  <tag k="addr:street" v="Bhigwan Road"/>
  <tag k="building" v="yes"/>
 </way>
 <way id="1486230079" visible="true" version="1" changeset="179474213" timestamp="2026-03-07T05:56:49Z" user="akashpuri" uid="23890431">
  <nd ref="13624496252"/>
  <nd ref="13624496253"/>
  <nd ref="13624496254"/>
  <nd ref="13624496255"/>
  <nd ref="13624496256"/>
  <nd ref="13624496257"/>
  <nd ref="13624496258"/>
  <nd ref="13624496259"/>
  <nd ref="13624496260"/>
  <nd ref="13624496261"/>
  <nd ref="13624496262"/>
  <nd ref="13624496263"/>
  <nd ref="13624496264"/>
  <nd ref="13624496265"/>
  <nd ref="13624496266"/>
  <nd ref="13624496267"/>
  <nd ref="13624496268"/>
  <nd ref="13624496269"/>
  <nd ref="13624496270"/>
  <nd ref="13624496271"/>
  <nd ref="13624496272"/>
  <nd ref="13624496273"/>
  <nd ref="13624496274"/>
  <nd ref="13624496275"/>
  <nd ref="13624496276"/>
  <nd ref="13624496252"/>
  <tag k="addr:city" v="Baramati"/>
  <tag k="addr:district" v="Pune"/>
  <tag k="addr:postcode" v="413102"/>
  <tag k="addr:street" v="Baramati Bhigwan Road"/>
  <tag k="building" v="yes"/>
 </way>
 <way id="1486267621" visible="true" version="1" changeset="179485489" timestamp="2026-03-07T10:48:25Z" user="akashpuri" uid="23890431">
  <nd ref="13624820771"/>
  <nd ref="13624820772"/>
  <nd ref="13624820773"/>
  <nd ref="13624820774"/>
  <nd ref="13624820771"/>
  <tag k="addr:city" v="Baramati"/>
  <tag k="addr:district" v="Pune"/>
  <tag k="addr:postcode" v="413102"/>
  <tag k="addr:street" v="SH221"/>
  <tag k="building" v="yes"/>
 </way>
 <way id="1486267839" visible="true" version="1" changeset="179485532" timestamp="2026-03-07T10:49:20Z" user="akashpuri" uid="23890431">
  <nd ref="13624799449"/>
  <nd ref="13624799450"/>
  <nd ref="13624799451"/>
  <nd ref="13624799452"/>
  <nd ref="13624799449"/>
  <tag k="addr:city" v="Baramati"/>
  <tag k="addr:district" v="Pune"/>
  <tag k="building" v="yes"/>
 </way>
 <way id="1486268239" visible="true" version="1" changeset="179485593" timestamp="2026-03-07T10:50:10Z" user="akashpuri" uid="23890431">
  <nd ref="13624825301"/>
  <nd ref="13624825302"/>
  <nd ref="13624825303"/>
  <nd ref="13624825304"/>
  <nd ref="13624825301"/>
  <tag k="addr:city" v="Baramati"/>
  <tag k="addr:district" v="Pune"/>
  <tag k="addr:street" v="SH221"/>
  <tag k="building" v="yes"/>
 </way>
 <way id="1486270037" visible="true" version="1" changeset="179486038" timestamp="2026-03-07T11:02:37Z" user="akashpuri" uid="23890431">
  <nd ref="13624818756"/>
  <nd ref="13624818757"/>
  <nd ref="13624818758"/>
  <nd ref="13624818759"/>
  <nd ref="13624818756"/>
  <tag k="addr:city" v="Baramati"/>
  <tag k="addr:district" v="Pune"/>
  <tag k="addr:street" v="New Kacheri Road"/>
  <tag k="building" v="yes"/>
 </way>
 <relation id="4041005" visible="true" version="17" changeset="156539857" timestamp="2024-09-12T17:43:17Z" user="ika-chan!" uid="4763179">
  <member type="way" ref="428490041" role=""/>
  <member type="way" ref="303454010" role=""/>
  <member type="way" ref="303737791" role=""/>
  <member type="way" ref="312446363" role=""/>
  <member type="way" ref="312446362" role=""/>
  <member type="way" ref="298416021" role=""/>
  <member type="way" ref="1281361993" role=""/>
  <member type="way" ref="1281361992" role=""/>
  <member type="way" ref="303453985" role=""/>
  <member type="way" ref="298416029" role=""/>
  <member type="way" ref="298416013" role=""/>
  <member type="way" ref="298416065" role=""/>
  <member type="way" ref="315955734" role=""/>
  <member type="way" ref="315955735" role=""/>
  <member type="way" ref="22840594" role=""/>
  <member type="way" ref="298400289" role=""/>
  <member type="way" ref="428490042" role=""/>
  <member type="way" ref="587142298" role=""/>
  <member type="way" ref="587142296" role=""/>
  <member type="way" ref="128913676" role=""/>
  <member type="way" ref="128913671" role=""/>
  <member type="way" ref="303454016" role=""/>
  <member type="way" ref="1225384777" role=""/>
  <member type="way" ref="303454015" role=""/>
  <member type="way" ref="303454013" role=""/>
  <member type="way" ref="8460205" role=""/>
  <member type="way" ref="663863142" role=""/>
  <member type="way" ref="663863144" role=""/>
  <member type="way" ref="558895141" role=""/>
  <member type="way" ref="558895137" role=""/>
  <member type="way" ref="227783174" role=""/>
  <member type="way" ref="1315137375" role=""/>
  <member type="way" ref="1315137374" role=""/>
  <member type="way" ref="289504745" role=""/>
  <member type="way" ref="289504715" role=""/>
  <member type="way" ref="231735421" role=""/>
  <member type="way" ref="231735422" role=""/>
  <member type="way" ref="1246448717" role=""/>
  <member type="way" ref="1246448716" role=""/>
  <member type="way" ref="22840587" role=""/>
  <member type="way" ref="724518099" role=""/>
  <member type="way" ref="724518100" role=""/>
  <member type="way" ref="298416019" role=""/>
  <member type="way" ref="298416042" role=""/>
  <member type="way" ref="298400278" role=""/>
  <member type="way" ref="298416062" role=""/>
  <member type="way" ref="298416015" role=""/>
  <member type="way" ref="222740605" role=""/>
  <member type="way" ref="222740609" role=""/>
  <member type="way" ref="253971597" role=""/>
  <member type="way" ref="222740606" role=""/>
  <member type="way" ref="222740610" role=""/>
  <member type="way" ref="224088816" role=""/>
  <member type="way" ref="298416056" role=""/>
  <member type="way" ref="298416017" role=""/>
  <member type="way" ref="298416048" role=""/>
  <member type="way" ref="1010339475" role=""/>
  <member type="way" ref="1010339473" role=""/>
  <member type="way" ref="1010339474" role=""/>
  <member type="way" ref="1159171314" role=""/>
  <tag k="name" v="SH68"/>
  <tag k="network" v="IN:SH:MH"/>
  <tag k="ref" v="SH68"/>
  <tag k="route" v="road"/>
  <tag k="type" v="route"/>
 </relation>
 <relation id="4134632" visible="true" version="17" changeset="178006412" timestamp="2026-02-02T13:14:03Z" user="Ganesh Deokar" uid="20959180">
  <member type="way" ref="304941810" role=""/>
  <member type="way" ref="147252874" role=""/>
  <member type="way" ref="304941809" role=""/>
  <member type="way" ref="309522979" role=""/>
  <member type="way" ref="234955105" role=""/>
  <member type="way" ref="304941815" role=""/>
  <member type="way" ref="304941822" role=""/>
  <member type="way" ref="234955730" role=""/>
  <member type="way" ref="234955104" role=""/>
  <member type="way" ref="234955103" role=""/>
  <member type="way" ref="558245531" role=""/>
  <member type="way" ref="234955106" role=""/>
  <member type="way" ref="558245533" role=""/>
  <member type="way" ref="309521341" role=""/>
  <member type="way" ref="309521342" role=""/>
  <member type="way" ref="309521343" role=""/>
  <member type="way" ref="222758395" role=""/>
  <member type="way" ref="309521344" role=""/>
  <member type="way" ref="222758396" role=""/>
  <member type="way" ref="309522983" role=""/>
  <member type="way" ref="309522985" role=""/>
  <member type="way" ref="309522980" role=""/>
  <member type="way" ref="309522984" role=""/>
  <member type="way" ref="222758394" role=""/>
  <member type="way" ref="222758406" role=""/>
  <member type="way" ref="158525179" role=""/>
  <member type="way" ref="222492825" role=""/>
  <member type="way" ref="303454019" role=""/>
  <member type="way" ref="222492828" role=""/>
  <member type="way" ref="310421687" role=""/>
  <member type="way" ref="658253007" role=""/>
  <member type="way" ref="1473610876" role=""/>
  <member type="way" ref="1357167378" role=""/>
  <member type="way" ref="1357158739" role=""/>
  <member type="way" ref="1357170136" role=""/>
  <member type="way" ref="1359281975" role=""/>
  <member type="way" ref="1357205917" role=""/>
  <member type="way" ref="305188799" role=""/>
  <member type="way" ref="1357170137" role=""/>
  <tag k="network" v="IN:SH:MH"/>
  <tag k="ref" v="SH66"/>
  <tag k="route" v="road"/>
  <tag k="type" v="route"/>
 </relation>
 <relation id="9197881" visible="true" version="9" changeset="159375956" timestamp="2024-11-20T17:13:45Z" user="Amit Khopade" uid="20973597">
  <member type="way" ref="147252868" role=""/>
  <member type="way" ref="925346056" role=""/>
  <member type="way" ref="925346055" role=""/>
  <member type="way" ref="981137543" role=""/>
  <member type="way" ref="1227370676" role=""/>
  <member type="way" ref="1227370677" role=""/>
  <member type="way" ref="981137542" role=""/>
  <member type="way" ref="981137541" role=""/>
  <member type="way" ref="669760537" role=""/>
  <member type="way" ref="981137540" role=""/>
  <member type="way" ref="1336065478" role=""/>
  <member type="way" ref="669760541" role=""/>
  <member type="way" ref="1336065480" role=""/>
  <member type="way" ref="669760435" role=""/>
  <member type="way" ref="669760436" role=""/>
  <member type="way" ref="147252869" role=""/>
  <member type="way" ref="588679658" role=""/>
  <member type="way" ref="588679657" role=""/>
  <member type="way" ref="59393631" role=""/>
  <member type="way" ref="210367116" role=""/>
  <member type="way" ref="210367117" role=""/>
  <member type="way" ref="669646357" role=""/>
  <member type="way" ref="669646358" role=""/>
  <tag k="name" v="Lonand - Daund railway partly under construction"/>
  <tag k="route" v="railway"/>
  <tag k="type" v="route"/>
 </relation>
 <relation id="10351621" visible="true" version="4" changeset="176018096" timestamp="2025-12-16T18:09:53Z" user="Olyon" uid="1443767">
  <member type="node" ref="2315565493" role="admin_centre"/>
  <member type="way" ref="750800000" role="outer"/>
  <member type="way" ref="750887696" role="outer"/>
  <member type="way" ref="750887698" role="outer"/>
  <member type="way" ref="750887701" role="outer"/>
  <tag k="admin_level" v="6"/>
  <tag k="boundary" v="administrative"/>
  <tag k="name" v="Baramati"/>
  <tag k="name:mr" v="बारामती"/>
  <tag k="ref:LGD:subdistrict" v="4199"/>
  <tag k="type" v="boundary"/>
  <tag k="wikidata" v="Q4858311"/>
  <tag k="wikipedia" v="en:Baramati taluka"/>
 </relation>
 <relation id="12354339" visible="true" version="2" changeset="165418900" timestamp="2025-04-25T11:16:40Z" user="ranjitgarad1" uid="22684093">
  <member type="way" ref="304941803" role=""/>
  <member type="way" ref="637603331" role=""/>
  <member type="way" ref="637603327" role=""/>
  <member type="way" ref="243914311" role=""/>
  <member type="way" ref="309553154" role=""/>
  <member type="way" ref="309553161" role=""/>
  <member type="way" ref="309553166" role=""/>
  <member type="way" ref="309553163" role=""/>
  <member type="way" ref="309553164" role=""/>
  <member type="way" ref="1381109524" role=""/>
  <member type="way" ref="1381109523" role=""/>
  <member type="way" ref="309553165" role=""/>
  <member type="way" ref="309553162" role=""/>
  <member type="way" ref="309553155" role=""/>
  <member type="way" ref="304913732" role=""/>
  <member type="way" ref="304913733" role=""/>
  <member type="way" ref="309523114" role=""/>
  <member type="way" ref="593065736" role=""/>
  <member type="way" ref="593065735" role=""/>
  <member type="way" ref="593012914" role=""/>
  <member type="way" ref="593012913" role=""/>
  <member type="way" ref="202550139" role=""/>
  <member type="way" ref="573116944" role=""/>
  <member type="way" ref="573116959" role=""/>
  <member type="way" ref="572918131" role=""/>
  <tag k="type" v="canal"/>
 </relation>
 <relation id="12357741" visible="true" version="3" changeset="112360541" timestamp="2021-10-11T07:23:58Z" user="Omkar2805" uid="10060470">
  <member type="way" ref="910397572" role=""/>
  <member type="way" ref="991871747" role=""/>
  <member type="way" ref="192897402" role=""/>
  <member type="way" ref="991871746" role=""/>
  <member type="way" ref="466114073" role=""/>
  <member type="way" ref="202550132" role=""/>
  <tag k="type" v="waterway"/>
 </relation>
</osm>
